[16044:23288:0618/192422.809:WARNING:chrome_main_delegate.cc(745)] This is Chrome version 128.0.6613.138 (not a warning)
[16044:23288:0618/192422.821:ERROR:os_crypt_win.cc(100)] Failed to decrypt: Key not valid for use in specified state. (0x8009000B)
[16044:23288:0618/192422.863:WARNING:account_consistency_mode_manager.cc(77)] Desktop Identity Consistency cannot be enabled as no OAuth client ID and client secret have been configured.
[16044:22840:0618/192425.370:WARNING:leveldb_database.cc(141)] Unable to open E:\ComfyJam\ComfyJamSummer\Saved\webcache_6613\Default\shared_proto_db\metadata: IO error: E:\ComfyJam\ComfyJamSummer\Saved\webcache_6613\Default\shared_proto_db\metadata/MANIFEST-000001: Unable to create sequential file (ChromeMethodBFE: 7::NewSequentialFile::1)
[16044:22840:0618/192425.377:WARNING:leveldb_database.cc(141)] Unable to open E:\ComfyJam\ComfyJamSummer\Saved\webcache_6613\Default\shared_proto_db\metadata: IO error: E:\ComfyJam\ComfyJamSummer\Saved\webcache_6613\Default\shared_proto_db\metadata/MANIFEST-000001: Unable to create sequential file (ChromeMethodBFE: 7::NewSequentialFile::1)
[16044:22840:0618/192425.378:WARNING:leveldb_database.cc(141)] Unable to open E:\ComfyJam\ComfyJamSummer\Saved\webcache_6613\Default\shared_proto_db\metadata: IO error: E:\ComfyJam\ComfyJamSummer\Saved\webcache_6613\Default\shared_proto_db\metadata/MANIFEST-000001: Unable to create sequential file (ChromeMethodBFE: 7::NewSequentialFile::1)
[16044:22840:0618/192425.379:WARNING:leveldb_database.cc(141)] Unable to open E:\ComfyJam\ComfyJamSummer\Saved\webcache_6613\Default\shared_proto_db\metadata: IO error: E:\ComfyJam\ComfyJamSummer\Saved\webcache_6613\Default\shared_proto_db\metadata/MANIFEST-000001: Unable to create sequential file (ChromeMethodBFE: 7::NewSequentialFile::1)
[16044:22840:0618/192426.079:WARNING:value_store_frontend.cc(47)] Reading ahfgeienlihckogmohjhadlkjgocpleb.alarms from  failed: IO error: .../MANIFEST-000001: Unable to create sequential file (ChromeMethodBFE: 7::NewSequentialFile::1)
[16044:22840:0618/192426.080:WARNING:value_store_frontend.cc(47)] Reading mhjfbmdgcfjbbpaeojofohoefgiehjai.alarms from  failed: IO error: .../MANIFEST-000001: Unable to create sequential file (ChromeMethodBFE: 7::NewSequentialFile::1)
[19380:27164:0618/192426.545:WARNING:frame_impl.cc(430)] virtual CefFrameImpl::SendProcessMessage sent to detached frame 5-9A4C16031AF8733191093E91FE3CC788 will be ignored
[16044:12176:0618/192429.181:ERROR:cast_crl.cc(443)] CRL - Verification failed.
[16044:12176:0618/192429.330:ERROR:cast_crl.cc(443)] CRL - Verification failed.
[16044:23288:0618/194710.968:VERBOSE1:device_event_log_impl.cc(198)] [19:47:10.968] Display: EVENT: screen_win.cc:893 Displays updated, count: 2
[16044:23288:0618/194710.968:VERBOSE1:device_event_log_impl.cc(198)] [19:47:10.968] Display: EVENT: screen_win.cc:895 Display[3042999169] bounds=[0,0 1920x1080], workarea=[0,0 1920x1032], scale=1, rotation=0, panel_rotation=0 external detected
[16044:23288:0618/194710.968:VERBOSE1:device_event_log_impl.cc(198)] [19:47:10.968] Display: EVENT: screen_win.cc:895 Display[3167915799] bounds=[1920,0 1920x1080], workarea=[1920,0 1920x1032], scale=1, rotation=0, panel_rotation=0 external detected
[16044:23288:0618/194855.641:ERROR:device_event_log_impl.cc(196)] [19:48:55.633] USB: usb_service_win.cc:105 SetupDiGetDeviceProperty({{A45C254E-DF1C-4EFD-8020-67D146A850E0}, 6}) failed: Element not found. (0x490)
[16044:23288:0618/195034.121:VERBOSE1:device_event_log_impl.cc(198)] [19:50:34.121] Display: EVENT: screen_win.cc:893 Displays updated, count: 2
[16044:23288:0618/195034.121:VERBOSE1:device_event_log_impl.cc(198)] [19:50:34.121] Display: EVENT: screen_win.cc:895 Display[3042999169] bounds=[0,0 1920x1080], workarea=[0,0 1920x1032], scale=1, rotation=0, panel_rotation=0 external detected
[16044:23288:0618/195034.122:VERBOSE1:device_event_log_impl.cc(198)] [19:50:34.121] Display: EVENT: screen_win.cc:895 Display[3167915799] bounds=[1920,0 1920x1080], workarea=[1920,0 1920x1032], scale=1, rotation=0, panel_rotation=0 external detected
[16044:23288:0618/195139.329:VERBOSE1:device_event_log_impl.cc(198)] [19:51:39.329] Display: EVENT: screen_win.cc:893 Displays updated, count: 2
[16044:23288:0618/195139.329:VERBOSE1:device_event_log_impl.cc(198)] [19:51:39.329] Display: EVENT: screen_win.cc:895 Display[3042999169] bounds=[0,0 1920x1080], workarea=[0,0 1920x1032], scale=1, rotation=0, panel_rotation=0 external detected
[16044:23288:0618/195139.329:VERBOSE1:device_event_log_impl.cc(198)] [19:51:39.329] Display: EVENT: screen_win.cc:895 Display[3167915799] bounds=[1920,0 1920x1080], workarea=[1920,0 1920x1032], scale=1, rotation=0, panel_rotation=0 external detected
[16044:23288:0618/195809.411:VERBOSE1:device_event_log_impl.cc(198)] [19:58:09.412] Display: EVENT: screen_win.cc:893 Displays updated, count: 2
[16044:23288:0618/195809.411:VERBOSE1:device_event_log_impl.cc(198)] [19:58:09.412] Display: EVENT: screen_win.cc:895 Display[3042999169] bounds=[0,0 1920x1080], workarea=[0,0 1920x1032], scale=1, rotation=0, panel_rotation=0 external detected
[16044:23288:0618/195809.411:VERBOSE1:device_event_log_impl.cc(198)] [19:58:09.412] Display: EVENT: screen_win.cc:895 Display[3167915799] bounds=[1920,0 1920x1080], workarea=[1920,0 1920x1032], scale=1, rotation=0, panel_rotation=0 external detected
[16044:23288:0618/200246.082:VERBOSE1:device_event_log_impl.cc(198)] [20:02:46.082] Display: EVENT: screen_win.cc:893 Displays updated, count: 2
[16044:23288:0618/200246.082:VERBOSE1:device_event_log_impl.cc(198)] [20:02:46.082] Display: EVENT: screen_win.cc:895 Display[3042999169] bounds=[0,0 1920x1080], workarea=[0,0 1920x1032], scale=1, rotation=0, panel_rotation=0 external detected
[16044:23288:0618/200246.082:VERBOSE1:device_event_log_impl.cc(198)] [20:02:46.082] Display: EVENT: screen_win.cc:895 Display[3167915799] bounds=[1920,0 1920x1080], workarea=[1920,0 1920x1032], scale=1, rotation=0, panel_rotation=0 external detected
[16044:23288:0618/200311.018:VERBOSE1:device_event_log_impl.cc(198)] [20:03:11.017] Display: EVENT: screen_win.cc:893 Displays updated, count: 2
[16044:23288:0618/200311.018:VERBOSE1:device_event_log_impl.cc(198)] [20:03:11.018] Display: EVENT: screen_win.cc:895 Display[3042999169] bounds=[0,0 1920x1080], workarea=[0,0 1920x1032], scale=1, rotation=0, panel_rotation=0 external detected
[16044:23288:0618/200311.018:VERBOSE1:device_event_log_impl.cc(198)] [20:03:11.018] Display: EVENT: screen_win.cc:895 Display[3167915799] bounds=[1920,0 1920x1080], workarea=[1920,0 1920x1032], scale=1, rotation=0, panel_rotation=0 external detected
[16044:23288:0618/200403.081:VERBOSE1:device_event_log_impl.cc(198)] [20:04:03.081] Display: EVENT: screen_win.cc:893 Displays updated, count: 2
[16044:23288:0618/200403.081:VERBOSE1:device_event_log_impl.cc(198)] [20:04:03.081] Display: EVENT: screen_win.cc:895 Display[3042999169] bounds=[0,0 1920x1080], workarea=[0,0 1920x1032], scale=1, rotation=0, panel_rotation=0 external detected
[16044:23288:0618/200403.081:VERBOSE1:device_event_log_impl.cc(198)] [20:04:03.081] Display: EVENT: screen_win.cc:895 Display[3167915799] bounds=[1920,0 1920x1080], workarea=[1920,0 1920x1032], scale=1, rotation=0, panel_rotation=0 external detected
[16044:23288:0618/200433.919:VERBOSE1:device_event_log_impl.cc(198)] [20:04:33.919] Display: EVENT: screen_win.cc:893 Displays updated, count: 2
[16044:23288:0618/200433.919:VERBOSE1:device_event_log_impl.cc(198)] [20:04:33.919] Display: EVENT: screen_win.cc:895 Display[3042999169] bounds=[0,0 1920x1080], workarea=[0,0 1920x1032], scale=1, rotation=0, panel_rotation=0 external detected
[16044:23288:0618/200433.919:VERBOSE1:device_event_log_impl.cc(198)] [20:04:33.919] Display: EVENT: screen_win.cc:895 Display[3167915799] bounds=[1920,0 1920x1080], workarea=[1920,0 1920x1032], scale=1, rotation=0, panel_rotation=0 external detected
[16044:23288:0618/200536.178:VERBOSE1:device_event_log_impl.cc(198)] [20:05:36.178] Display: EVENT: screen_win.cc:893 Displays updated, count: 2
[16044:23288:0618/200536.179:VERBOSE1:device_event_log_impl.cc(198)] [20:05:36.178] Display: EVENT: screen_win.cc:895 Display[3042999169] bounds=[0,0 1920x1080], workarea=[0,0 1920x1032], scale=1, rotation=0, panel_rotation=0 external detected
[16044:23288:0618/200536.179:VERBOSE1:device_event_log_impl.cc(198)] [20:05:36.179] Display: EVENT: screen_win.cc:895 Display[3167915799] bounds=[1920,0 1920x1080], workarea=[1920,0 1920x1032], scale=1, rotation=0, panel_rotation=0 external detected
[16044:23288:0618/200957.904:VERBOSE1:device_event_log_impl.cc(198)] [20:09:57.905] Display: EVENT: screen_win.cc:893 Displays updated, count: 2
[16044:23288:0618/200957.904:VERBOSE1:device_event_log_impl.cc(198)] [20:09:57.905] Display: EVENT: screen_win.cc:895 Display[3042999169] bounds=[0,0 1920x1080], workarea=[0,0 1920x1032], scale=1, rotation=0, panel_rotation=0 external detected
[16044:23288:0618/200957.905:VERBOSE1:device_event_log_impl.cc(198)] [20:09:57.905] Display: EVENT: screen_win.cc:895 Display[3167915799] bounds=[1920,0 1920x1080], workarea=[1920,0 1920x1032], scale=1, rotation=0, panel_rotation=0 external detected
[16044:23288:0618/201653.710:ERROR:device_event_log_impl.cc(196)] [20:16:53.444] USB: usb_service_win.cc:105 SetupDiGetDeviceProperty({{A45C254E-DF1C-4EFD-8020-67D146A850E0}, 6}) failed: Element not found. (0x490)
[16044:23288:0618/201841.687:VERBOSE1:device_event_log_impl.cc(198)] [20:18:41.688] Display: EVENT: screen_win.cc:893 Displays updated, count: 2
[16044:23288:0618/201841.688:VERBOSE1:device_event_log_impl.cc(198)] [20:18:41.688] Display: EVENT: screen_win.cc:895 Display[3042999169] bounds=[0,0 1920x1080], workarea=[0,0 1920x1032], scale=1, rotation=0, panel_rotation=0 external detected
[16044:23288:0618/201841.688:VERBOSE1:device_event_log_impl.cc(198)] [20:18:41.688] Display: EVENT: screen_win.cc:895 Display[3167915799] bounds=[1920,0 1920x1080], workarea=[1920,0 1920x1032], scale=1, rotation=0, panel_rotation=0 external detected
[16044:23288:0618/202000.787:VERBOSE1:device_event_log_impl.cc(198)] [20:20:00.786] Display: EVENT: screen_win.cc:893 Displays updated, count: 2
[16044:23288:0618/202000.787:VERBOSE1:device_event_log_impl.cc(198)] [20:20:00.786] Display: EVENT: screen_win.cc:895 Display[3042999169] bounds=[0,0 1920x1080], workarea=[0,0 1920x1032], scale=1, rotation=0, panel_rotation=0 external detected
[16044:23288:0618/202000.787:VERBOSE1:device_event_log_impl.cc(198)] [20:20:00.786] Display: EVENT: screen_win.cc:895 Display[3167915799] bounds=[1920,0 1920x1080], workarea=[1920,0 1920x1032], scale=1, rotation=0, panel_rotation=0 external detected
[16044:23288:0618/202236.271:VERBOSE1:device_event_log_impl.cc(198)] [20:22:36.271] Display: EVENT: screen_win.cc:893 Displays updated, count: 2
[16044:23288:0618/202236.271:VERBOSE1:device_event_log_impl.cc(198)] [20:22:36.271] Display: EVENT: screen_win.cc:895 Display[3042999169] bounds=[0,0 1920x1080], workarea=[0,0 1920x1032], scale=1, rotation=0, panel_rotation=0 external detected
[16044:23288:0618/202236.271:VERBOSE1:device_event_log_impl.cc(198)] [20:22:36.271] Display: EVENT: screen_win.cc:895 Display[3167915799] bounds=[1920,0 1920x1080], workarea=[1920,0 1920x1032], scale=1, rotation=0, panel_rotation=0 external detected
[16044:23288:0618/202241.437:VERBOSE1:frame_host_impl.cc(515)] frame 6-0095A28FD5BD6C4033FAEBF1270EE257 (sub) detached (reason=RENDER_FRAME_DELETED, is_connected=1)
[12032:10248:0618/202241.437:VERBOSE1:dispatcher.cc(596)] Num tracked contexts: 1
[12032:10248:0618/202241.437:VERBOSE1:frame_impl.cc(620)] frame 6-0095A28FD5BD6C4033FAEBF1270EE257 disconnected (reason=DETACHED, current_state=CONNECTION_ACKED, FRAME_INVALID)
[12032:10248:0618/202241.438:VERBOSE1:script_context.cc(164)] Destroyed context for extension
  extension id: 
  effective extension id: 
[12032:10248:0618/202241.438:VERBOSE1:script_context.cc(164)] Destroyed context for extension
  extension id: 
  effective extension id: 
[12032:10248:0618/202241.438:VERBOSE1:frame_impl.cc(620)] frame 6-AF7813AD3CADFC474D9204C78D5B181A disconnected (reason=BROWSER_FRAME_DISCONNECT, current_state=CONNECTION_ACKED)
[12032:10248:0618/202241.438:VERBOSE1:frame_impl.cc(633)] frame 6-AF7813AD3CADFC474D9204C78D5B181A connection retry scheduled
[16044:23288:0618/202241.438:VERBOSE1:frame_host_impl.cc(515)] frame 6-AF7813AD3CADFC474D9204C78D5B181A (main) detached (reason=NEW_MAIN_FRAME, is_connected=1)
[16044:23288:0618/202241.447:VERBOSE1:account_reconcilor.cc(264)] AccountReconcilor::Shutdown
[16044:23288:0618/202241.447:VERBOSE1:account_reconcilor.cc(718)] AccountReconcilor::AbortReconcile: try again later
[16044:23288:0618/202241.447:VERBOSE1:account_reconcilor.cc(827)] AccountReconcilor::CalculateIfMultiloginReconcileIsDone: Error was 
[16044:23288:0618/202241.447:VERBOSE1:account_reconcilor.cc(313)] AccountReconcilor::UnregisterWithIdentityManager
[16044:23288:0618/202241.447:VERBOSE1:account_reconcilor.cc(286)] AccountReconcilor::UnregisterWithContentSettings
[16044:23288:0618/202241.447:VERBOSE1:gaia_cookie_manager_service.cc(628)] GaiaCookieManagerService::CancelAll
[16044:23288:0618/202241.447:VERBOSE1:mutable_profile_oauth2_token_service_delegate.cc(752)] MutablePO2TS::Shutdown
[16044:23288:0618/202241.447:VERBOSE1:mutable_profile_oauth2_token_service_delegate.cc(235)] MutablePO2TS::~MutablePO2TS
[16044:23288:0618/202241.447:VERBOSE1:device_event_log_impl.cc(198)] [20:22:41.447] Bluetooth: EVENT: bluetooth_api.cc:109 BluetoothAPI: Shutdown
[16044:23288:0618/202241.448:VERBOSE1:account_reconcilor.cc(193)] AccountReconcilor::~AccountReconcilor
[16044:23288:0618/202241.448:VERBOSE1:device_event_log_impl.cc(198)] [20:22:41.448] Bluetooth: EVENT: bluetooth_api.cc:95 ~BluetoothAPI: 000013A400335A00
[16044:12176:0618/202241.455:VERBOSE1:cast_transport.cc(340)] [192.168.0.245:8009, auth=SSL_VERIFIED] Read error, peer closed the socket.
[16044:12176:0618/202241.455:VERBOSE1:cast_transport.cc(340)] [192.168.0.140:8009, auth=SSL_VERIFIED] Read error, peer closed the socket.
[16044:12176:0618/202241.455:VERBOSE1:cast_socket.cc(627)] [192.168.0.245:8009, auth=SSL_VERIFIED] Close ReadyState = ReadyState::OPEN
[16044:12176:0618/202241.456:VERBOSE1:cast_socket.cc(227)] [192.168.0.245:8009, auth=SSL_VERIFIED] Connect readyState = ReadyState::NONE
[16044:12176:0618/202241.456:VERBOSE1:cast_socket.cc(391)] [192.168.0.245:8009, auth=SSL_VERIFIED] DoTcpConnect
[16044:12176:0618/202241.456:VERBOSE1:cast_socket.cc(627)] [192.168.0.140:8009, auth=SSL_VERIFIED] Close ReadyState = ReadyState::OPEN
[16044:12176:0618/202241.456:VERBOSE1:cast_socket.cc(227)] [192.168.0.140:8009, auth=SSL_VERIFIED] Connect readyState = ReadyState::NONE
[16044:12176:0618/202241.456:VERBOSE1:cast_socket.cc(391)] [192.168.0.140:8009, auth=SSL_VERIFIED] DoTcpConnect
[16044:23288:0618/202241.671:VERBOSE1:component_updater_service.cc(180)] CrxUpdateService stopping
[16044:23288:0618/202241.671:WARNING:pref_notifier_impl.cc(41)] Pref observer for media_router.cast_allow_all_ips found at shutdown.
[16044:23288:0618/202241.695:VERBOSE1:statistics_recorder.cc(607)] Collections of all histograms
Histogram: API.StorageAccess.AllowedRequests2 recorded 184 samples, mean = 0.0 (flags = 0x41)
0  ------------------------------------------------------------------------O (175 = 95.1%)
1  ----O                                                                     (9 = 4.9%) {95.1%}
2  ... 

Histogram: API.StorageAccess.DocumentInheritedStorageAccess recorded 7 samples, mean = 0.0 (flags = 0x41)
0  -------O                                                                  (7 = 100.0%)
1  ... 

Histogram: API.StorageAccess.DocumentLoadedWithStorageAccess recorded 7 samples, mean = 0.0 (flags = 0x41)
0  -------O                                                                  (7 = 100.0%)
1  ... 

Histogram: Accessibility.CaptionSettingsLoadedFromSystemSettings recorded 1 samples, mean = 0.0 (flags = 0x41)
0  -O                                                                        (1 = 100.0%)
1  ... 

Histogram: Accessibility.ImageLabels2 recorded 1 samples, mean = 0.0 (flags = 0x41)
0  -O                                                                        (1 = 100.0%)
1  ... 

Histogram: Accessibility.LiveCaption.FeatureEnabled2 recorded 1 samples, mean = 1.0 (flags = 0x41)
0  O                                                                         (0 = 0.0%)
1  -O                                                                        (1 = 100.0%) {0.0%}
2  O                                                                         (0 = 0.0%) {100.0%}

Histogram: Accessibility.LiveCaption2 recorded 1 samples, mean = 0.0 (flags = 0x41)
0  -O                                                                        (1 = 100.0%)
1  ... 

Histogram: Accessibility.ManuallyEnabled recorded 1 samples, mean = 0.0 (flags = 0x41)
0  -O                                                                        (1 = 100.0%)
1  ... 

Histogram: Accessibility.WinJAWS recorded 1 samples, mean = 0.0 (flags = 0x41)
0  -O                                                                        (1 = 100.0%)
1  ... 

Histogram: Accessibility.WinNVDA recorded 1 samples, mean = 0.0 (flags = 0x41)
0  -O                                                                        (1 = 100.0%)
1  ... 

Histogram: Accessibility.WinSAToGo recorded 1 samples, mean = 0.0 (flags = 0x41)
0  -O                                                                        (1 = 100.0%)
1  ... 

Histogram: Accessibility.WinScreenReader2 recorded 1 samples, mean = 0.0 (flags = 0x41)
0  -O                                                                        (1 = 100.0%)
1  ... 

Histogram: Accessibility.WinStickyKeys recorded 1 samples, mean = 0.0 (flags = 0x41)
0  -O                                                                        (1 = 100.0%)
1  ... 

Histogram: Accessibility.WinSupernova recorded 1 samples, mean = 0.0 (flags = 0x41)
0  -O                                                                        (1 = 100.0%)
1  ... 

Histogram: Accessibility.WinZoomText recorded 1 samples, mean = 0.0 (flags = 0x41)
0  -O                                                                        (1 = 100.0%)
1  ... 

Histogram: AppBanners.InstallableStatusCode recorded 1 samples (flags = 0x41)
8  -O                                                                        (1 = 100.0%)

Histogram: Apps.PreferredApps.EntryCount recorded 1 samples, mean = 0.0 (flags = 0x41)
0  -O                                                                        (1 = 100.0%)
1  ... 

Histogram: Autofill.Address.IsEnabled.PageLoad recorded 1 samples, mean = 1.0 (flags = 0x41)
0  O                                                                         (0 = 0.0%)
1  -O                                                                        (1 = 100.0%) {0.0%}
2  O                                                                         (0 = 0.0%) {100.0%}

Histogram: Autofill.Address.IsEnabled.PageLoad.SignedOut recorded 1 samples, mean = 1.0 (flags = 0x41)
0  O                                                                         (0 = 0.0%)
1  -O                                                                        (1 = 100.0%) {0.0%}
2  O                                                                         (0 = 0.0%) {100.0%}

Histogram: Autofill.Address.IsEnabled.Startup recorded 1 samples, mean = 1.0 (flags = 0x41)
0  O                                                                         (0 = 0.0%)
1  -O                                                                        (1 = 100.0%) {0.0%}
2  O                                                                         (0 = 0.0%) {100.0%}

Histogram: Autofill.CreditCard.IsEnabled.PageLoad recorded 1 samples, mean = 1.0 (flags = 0x41)
0  O                                                                         (0 = 0.0%)
1  -O                                                                        (1 = 100.0%) {0.0%}
2  O                                                                         (0 = 0.0%) {100.0%}

Histogram: Autofill.CreditCard.IsEnabled.PageLoad.SignedOut recorded 1 samples, mean = 1.0 (flags = 0x41)
0  O                                                                         (0 = 0.0%)
1  -O                                                                        (1 = 100.0%) {0.0%}
2  O                                                                         (0 = 0.0%) {100.0%}

Histogram: Autofill.CreditCard.IsEnabled.Startup recorded 1 samples, mean = 1.0 (flags = 0x41)
0  O                                                                         (0 = 0.0%)
1  -O                                                                        (1 = 100.0%) {0.0%}
2  O                                                                         (0 = 0.0%) {100.0%}

Histogram: Autofill.DOMContentLoadedInOutermostMainFrame recorded 3 samples, mean = 0.3 (flags = 0x41)
0  --O                                                                       (2 = 66.7%)
1  -O                                                                        (1 = 33.3%) {66.7%}
2  O                                                                         (0 = 0.0%) {100.0%}

Histogram: Autofill.ExtractFormUnowned.FieldCount recorded 4 samples, mean = 0.0 (flags = 0x41)
0  ----O                                                                     (4 = 100.0%)
1  ... 

Histogram: Autofill.FormForest.GetBrowserFormOfRendererForm.Duration recorded 1 samples, mean = 0.0 (flags = 0x41)
0  -O                                                                        (1 = 100.0%)
1  ... 

Histogram: Autofill.FormForest.UpdateTreeOfRendererForm.Duration recorded 1 samples, mean = 23.0 (flags = 0x41)
0   ... 
21  -O                                                                        (1 = 100.0%) {0.0%}
28  ... 

Histogram: Autofill.FormForest.UpdateTreeOfRendererForm.Visits recorded 1 samples, mean = 2.0 (flags = 0x41)
0  ... 
2  -O                                                                        (1 = 100.0%) {0.0%}
3  ... 

Histogram: Autofill.Funnel.ParsedAsType.Address recorded 6 samples, mean = 0.0 (flags = 0x41)
0  ------O                                                                   (6 = 100.0%)
1  ... 

Histogram: Autofill.Funnel.ParsedAsType.CreditCard recorded 6 samples, mean = 0.0 (flags = 0x41)
0  ------O                                                                   (6 = 100.0%)
1  ... 

Histogram: Autofill.Funnel.ParsedAsType.VirtualCard.StandaloneCvc recorded 6 samples, mean = 0.0 (flags = 0x41)
0  ------O                                                                   (6 = 100.0%)
1  ... 

Histogram: Autofill.IsEnabled.PageLoad recorded 1 samples, mean = 1.0 (flags = 0x41)
0  O                                                                         (0 = 0.0%)
1  -O                                                                        (1 = 100.0%) {0.0%}
2  O                                                                         (0 = 0.0%) {100.0%}

Histogram: Autofill.IsEnabled.PageLoad.SignedOut recorded 1 samples, mean = 1.0 (flags = 0x41)
0  O                                                                         (0 = 0.0%)
1  -O                                                                        (1 = 100.0%) {0.0%}
2  O                                                                         (0 = 0.0%) {100.0%}

Histogram: Autofill.IsEnabled.Startup recorded 1 samples, mean = 1.0 (flags = 0x41)
0  O                                                                         (0 = 0.0%)
1  -O                                                                        (1 = 100.0%) {0.0%}
2  O                                                                         (0 = 0.0%) {100.0%}

Histogram: Autofill.Leipzig.Duplication.NumberOfLocalSupersetProfilesOnStartup recorded 1 samples, mean = 0.0 (flags = 0x41)
0  -O                                                                        (1 = 100.0%)
1  ... 

Histogram: Autofill.NumberOfDriversPerFactory recorded 1 samples, mean = 3.0 (flags = 0x41)
0  ... 
3  -O                                                                        (1 = 100.0%) {0.0%}
4  ... 

Histogram: Autofill.Offer.StoredOfferCount2.CardLinkedOffer recorded 1 samples, mean = 0.0 (flags = 0x41)
0  -O                                                                        (1 = 100.0%)
1  ... 

Histogram: Autofill.Offer.StoredOfferCount2.GPayPromoCodeOffer recorded 1 samples, mean = 0.0 (flags = 0x41)
0  -O                                                                        (1 = 100.0%)
1  ... 

Histogram: Autofill.PaymentMethods.CvcStorageIsEnabled.Startup recorded 1 samples, mean = 0.0 (flags = 0x41)
0  -O                                                                        (1 = 100.0%)
1  ... 

Histogram: Autofill.StoredCreditCardCount recorded 1 samples, mean = 0.0 (flags = 0x41)
0  -O                                                                        (1 = 100.0%)
1  ... 

Histogram: Autofill.StoredCreditCardCount.Local recorded 1 samples, mean = 0.0 (flags = 0x41)
0  -O                                                                        (1 = 100.0%)
1  ... 

Histogram: Autofill.StoredCreditCardCount.Local.WithInvalidCardNumber recorded 1 samples, mean = 0.0 (flags = 0x41)
0  -O                                                                        (1 = 100.0%)
1  ... 

Histogram: Autofill.StoredCreditCardCount.Local.WithNickname recorded 1 samples, mean = 0.0 (flags = 0x41)
0  -O                                                                        (1 = 100.0%)
1  ... 

Histogram: Autofill.StoredCreditCardCount.Server recorded 1 samples, mean = 0.0 (flags = 0x41)
0  -O                                                                        (1 = 100.0%)
1  ... 

Histogram: Autofill.StoredCreditCardCount.Server.Masked recorded 1 samples, mean = 0.0 (flags = 0x41)
0  -O                                                                        (1 = 100.0%)
1  ... 

Histogram: Autofill.StoredCreditCardCount.Server.Masked.WithNickname recorded 1 samples, mean = 0.0 (flags = 0x41)
0  -O                                                                        (1 = 100.0%)
1  ... 

Histogram: Autofill.StoredCreditCardCount.Server.Unmasked recorded 1 samples, mean = 0.0 (flags = 0x41)
0  -O                                                                        (1 = 100.0%)
1  ... 

Histogram: Autofill.StoredCreditCardCount.Server.WithCardArtImage recorded 1 samples, mean = 0.0 (flags = 0x41)
0  -O                                                                        (1 = 100.0%)
1  ... 

Histogram: Autofill.StoredCreditCardCount.Server.WithVirtualCardMetadata recorded 1 samples, mean = 0.0 (flags = 0x41)
0  -O                                                                        (1 = 100.0%)
1  ... 

Histogram: Autofill.StoredIbanCount recorded 1 samples, mean = 0.0 (flags = 0x41)
0  -O                                                                        (1 = 100.0%)
1  ... 

Histogram: Autofill.StoredProfileCount.AccountChrome recorded 1 samples, mean = 0.0 (flags = 0x41)
0  -O                                                                        (1 = 100.0%)
1  ... 

Histogram: Autofill.StoredProfileCount.AccountNonChrome recorded 1 samples, mean = 0.0 (flags = 0x41)
0  -O                                                                        (1 = 100.0%)
1  ... 

Histogram: Autofill.StoredProfileCount.Legacy recorded 1 samples, mean = 0.0 (flags = 0x41)
0  -O                                                                        (1 = 100.0%)
1  ... 

Histogram: Autofill.StoredProfileCount.Total recorded 1 samples, mean = 0.0 (flags = 0x41)
0  -O                                                                        (1 = 100.0%)
1  ... 

Histogram: Autofill.StrikeDatabase.StrikeDatabaseInitFailed recorded 4 samples, mean = 1.5 (flags = 0x41)
0  -O                                                                        (1 = 25.0%)
1  -O                                                                        (1 = 25.0%) {25.0%}
2  -O                                                                        (1 = 25.0%) {50.0%}
3  -O                                                                        (1 = 25.0%) {75.0%}
4  ... 

Histogram: Autofill.SubmissionDetectionSource.FormTracker recorded 2 samples, mean = 3.0 (flags = 0x41)
0  ... 
3  --O                                                                       (2 = 100.0%) {0.0%}
4  ... 

Histogram: Autofill.Timing.ParseFormsAsync recorded 1 samples, mean = 0.0 (flags = 0x41)
0  -O                                                                        (1 = 100.0%)
1  ... 

Histogram: Autofill.Timing.ParseFormsAsync.RunHeuristics recorded 1 samples, mean = 0.0 (flags = 0x41)
0  -O                                                                        (1 = 100.0%)
1  ... 

Histogram: Autofill.Timing.ParseFormsAsync.UpdateCache recorded 1 samples, mean = 0.0 (flags = 0x41)
0  -O                                                                        (1 = 100.0%)
1  ... 

Histogram: Autofill.TimingInterval.ExtractFormData.GetFormDataFromUnownedInputElements.AutofillAgentReset recorded 2 samples, mean = 579909.0 (flags = 0x41)
0       ... 
388319  -O                                                                        (1 = 50.0%) {0.0%}
453284  ... 
720966  -O                                                                        (1 = 50.0%) {50.0%}
841582  ... 

Histogram: Autofill.TimingInterval.ExtractFormData.GetFormDataFromUnownedInputElements.DOMContentLoaded recorded 2 samples, mean = 639172800.0 (flags = 0x41)
0         ... 
332665    -O                                                                        (1 = 50.0%) {0.0%}
388319    ... 
10000000  -O                                                                        (1 = 50.0%) {50.0%}

Histogram: Autofill.TimingInterval.ExtractFormData.UpdateFormCache.AutofillAgentReset recorded 4 samples, mean = 290022.2 (flags = 0x41)
0       ... 
92      -O                                                                        (1 = 25.0%) {0.0%}
107     ... 
146     -O                                                                        (1 = 25.0%) {25.0%}
170     ... 
388319  -O                                                                        (1 = 25.0%) {50.0%}
453284  ... 
720966  -O                                                                        (1 = 25.0%) {75.0%}
841582  ... 

Histogram: Autofill.TimingInterval.ExtractFormData.UpdateFormCache.DOMContentLoaded recorded 4 samples, mean = 93788.8 (flags = 0x41)
0       ... 
4       -O                                                                        (1 = 25.0%) {0.0%}
5       ... 
8       -O                                                                        (1 = 25.0%) {25.0%}
9       ... 
58      -O                                                                        (1 = 25.0%) {50.0%}
68      ... 
332665  -O                                                                        (1 = 25.0%) {75.0%}
388319  ... 

Histogram: Autofill.TimingInterval.UpdateFormCache.UpdateFormCache.AutofillAgentReset recorded 4 samples, mean = 290040.0 (flags = 0x41)
0       ... 
92      -O                                                                        (1 = 25.0%) {0.0%}
107     ... 
198     -O                                                                        (1 = 25.0%) {25.0%}
231     ... 
388319  -O                                                                        (1 = 25.0%) {50.0%}
453284  ... 
720966  -O                                                                        (1 = 25.0%) {75.0%}
841582  ... 

Histogram: Autofill.TimingInterval.UpdateFormCache.UpdateFormCache.DOMContentLoaded recorded 4 samples, mean = 93806.5 (flags = 0x41)
0       ... 
13      -O                                                                        (1 = 25.0%) {0.0%}
15      -O                                                                        (1 = 25.0%) {25.0%}
17      ... 
92      -O                                                                        (1 = 25.0%) {50.0%}
107     ... 
332665  -O                                                                        (1 = 25.0%) {75.0%}
388319  ... 

Histogram: Autofill.TimingPrecise.ExtractFormData recorded 6 samples, mean = 27.2 (flags = 0x41)
0   ... 
3   --O                                                                       (2 = 33.3%) {0.0%}
4   ... 
6   -O                                                                        (1 = 16.7%) {33.3%}
7   ... 
47  ---O                                                                      (3 = 50.0%) {50.0%}
53  ... 

Histogram: Autofill.TimingPrecise.ExtractFormData.GetFormDataFromUnownedInputElements recorded 2 samples, mean = 27.5 (flags = 0x41)
0   ... 
3   -O                                                                        (1 = 50.0%) {0.0%}
4   ... 
47  -O                                                                        (1 = 50.0%) {50.0%}
53  ... 

Histogram: Autofill.TimingPrecise.ExtractFormData.UpdateFormCache recorded 4 samples, mean = 27.0 (flags = 0x41)
0   ... 
3   -O                                                                        (1 = 25.0%) {0.0%}
4   ... 
6   -O                                                                        (1 = 25.0%) {25.0%}
7   ... 
47  --O                                                                       (2 = 50.0%) {50.0%}
53  ... 

Histogram: Autofill.TimingPrecise.InferLabelForElement recorded 6 samples, mean = 0.0 (flags = 0x41)
0  ------O                                                                   (6 = 100.0%)
1  ... 

Histogram: Autofill.TimingPrecise.UpdateFormCache recorded 4 samples, mean = 49.2 (flags = 0x41)
0    ... 
13   -O                                                                        (1 = 25.0%) {0.0%}
15   -O                                                                        (1 = 25.0%) {25.0%}
17   ... 
60   -O                                                                        (1 = 25.0%) {50.0%}
68   ... 
100  -O                                                                        (1 = 25.0%) {75.0%}
114  ... 

Histogram: Autofill.TimingPrecise.UpdateFormCache.UpdateFormCache recorded 4 samples, mean = 49.2 (flags = 0x41)
0    ... 
13   -O                                                                        (1 = 25.0%) {0.0%}
15   -O                                                                        (1 = 25.0%) {25.0%}
17   ... 
60   -O                                                                        (1 = 25.0%) {50.0%}
68   ... 
100  -O                                                                        (1 = 25.0%) {75.0%}
114  ... 

Histogram: Autofill.VirtualCardUsageData.StoredUsageDataCount recorded 1 samples, mean = 0.0 (flags = 0x41)
0  -O                                                                        (1 = 100.0%)
1  ... 

Histogram: Blink.CSSStyleSheetResource.ParseTime recorded 7 samples, mean = 1081.0 (flags = 0x41)
0     ... 
105   --O                                                                       (2 = 28.6%) {0.0%}
146   -O                                                                        (1 = 14.3%) {28.6%}
203   -O                                                                        (1 = 14.3%) {42.9%}
282   ... 
542   -O                                                                        (1 = 14.3%) {57.1%}
752   O                                                                         (0 = 0.0%) {71.4%}
1043  -O                                                                        (1 = 14.3%) {71.4%}
1447  ... 
3865  -O                                                                        (1 = 14.3%) {85.7%}
5362  ... 

Histogram: Blink.CommitDocumentLoaderTime recorded 7 samples, mean = 2.1 (flags = 0x41)
0   --O                                                                       (2 = 28.6%)
1   ---O                                                                      (3 = 42.9%) {28.6%}
2   -O                                                                        (1 = 14.3%) {71.4%}
3   ... 
10  -O                                                                        (1 = 14.3%) {85.7%}
12  ... 

Histogram: Blink.CookiesTime recorded 21 samples, mean = 0.1 (flags = 0x41)
0  --------------------O                                                     (20 = 95.2%)
1  O                                                                         (0 = 0.0%) {95.2%}
2  -O                                                                        (1 = 4.8%) {95.2%}
3  ... 

Histogram: Blink.CullRect.UpdateTime recorded 24 samples, mean = 4.8 (flags = 0x41)
0   --O                                                                       (2 = 8.3%)
1   -------------O                                                            (13 = 54.2%) {8.3%}
2   ... 
4   ---O                                                                      (3 = 12.5%) {62.5%}
6   -O                                                                        (1 = 4.2%) {75.0%}
8   -O                                                                        (1 = 4.2%) {79.2%}
11  -O                                                                        (1 = 4.2%) {83.3%}
15  --O                                                                       (2 = 8.3%) {87.5%}
21  -O                                                                        (1 = 4.2%) {95.8%}
29  ... 

Histogram: Blink.DocumentLoader.CommitNavigationToStartLoadingResponse.Time.OutermostMainFrame.NewNavigation.IsHTTPOrHTTPS recorded 1 samples, mean = 1.0 (flags = 0x41)
0  O                                                                         (0 = 0.0%)
1  -O                                                                        (1 = 100.0%) {0.0%}
2  ... 

Histogram: Blink.DocumentLoader.CreateParserPostCommit.Time.OutermostMainFrame.NewNavigation.IsHTTPOrHTTPS recorded 1 samples, mean = 9.0 (flags = 0x41)
0  ... 
8  -O                                                                        (1 = 100.0%) {0.0%}
10 ... 

Histogram: Blink.Experimental.Cookies.CacheLookupResult2 recorded 21 samples, mean = 0.9 (flags = 0x41)
0  --O                                                                       (2 = 9.5%)
1  -------------------O                                                      (19 = 90.5%) {9.5%}
2  ... 

Histogram: Blink.Experimental.Cookies.FirstCookieRequest recorded 2 samples, mean = 1.0 (flags = 0x41)
0  O                                                                         (0 = 0.0%)
1  --O                                                                       (2 = 100.0%) {0.0%}
2  ... 

Histogram: Blink.Fetch.RequestResourceTime2 recorded 133 samples, mean = 162.8 (flags = 0x41)
0     ... 
21    ---------------------O                                                    (21 = 15.8%) {0.0%}
29    ------------------------------------O                                     (36 = 27.1%) {15.8%}
40    --------------------O                                                     (20 = 15.0%) {42.9%}
55    ---------------O                                                          (15 = 11.3%) {57.9%}
76    ------------O                                                             (12 = 9.0%) {69.2%}
105   -------O                                                                  (7 = 5.3%) {78.2%}
146   --------O                                                                 (8 = 6.0%) {83.5%}
203   ------O                                                                   (6 = 4.5%) {89.5%}
282   ----O                                                                     (4 = 3.0%) {94.0%}
391   --O                                                                       (2 = 1.5%) {97.0%}
542   O                                                                         (0 = 0.0%) {98.5%}
752   -O                                                                        (1 = 0.8%) {98.5%}
1043  ... 
7439  -O                                                                        (1 = 0.8%) {99.2%}
10321 ... 

Histogram: Blink.Fetch.RequestResourceTime2.Preload recorded 39 samples, mean = 92.4 (flags = 0x41)
0    ... 
21   -O                                                                        (1 = 2.6%) {0.0%}
29   -------O                                                                  (7 = 17.9%) {2.6%}
40   -------O                                                                  (7 = 17.9%) {20.5%}
55   -----------O                                                              (11 = 28.2%) {38.5%}
76   --O                                                                       (2 = 5.1%) {66.7%}
105  ---O                                                                      (3 = 7.7%) {71.8%}
146  ------O                                                                   (6 = 15.4%) {79.5%}
203  -O                                                                        (1 = 2.6%) {94.9%}
282  O                                                                         (0 = 0.0%) {97.4%}
391  -O                                                                        (1 = 2.6%) {97.4%}
542  ... 

Histogram: Blink.FetchQueuedPreloadsTime.MainFrame.Initial recorded 1 samples, mean = 2.0 (flags = 0x41)
0  ... 
2  -O                                                                        (1 = 100.0%) {0.0%}
3  ... 

Histogram: Blink.Fonts.DecodeTime recorded 5 samples, mean = 6288.4 (flags = 0x41)
0     ... 
3865  --O                                                                       (2 = 40.0%) {0.0%}
5362  --O                                                                       (2 = 40.0%) {40.0%}
7439  -O                                                                        (1 = 20.0%) {80.0%}
10321 ... 

Histogram: Blink.Fonts.VariableFontsRatio recorded 5 samples, mean = 1.2 (flags = 0x41)
0  O                                                                         (0 = 0.0%)
1  ----O                                                                     (4 = 80.0%) {0.0%}
2  -O                                                                        (1 = 20.0%) {80.0%}
3  ... 

Histogram: Blink.ForcedStyleAndLayout.UpdateTime.PreFCP recorded 2 samples, mean = 13.5 (flags = 0x41)
0   ... 
11  -O                                                                        (1 = 50.0%) {0.0%}
15  -O                                                                        (1 = 50.0%) {50.0%}
21  ... 

Histogram: Blink.HTMLFastPathParser.AbortedParseSize recorded 33 samples, mean = 1.7 (flags = 0x41)
0  -----O                                                                    (5 = 15.2%)
1  O                                                                         (0 = 0.0%) {15.2%}
2  ----------------------------O                                             (28 = 84.8%) {15.2%}
3  ... 

Histogram: Blink.HTMLFastPathParser.AbortedParseTime2 recorded 33 samples, mean = 2.0 (flags = 0x41)
0   ---------O                                                                (9 = 27.3%)
1   -------------O                                                            (13 = 39.4%) {27.3%}
2   ---------O                                                                (9 = 27.3%) {66.7%}
3   ... 
9   -O                                                                        (1 = 3.0%) {93.9%}
10  ... 
25  -O                                                                        (1 = 3.0%) {97.0%}
27  ... 

Histogram: Blink.HTMLFastPathParser.ParseResult recorded 65 samples, mean = 8.1 (flags = 0x41)
0   --------------------------------O                                         (32 = 49.2%)
1   ... 
4   -----O                                                                    (5 = 7.7%) {49.2%}
5   ... 
18  ----------------------------O                                             (28 = 43.1%) {56.9%}
19  ... 

Histogram: Blink.HTMLFastPathParser.SuccessfulParseSize recorded 32 samples, mean = 309.8 (flags = 0x41)
0    ... 
146  ----O                                                                     (4 = 12.5%) {0.0%}
203  ------------O                                                             (12 = 37.5%) {12.5%}
282  --------O                                                                 (8 = 25.0%) {50.0%}
391  --------O                                                                 (8 = 25.0%) {75.0%}
542  ... 

Histogram: Blink.HTMLFastPathParser.SuccessfulParseTime2 recorded 32 samples, mean = 4.1 (flags = 0x41)
0   O                                                                         (0 = 0.0%)
1   -----O                                                                    (5 = 15.6%) {0.0%}
2   ----------O                                                               (10 = 31.2%) {15.6%}
3   ------O                                                                   (6 = 18.8%) {46.9%}
4   ----O                                                                     (4 = 12.5%) {65.6%}
5   --O                                                                       (2 = 6.2%) {78.1%}
6   ---O                                                                      (3 = 9.4%) {84.4%}
7   ... 
19  -O                                                                        (1 = 3.1%) {93.8%}
21  ... 
25  -O                                                                        (1 = 3.1%) {96.9%}
27  ... 

Histogram: Blink.HTMLFastPathParser.TotalParseTime2 recorded 65 samples, mean = 17.5 (flags = 0x41)
0    O                                                                         (0 = 0.0%)
1    -O                                                                        (1 = 1.5%) {0.0%}
2    --------O                                                                 (8 = 12.3%) {1.5%}
3    ---------O                                                                (9 = 13.8%) {13.8%}
4    ---O                                                                      (3 = 4.6%) {27.7%}
5    ----O                                                                     (4 = 6.2%) {32.3%}
6    ----O                                                                     (4 = 6.2%) {38.5%}
7    ... 
9    --O                                                                       (2 = 3.1%) {44.6%}
10   --O                                                                       (2 = 3.1%) {47.7%}
11   -O                                                                        (1 = 1.5%) {50.8%}
12   -O                                                                        (1 = 1.5%) {52.3%}
13   -O                                                                        (1 = 1.5%) {53.8%}
14   ... 
16   -O                                                                        (1 = 1.5%) {55.4%}
17   ------O                                                                   (6 = 9.2%) {56.9%}
18   -O                                                                        (1 = 1.5%) {66.2%}
19   -----O                                                                    (5 = 7.7%) {67.7%}
21   -O                                                                        (1 = 1.5%) {75.4%}
23   -O                                                                        (1 = 1.5%) {76.9%}
25   ... 
29   -O                                                                        (1 = 1.5%) {78.5%}
31   ---O                                                                      (3 = 4.6%) {80.0%}
34   ---O                                                                      (3 = 4.6%) {84.6%}
37   -O                                                                        (1 = 1.5%) {89.2%}
40   O                                                                         (0 = 0.0%) {90.8%}
43   -O                                                                        (1 = 1.5%) {90.8%}
46   --O                                                                       (2 = 3.1%) {92.3%}
50   O                                                                         (0 = 0.0%) {95.4%}
54   -O                                                                        (1 = 1.5%) {95.4%}
58   ... 
101  -O                                                                        (1 = 1.5%) {96.9%}
109  -O                                                                        (1 = 1.5%) {98.5%}
118  ... 

Histogram: Blink.HTMLParsing.ChunkCount4 recorded 1 samples, mean = 1.0 (flags = 0x41)
0  O                                                                         (0 = 0.0%)
1  -O                                                                        (1 = 100.0%) {0.0%}
2  ... 

Histogram: Blink.HTMLParsing.InputCharacterCount4 recorded 1 samples, mean = 158355.0 (flags = 0x41)
0       ... 
141691  -O                                                                        (1 = 100.0%) {0.0%}
196583  ... 

Histogram: Blink.HTMLParsing.ParsingTimeMax4 recorded 1 samples, mean = 3042.0 (flags = 0x41)
0     ... 
3015  -O                                                                        (1 = 100.0%) {0.0%}
3062  ... 

Histogram: Blink.HTMLParsing.ParsingTimeMin4 recorded 1 samples, mean = 3042.0 (flags = 0x41)
0     ... 
2898  -O                                                                        (1 = 100.0%) {0.0%}
3300  ... 

Histogram: Blink.HTMLParsing.ParsingTimeTotal4 recorded 1 samples, mean = 3042.0 (flags = 0x41)
0     ... 
3015  -O                                                                        (1 = 100.0%) {0.0%}
3062  ... 

Histogram: Blink.HTMLParsing.PreloadRequestCount recorded 1 samples, mean = 32.0 (flags = 0x41)
0   ... 
29  -O                                                                        (1 = 100.0%) {0.0%}
33  ... 

Histogram: Blink.HTMLParsing.TimeToDeferredPumpTokenizer4 recorded 1 samples, mean = 67222.0 (flags = 0x41)
0      ... 
65415  -O                                                                        (1 = 100.0%) {0.0%}
74486  ... 

Histogram: Blink.HTMLParsing.TokensParsedAverage4 recorded 1 samples, mean = 126.0 (flags = 0x41)
0    ... 
113  -O                                                                        (1 = 100.0%) {0.0%}
149  ... 

Histogram: Blink.HTMLParsing.TokensParsedMax4 recorded 1 samples, mean = 126.0 (flags = 0x41)
0    ... 
113  -O                                                                        (1 = 100.0%) {0.0%}
149  ... 

Histogram: Blink.HTMLParsing.TokensParsedMin4 recorded 1 samples, mean = 126.0 (flags = 0x41)
0    ... 
114  -O                                                                        (1 = 100.0%) {0.0%}
135  ... 

Histogram: Blink.HTMLParsing.TokensParsedTotal4 recorded 1 samples, mean = 126.0 (flags = 0x41)
0    ... 
105  -O                                                                        (1 = 100.0%) {0.0%}
146  ... 

Histogram: Blink.HTMLParsing.YieldedTimeAverage4 recorded 1 samples, mean = 33746.0 (flags = 0x41)
0      ... 
32680  -O                                                                        (1 = 100.0%) {0.0%}
38147  ... 

Histogram: Blink.HTMLParsing.YieldedTimeMax4 recorded 1 samples, mean = 67233.0 (flags = 0x41)
0      ... 
66679  -O                                                                        (1 = 100.0%) {0.0%}
67709  ... 

Histogram: Blink.HTMLParsing.YieldedTimeMin4 recorded 1 samples, mean = 259.0 (flags = 0x41)
0    ... 
231  -O                                                                        (1 = 100.0%) {0.0%}
270  ... 

Histogram: Blink.History.VisitedLinks.IsLinkStyledAsVisited recorded 41 samples, mean = 0.0 (flags = 0x41)
0  -----------------------------------------O                                (41 = 100.0%)
1  ... 

Histogram: Blink.JavascriptDocumentUpdate.UpdateTime.PreFCP recorded 1 samples, mean = 12.0 (flags = 0x41)
0   ... 
11  -O                                                                        (1 = 100.0%) {0.0%}
15  ... 

Histogram: Blink.Layout.InlineNode.ShapeText.MaxTime.InOutermostMainFrame3 recorded 1 samples, mean = 0.0 (flags = 0x41)
0  -O                                                                        (1 = 100.0%)
1  ... 

Histogram: Blink.Layout.InlineNode.ShapeText.TotalTime.InOutermostMainFrame3 recorded 1 samples, mean = 0.0 (flags = 0x41)
0  -O                                                                        (1 = 100.0%)
1  ... 

Histogram: Blink.Layout.SVGImage.Count.InOutermostMainFrame recorded 1 samples, mean = 0.0 (flags = 0x41)
0  -O                                                                        (1 = 100.0%)
1  ... 

Histogram: Blink.Layout.SVGImage.TotalTime.InOutermostMainFrame recorded 1 samples, mean = 0.0 (flags = 0x41)
0  -O                                                                        (1 = 100.0%)
1  ... 

Histogram: Blink.MainFrame.UpdateTime.PreFCP recorded 24 samples, mean = 3308.2 (flags = 0x41)
0      ... 
29     -O                                                                        (1 = 4.2%) {0.0%}
40     -O                                                                        (1 = 4.2%) {4.2%}
55     O                                                                         (0 = 0.0%) {8.3%}
76     ----O                                                                     (4 = 16.7%) {8.3%}
105    -----O                                                                    (5 = 20.8%) {25.0%}
146    -O                                                                        (1 = 4.2%) {45.8%}
203    --O                                                                       (2 = 8.3%) {50.0%}
282    --O                                                                       (2 = 8.3%) {58.3%}
391    O                                                                         (0 = 0.0%) {66.7%}
542    --O                                                                       (2 = 8.3%) {66.7%}
752    O                                                                         (0 = 0.0%) {75.0%}
1043   -O                                                                        (1 = 4.2%) {75.0%}
1447   ... 
7439   ---O                                                                      (3 = 12.5%) {79.2%}
10321  O                                                                         (0 = 0.0%) {91.7%}
14319  -O                                                                        (1 = 4.2%) {91.7%}
19866  O                                                                         (0 = 0.0%) {95.8%}
27562  -O                                                                        (1 = 4.2%) {95.8%}
38240  ... 

Histogram: Blink.MemoryCache.RevalidationPolicy.AsyncScript recorded 48 samples, mean = 1.6 (flags = 0x41)
0  -----------------------O                                                  (23 = 47.9%)
1  ... 
3  -------------------------O                                                (25 = 52.1%) {47.9%}
4  ... 

Histogram: Blink.MemoryCache.RevalidationPolicy.CSSStyleSheet recorded 7 samples, mean = 0.0 (flags = 0x41)
0  -------O                                                                  (7 = 100.0%)
1  ... 

Histogram: Blink.MemoryCache.RevalidationPolicy.Dead.CSSStyleSheet recorded 1 samples, mean = 0.0 (flags = 0x41)
0  -O                                                                        (1 = 100.0%)
1  ... 

Histogram: Blink.MemoryCache.RevalidationPolicy.Dead.Font recorded 2 samples, mean = 0.0 (flags = 0x41)
0  --O                                                                       (2 = 100.0%)
1  ... 

Histogram: Blink.MemoryCache.RevalidationPolicy.Dead.Script recorded 22 samples, mean = 0.0 (flags = 0x41)
0  ----------------------O                                                   (22 = 100.0%)
1  ... 

Histogram: Blink.MemoryCache.RevalidationPolicy.Font recorded 23 samples, mean = 4.0 (flags = 0x41)
0  -O                                                                        (1 = 4.3%)
1  ... 
4  ------------------O                                                       (18 = 78.3%) {4.3%}
5  ----O                                                                     (4 = 17.4%) {82.6%}
6  O                                                                         (0 = 0.0%) {100.0%}

Histogram: Blink.MemoryCache.RevalidationPolicy.Image recorded 35 samples, mean = 4.0 (flags = 0x41)
0  ... 
3  -O                                                                        (1 = 2.9%) {0.0%}
4  ----------------------------------O                                       (34 = 97.1%) {2.9%}
5  ... 

Histogram: Blink.MemoryCache.RevalidationPolicy.Manifest recorded 1 samples, mean = 3.0 (flags = 0x41)
0  ... 
3  -O                                                                        (1 = 100.0%) {0.0%}
4  ... 

Histogram: Blink.MemoryCache.RevalidationPolicy.Preload.CSSStyleSheet recorded 13 samples, mean = 1.6 (flags = 0x41)
0  ------O                                                                   (6 = 46.2%)
1  ... 
3  -------O                                                                  (7 = 53.8%) {46.2%}
4  ... 

Histogram: Blink.MemoryCache.RevalidationPolicy.Preload.Font recorded 2 samples, mean = 1.5 (flags = 0x41)
0  -O                                                                        (1 = 50.0%)
1  ... 
3  -O                                                                        (1 = 50.0%) {50.0%}
4  ... 

Histogram: Blink.MemoryCache.RevalidationPolicy.Preload.Script recorded 24 samples, mean = 2.8 (flags = 0x41)
0  --O                                                                       (2 = 8.3%)
1  ... 
3  ----------------------O                                                   (22 = 91.7%) {8.3%}
4  ... 

Histogram: Blink.MemoryCache.RevalidationPolicy.Raw recorded 6 samples, mean = 3.0 (flags = 0x41)
0  ... 
3  ------O                                                                   (6 = 100.0%) {0.0%}
4  ... 

Histogram: Blink.MemoryCache.RevalidationPolicy.Script recorded 26 samples, mean = 0.5 (flags = 0x41)
0  ----------------------O                                                   (22 = 84.6%)
1  ... 
3  ----O                                                                     (4 = 15.4%) {84.6%}
4  ... 

Histogram: Blink.PreloadRequestStartDuration recorded 39 samples, mean = 94.7 (flags = 0x41)
0    ... 
21   -O                                                                        (1 = 2.6%) {0.0%}
29   ------O                                                                   (6 = 15.4%) {2.6%}
40   --------O                                                                 (8 = 20.5%) {17.9%}
55   ----------O                                                               (10 = 25.6%) {38.5%}
76   --O                                                                       (2 = 5.1%) {64.1%}
105  ----O                                                                     (4 = 10.3%) {69.2%}
146  -----O                                                                    (5 = 12.8%) {79.5%}
203  --O                                                                       (2 = 5.1%) {92.3%}
282  O                                                                         (0 = 0.0%) {97.4%}
391  -O                                                                        (1 = 2.6%) {97.4%}
542  ... 

Histogram: Blink.PreloadRequestWaitTime recorded 30 samples, mean = 1.7 (flags = 0x41)
0  O                                                                         (0 = 0.0%)
1  -----------O                                                              (11 = 36.7%) {0.0%}
2  ----------------O                                                         (16 = 53.3%) {36.7%}
3  ---O                                                                      (3 = 10.0%) {90.0%}
4  ... 

Histogram: Blink.PrepareToStopParsingTime recorded 40 samples, mean = 0.0 (flags = 0x41)
0  ---------------------------------------O                                  (39 = 97.5%)
1  -O                                                                        (1 = 2.5%) {97.5%}
2  ... 

Histogram: Blink.PumpTokenizerTime recorded 77 samples, mean = 0.2 (flags = 0x41)
0   ------------------------------------------------------------------------O (75 = 97.4%)
1   ... 
3   -O                                                                        (1 = 1.3%) {97.4%}
4   ... 
10  -O                                                                        (1 = 1.3%) {98.7%}
12  ... 

Histogram: Blink.ResourceRequest.BackgroundResourceFetchSupportStatus recorded 50 samples, mean = 0.1 (flags = 0x41)
0  ------------------------------------------------O                         (48 = 96.0%)
1  O                                                                         (0 = 0.0%) {96.0%}
2  --O                                                                       (2 = 4.0%) {96.0%}
3  ... 

Histogram: Blink.ResourceRequest.CompletionDelay2 recorded 50 samples, mean = 8.4 (flags = 0x41)
0    -----------------------O                                                  (23 = 46.0%)
1    ------O                                                                   (6 = 12.0%) {46.0%}
2    ------O                                                                   (6 = 12.0%) {58.0%}
3    O                                                                         (0 = 0.0%) {70.0%}
4    --O                                                                       (2 = 4.0%) {70.0%}
5    ... 
8    -O                                                                        (1 = 2.0%) {74.0%}
10   O                                                                         (0 = 0.0%) {76.0%}
12   -O                                                                        (1 = 2.0%) {76.0%}
14   ... 
20   ----O                                                                     (4 = 8.0%) {78.0%}
24   ------O                                                                   (6 = 12.0%) {86.0%}
29   ... 
114  -O                                                                        (1 = 2.0%) {98.0%}
135  ... 

Histogram: Blink.ResourceRequest.RedirectDelay2 recorded 2 samples, mean = 15.5 (flags = 0x41)
0   ... 
12  -O                                                                        (1 = 50.0%) {0.0%}
14  O                                                                         (0 = 0.0%) {50.0%}
17  -O                                                                        (1 = 50.0%) {50.0%}
20  ... 

Histogram: Blink.ResourceRequest.ResponseDelay2 recorded 46 samples, mean = 6.1 (flags = 0x41)
0   ----------O                                                               (10 = 21.7%)
1   ------------O                                                             (12 = 26.1%) {21.7%}
2   --------O                                                                 (8 = 17.4%) {47.8%}
3   ----O                                                                     (4 = 8.7%) {65.2%}
4   -O                                                                        (1 = 2.2%) {73.9%}
5   O                                                                         (0 = 0.0%) {76.1%}
6   -O                                                                        (1 = 2.2%) {76.1%}
7   O                                                                         (0 = 0.0%) {78.3%}
8   --O                                                                       (2 = 4.3%) {78.3%}
10  ... 
20  -O                                                                        (1 = 2.2%) {82.6%}
24  ------O                                                                   (6 = 13.0%) {84.8%}
29  O                                                                         (0 = 0.0%) {97.8%}
34  -O                                                                        (1 = 2.2%) {97.8%}
40  ... 

Histogram: Blink.ResourceRequest.StartDelay2 recorded 46 samples, mean = 11.1 (flags = 0x41)
0   -O                                                                        (1 = 2.2%)
1   ... 
5   -O                                                                        (1 = 2.2%) {2.2%}
6   O                                                                         (0 = 0.0%) {4.3%}
7   ---------O                                                                (9 = 19.6%) {4.3%}
8   -------------------O                                                      (19 = 41.3%) {23.9%}
10  O                                                                         (0 = 0.0%) {65.2%}
12  ---O                                                                      (3 = 6.5%) {65.2%}
14  -------O                                                                  (7 = 15.2%) {71.7%}
17  --O                                                                       (2 = 4.3%) {87.0%}
20  -O                                                                        (1 = 2.2%) {91.3%}
24  -O                                                                        (1 = 2.2%) {93.5%}
29  --O                                                                       (2 = 4.3%) {95.7%}
34  ... 

Histogram: Blink.ScanAndPreloadTime.MainFrame.Initial recorded 1 samples, mean = 3.0 (flags = 0x41)
0  ... 
3  -O                                                                        (1 = 100.0%) {0.0%}
4  ... 

Histogram: Blink.ScanAndPreloadTime.MainFrame.NonInitial recorded 1 samples, mean = 0.0 (flags = 0x41)
0  -O                                                                        (1 = 100.0%)
1  ... 

Histogram: Blink.ScanAndPreloadTime2.MainFrame.Initial recorded 1 samples, mean = 3578.0 (flags = 0x41)
0     ... 
2786  -O                                                                        (1 = 100.0%) {0.0%}
3865  ... 

Histogram: Blink.ScanAndPreloadTime2.MainFrame.NonInitial recorded 1 samples, mean = 10.0 (flags = 0x41)
0  ... 
8  -O                                                                        (1 = 100.0%) {0.0%}
11 ... 

Histogram: Blink.ScanAndPreloadTime2.Preload.MainFrame.Initial recorded 1 samples, mean = 2305.0 (flags = 0x41)
0     ... 
2008  -O                                                                        (1 = 100.0%) {0.0%}
2786  ... 

Histogram: Blink.ScanAndPreloadTime2.Preload.MainFrame.NonInitial recorded 1 samples, mean = 0.0 (flags = 0x41)
0  -O                                                                        (1 = 100.0%)
1  ... 

Histogram: Blink.ScanAndPreloadTime2.Scan.MainFrame.Initial recorded 1 samples, mean = 1257.0 (flags = 0x41)
0     ... 
1043  -O                                                                        (1 = 100.0%) {0.0%}
1447  ... 

Histogram: Blink.ScanAndPreloadTime2.Scan.MainFrame.NonInitial recorded 1 samples, mean = 0.0 (flags = 0x41)
0  -O                                                                        (1 = 100.0%)
1  ... 

Histogram: Blink.Script.AsyncScript.FromReadyToStartExecution.Time recorded 26 samples, mean = 4.4 (flags = 0x41)
0   ------------O                                                             (12 = 46.2%)
1   -----O                                                                    (5 = 19.2%) {46.2%}
2   ... 
4   -O                                                                        (1 = 3.8%) {65.4%}
5   ... 
10  ------O                                                                   (6 = 23.1%) {69.2%}
13  O                                                                         (0 = 0.0%) {92.3%}
16  -O                                                                        (1 = 3.8%) {92.3%}
20  O                                                                         (0 = 0.0%) {96.2%}
25  -O                                                                        (1 = 3.8%) {96.2%}
32  ... 

Histogram: Blink.Script.SchedulingType recorded 41 samples, mean = 5.3 (flags = 0x41)
0  ... 
3  -O                                                                        (1 = 2.4%) {0.0%}
4  O                                                                         (0 = 0.0%) {2.4%}
5  -------------------------O                                                (25 = 61.0%) {2.4%}
6  ---------------O                                                          (15 = 36.6%) {63.4%}
7  ... 

Histogram: Blink.UseCounter.AnimatedCSSProperties recorded 1 samples, mean = 1.0 (flags = 0x41)
0  O                                                                         (0 = 0.0%)
1  -O                                                                        (1 = 100.0%) {0.0%}
2  ... 

Histogram: Blink.UseCounter.CSSProperties recorded 96 samples, mean = 275.0 (flags = 0x41)
0    O                                                                         (0 = 0.0%)
1    -O                                                                        (1 = 1.0%) {0.0%}
2    -O                                                                        (1 = 1.0%) {1.0%}
3    -O                                                                        (1 = 1.0%) {2.1%}
4    -O                                                                        (1 = 1.0%) {3.1%}
5    -O                                                                        (1 = 1.0%) {4.2%}
6    -O                                                                        (1 = 1.0%) {5.2%}
7    -O                                                                        (1 = 1.0%) {6.2%}
8    -O                                                                        (1 = 1.0%) {7.3%}
9    O                                                                         (0 = 0.0%) {8.3%}
10   -O                                                                        (1 = 1.0%) {8.3%}
11   ... 
14   -O                                                                        (1 = 1.0%) {9.4%}
15   ... 
20   -O                                                                        (1 = 1.0%) {10.4%}
21   -O                                                                        (1 = 1.0%) {11.5%}
22   ... 
24   -O                                                                        (1 = 1.0%) {12.5%}
25   ... 
34   -O                                                                        (1 = 1.0%) {13.5%}
35   ... 
42   -O                                                                        (1 = 1.0%) {14.6%}
43   ... 
53   -O                                                                        (1 = 1.0%) {15.6%}
54   ... 
59   -O                                                                        (1 = 1.0%) {16.7%}
60   ... 
66   -O                                                                        (1 = 1.0%) {17.7%}
67   ... 
69   -O                                                                        (1 = 1.0%) {18.8%}
70   ... 
72   -O                                                                        (1 = 1.0%) {19.8%}
73   O                                                                         (0 = 0.0%) {20.8%}
74   -O                                                                        (1 = 1.0%) {20.8%}
75   ... 
77   -O                                                                        (1 = 1.0%) {21.9%}
78   ... 
81   -O                                                                        (1 = 1.0%) {22.9%}
82   ... 
84   -O                                                                        (1 = 1.0%) {24.0%}
85   ... 
89   -O                                                                        (1 = 1.0%) {25.0%}
90   ... 
95   -O                                                                        (1 = 1.0%) {26.0%}
96   -O                                                                        (1 = 1.0%) {27.1%}
97   -O                                                                        (1 = 1.0%) {28.1%}
98   -O                                                                        (1 = 1.0%) {29.2%}
99   O                                                                         (0 = 0.0%) {30.2%}
100  -O                                                                        (1 = 1.0%) {30.2%}
101  ... 
105  -O                                                                        (1 = 1.0%) {31.2%}
106  -O                                                                        (1 = 1.0%) {32.3%}
107  -O                                                                        (1 = 1.0%) {33.3%}
108  O                                                                         (0 = 0.0%) {34.4%}
109  -O                                                                        (1 = 1.0%) {34.4%}
110  ... 
118  -O                                                                        (1 = 1.0%) {35.4%}
119  -O                                                                        (1 = 1.0%) {36.5%}
120  ... 
124  -O                                                                        (1 = 1.0%) {37.5%}
125  ... 
127  -O                                                                        (1 = 1.0%) {38.5%}
128  -O                                                                        (1 = 1.0%) {39.6%}
129  -O                                                                        (1 = 1.0%) {40.6%}
130  ... 
143  -O                                                                        (1 = 1.0%) {41.7%}
144  ... 
150  -O                                                                        (1 = 1.0%) {42.7%}
151  O                                                                         (0 = 0.0%) {43.8%}
152  -O                                                                        (1 = 1.0%) {43.8%}
153  -O                                                                        (1 = 1.0%) {44.8%}
154  -O                                                                        (1 = 1.0%) {45.8%}
155  O                                                                         (0 = 0.0%) {46.9%}
156  -O                                                                        (1 = 1.0%) {46.9%}
157  -O                                                                        (1 = 1.0%) {47.9%}
158  O                                                                         (0 = 0.0%) {49.0%}
159  -O                                                                        (1 = 1.0%) {49.0%}
160  O                                                                         (0 = 0.0%) {50.0%}
161  -O                                                                        (1 = 1.0%) {50.0%}
162  ... 
164  -O                                                                        (1 = 1.0%) {51.0%}
165  -O                                                                        (1 = 1.0%) {52.1%}
166  ... 
175  -O                                                                        (1 = 1.0%) {53.1%}
176  ... 
231  -O                                                                        (1 = 1.0%) {54.2%}
232  -O                                                                        (1 = 1.0%) {55.2%}
233  O                                                                         (0 = 0.0%) {56.2%}
234  -O                                                                        (1 = 1.0%) {56.2%}
235  -O                                                                        (1 = 1.0%) {57.3%}
236  O                                                                         (0 = 0.0%) {58.3%}
237  -O                                                                        (1 = 1.0%) {58.3%}
238  -O                                                                        (1 = 1.0%) {59.4%}
239  -O                                                                        (1 = 1.0%) {60.4%}
240  -O                                                                        (1 = 1.0%) {61.5%}
241  O                                                                         (0 = 0.0%) {62.5%}
242  -O                                                                        (1 = 1.0%) {62.5%}
243  ... 
303  -O                                                                        (1 = 1.0%) {63.5%}
304  ... 
369  -O                                                                        (1 = 1.0%) {64.6%}
370  -O                                                                        (1 = 1.0%) {65.6%}
371  ... 
415  -O                                                                        (1 = 1.0%) {66.7%}
416  ... 
432  -O                                                                        (1 = 1.0%) {67.7%}
433  -O                                                                        (1 = 1.0%) {68.8%}
434  ... 
437  -O                                                                        (1 = 1.0%) {69.8%}
438  ... 
446  -O                                                                        (1 = 1.0%) {70.8%}
447  ... 
508  -O                                                                        (1 = 1.0%) {71.9%}
509  ... 
514  -O                                                                        (1 = 1.0%) {72.9%}
515  -O                                                                        (1 = 1.0%) {74.0%}
516  -O                                                                        (1 = 1.0%) {75.0%}
517  ... 
537  -O                                                                        (1 = 1.0%) {76.0%}
538  ... 
549  -O                                                                        (1 = 1.0%) {77.1%}
550  ... 
563  -O                                                                        (1 = 1.0%) {78.1%}
564  ... 
591  -O                                                                        (1 = 1.0%) {79.2%}
592  -O                                                                        (1 = 1.0%) {80.2%}
593  O                                                                         (0 = 0.0%) {81.2%}
594  -O                                                                        (1 = 1.0%) {81.2%}
595  -O                                                                        (1 = 1.0%) {82.3%}
596  ... 
598  -O                                                                        (1 = 1.0%) {83.3%}
599  -O                                                                        (1 = 1.0%) {84.4%}
600  ... 
618  -O                                                                        (1 = 1.0%) {85.4%}
619  -O                                                                        (1 = 1.0%) {86.5%}
620  -O                                                                        (1 = 1.0%) {87.5%}
621  -O                                                                        (1 = 1.0%) {88.5%}
622  ... 
636  -O                                                                        (1 = 1.0%) {89.6%}
637  ... 
657  -O                                                                        (1 = 1.0%) {90.6%}
658  -O                                                                        (1 = 1.0%) {91.7%}
659  ... 
662  -O                                                                        (1 = 1.0%) {92.7%}
663  ... 
672  -O                                                                        (1 = 1.0%) {93.8%}
673  -O                                                                        (1 = 1.0%) {94.8%}
674  O                                                                         (0 = 0.0%) {95.8%}
675  -O                                                                        (1 = 1.0%) {95.8%}
676  ... 
696  -O                                                                        (1 = 1.0%) {96.9%}
697  ... 
746  -O                                                                        (1 = 1.0%) {97.9%}
747  ... 
770  -O                                                                        (1 = 1.0%) {99.0%}
771  ... 

Histogram: Blink.UseCounter.Features recorded 174 samples, mean = 2228.2 (flags = 0x41)
0     ... 
13    -O                                                                        (1 = 0.6%) {0.0%}
14    ... 
16    -O                                                                        (1 = 0.6%) {0.6%}
17    ... 
52    -O                                                                        (1 = 0.6%) {1.1%}
53    ... 
69    -O                                                                        (1 = 0.6%) {1.7%}
70    ... 
123   -O                                                                        (1 = 0.6%) {2.3%}
124   -O                                                                        (1 = 0.6%) {2.9%}
125   -O                                                                        (1 = 0.6%) {3.4%}
126   ... 
138   -O                                                                        (1 = 0.6%) {4.0%}
139   ... 
240   -O                                                                        (1 = 0.6%) {4.6%}
241   ... 
250   -O                                                                        (1 = 0.6%) {5.2%}
251   ... 
429   -O                                                                        (1 = 0.6%) {5.7%}
430   -O                                                                        (1 = 0.6%) {6.3%}
431   -O                                                                        (1 = 0.6%) {6.9%}
432   -O                                                                        (1 = 0.6%) {7.5%}
433   ... 
469   -O                                                                        (1 = 0.6%) {8.0%}
470   ... 
494   -O                                                                        (1 = 0.6%) {8.6%}
495   ... 
522   -O                                                                        (1 = 0.6%) {9.2%}
523   -O                                                                        (1 = 0.6%) {9.8%}
524   -O                                                                        (1 = 0.6%) {10.3%}
525   ... 
540   -O                                                                        (1 = 0.6%) {10.9%}
541   ... 
587   -O                                                                        (1 = 0.6%) {11.5%}
588   -O                                                                        (1 = 0.6%) {12.1%}
589   ... 
675   -O                                                                        (1 = 0.6%) {12.6%}
676   ... 
710   -O                                                                        (1 = 0.6%) {13.2%}
711   -O                                                                        (1 = 0.6%) {13.8%}
712   ... 
717   -O                                                                        (1 = 0.6%) {14.4%}
718   ... 
730   -O                                                                        (1 = 0.6%) {14.9%}
731   ... 
744   -O                                                                        (1 = 0.6%) {15.5%}
745   ... 
780   -O                                                                        (1 = 0.6%) {16.1%}
781   -O                                                                        (1 = 0.6%) {16.7%}
782   ... 
786   -O                                                                        (1 = 0.6%) {17.2%}
787   -O                                                                        (1 = 0.6%) {17.8%}
788   ... 
804   -O                                                                        (1 = 0.6%) {18.4%}
805   ... 
900   -O                                                                        (1 = 0.6%) {19.0%}
901   -O                                                                        (1 = 0.6%) {19.5%}
902   ... 
907   -O                                                                        (1 = 0.6%) {20.1%}
908   ... 
954   -O                                                                        (1 = 0.6%) {20.7%}
955   ... 
970   -O                                                                        (1 = 0.6%) {21.3%}
971   O                                                                         (0 = 0.0%) {21.8%}
972   -O                                                                        (1 = 0.6%) {21.8%}
973   -O                                                                        (1 = 0.6%) {22.4%}
974   ... 
976   -O                                                                        (1 = 0.6%) {23.0%}
977   ... 
1023  -O                                                                        (1 = 0.6%) {23.6%}
1024  ... 
1069  -O                                                                        (1 = 0.6%) {24.1%}
1070  -O                                                                        (1 = 0.6%) {24.7%}
1071  ... 
1075  -O                                                                        (1 = 0.6%) {25.3%}
1076  -O                                                                        (1 = 0.6%) {25.9%}
1077  ... 
1124  -O                                                                        (1 = 0.6%) {26.4%}
1125  ... 
1302  -O                                                                        (1 = 0.6%) {27.0%}
1303  ... 
1347  -O                                                                        (1 = 0.6%) {27.6%}
1348  ... 
1351  -O                                                                        (1 = 0.6%) {28.2%}
1352  ... 
1354  -O                                                                        (1 = 0.6%) {28.7%}
1355  ... 
1368  -O                                                                        (1 = 0.6%) {29.3%}
1369  ... 
1417  -O                                                                        (1 = 0.6%) {29.9%}
1418  ... 
1441  -O                                                                        (1 = 0.6%) {30.5%}
1442  ... 
1458  -O                                                                        (1 = 0.6%) {31.0%}
1459  -O                                                                        (1 = 0.6%) {31.6%}
1460  ... 
1462  -O                                                                        (1 = 0.6%) {32.2%}
1463  -O                                                                        (1 = 0.6%) {32.8%}
1464  ... 
1467  -O                                                                        (1 = 0.6%) {33.3%}
1468  ... 
1502  -O                                                                        (1 = 0.6%) {33.9%}
1503  ... 
1692  -O                                                                        (1 = 0.6%) {34.5%}
1693  -O                                                                        (1 = 0.6%) {35.1%}
1694  ... 
1827  -O                                                                        (1 = 0.6%) {35.6%}
1828  ... 
2013  -O                                                                        (1 = 0.6%) {36.2%}
2014  ... 
2077  -O                                                                        (1 = 0.6%) {36.8%}
2078  ... 
2094  -O                                                                        (1 = 0.6%) {37.4%}
2095  O                                                                         (0 = 0.0%) {37.9%}
2096  -O                                                                        (1 = 0.6%) {37.9%}
2097  ... 
2100  -O                                                                        (1 = 0.6%) {38.5%}
2101  ... 
2112  -O                                                                        (1 = 0.6%) {39.1%}
2113  ... 
2121  -O                                                                        (1 = 0.6%) {39.7%}
2122  ... 
2157  -O                                                                        (1 = 0.6%) {40.2%}
2158  ... 
2188  -O                                                                        (1 = 0.6%) {40.8%}
2189  O                                                                         (0 = 0.0%) {41.4%}
2190  -O                                                                        (1 = 0.6%) {41.4%}
2191  -O                                                                        (1 = 0.6%) {42.0%}
2192  ... 
2195  -O                                                                        (1 = 0.6%) {42.5%}
2196  ... 
2203  -O                                                                        (1 = 0.6%) {43.1%}
2204  -O                                                                        (1 = 0.6%) {43.7%}
2205  ... 
2217  -O                                                                        (1 = 0.6%) {44.3%}
2218  ... 
2226  -O                                                                        (1 = 0.6%) {44.8%}
2227  O                                                                         (0 = 0.0%) {45.4%}
2228  -O                                                                        (1 = 0.6%) {45.4%}
2229  -O                                                                        (1 = 0.6%) {46.0%}
2230  ... 
2236  -O                                                                        (1 = 0.6%) {46.6%}
2237  ... 
2298  -O                                                                        (1 = 0.6%) {47.1%}
2299  ... 
2314  -O                                                                        (1 = 0.6%) {47.7%}
2315  ... 
2319  -O                                                                        (1 = 0.6%) {48.3%}
2320  ... 
2322  -O                                                                        (1 = 0.6%) {48.9%}
2323  ... 
2347  -O                                                                        (1 = 0.6%) {49.4%}
2348  ... 
2355  -O                                                                        (1 = 0.6%) {50.0%}
2356  ... 
2361  -O                                                                        (1 = 0.6%) {50.6%}
2362  ... 
2387  -O                                                                        (1 = 0.6%) {51.1%}
2388  -O                                                                        (1 = 0.6%) {51.7%}
2389  ... 
2399  -O                                                                        (1 = 0.6%) {52.3%}
2400  ... 
2413  -O                                                                        (1 = 0.6%) {52.9%}
2414  ... 
2429  -O                                                                        (1 = 0.6%) {53.4%}
2430  O                                                                         (0 = 0.0%) {54.0%}
2431  -O                                                                        (1 = 0.6%) {54.0%}
2432  ... 
2487  -O                                                                        (1 = 0.6%) {54.6%}
2488  ... 
2518  -O                                                                        (1 = 0.6%) {55.2%}
2519  ... 
2598  -O                                                                        (1 = 0.6%) {55.7%}
2599  ... 
2618  -O                                                                        (1 = 0.6%) {56.3%}
2619  ... 
2654  -O                                                                        (1 = 0.6%) {56.9%}
2655  -O                                                                        (1 = 0.6%) {57.5%}
2656  -O                                                                        (1 = 0.6%) {58.0%}
2657  -O                                                                        (1 = 0.6%) {58.6%}
2658  -O                                                                        (1 = 0.6%) {59.2%}
2659  -O                                                                        (1 = 0.6%) {59.8%}
2660  -O                                                                        (1 = 0.6%) {60.3%}
2661  -O                                                                        (1 = 0.6%) {60.9%}
2662  -O                                                                        (1 = 0.6%) {61.5%}
2663  -O                                                                        (1 = 0.6%) {62.1%}
2664  ... 
2699  -O                                                                        (1 = 0.6%) {62.6%}
2700  -O                                                                        (1 = 0.6%) {63.2%}
2701  -O                                                                        (1 = 0.6%) {63.8%}
2702  -O                                                                        (1 = 0.6%) {64.4%}
2703  -O                                                                        (1 = 0.6%) {64.9%}
2704  -O                                                                        (1 = 0.6%) {65.5%}
2705  -O                                                                        (1 = 0.6%) {66.1%}
2706  -O                                                                        (1 = 0.6%) {66.7%}
2707  -O                                                                        (1 = 0.6%) {67.2%}
2708  ... 
2710  -O                                                                        (1 = 0.6%) {67.8%}
2711  -O                                                                        (1 = 0.6%) {68.4%}
2712  ... 
2714  -O                                                                        (1 = 0.6%) {69.0%}
2715  -O                                                                        (1 = 0.6%) {69.5%}
2716  -O                                                                        (1 = 0.6%) {70.1%}
2717  ... 
2723  -O                                                                        (1 = 0.6%) {70.7%}
2724  ... 
2738  -O                                                                        (1 = 0.6%) {71.3%}
2739  ... 
2769  -O                                                                        (1 = 0.6%) {71.8%}
2770  ... 
2841  -O                                                                        (1 = 0.6%) {72.4%}
2842  ... 
2903  -O                                                                        (1 = 0.6%) {73.0%}
2904  -O                                                                        (1 = 0.6%) {73.6%}
2905  ... 
2927  -O                                                                        (1 = 0.6%) {74.1%}
2928  ... 
2935  -O                                                                        (1 = 0.6%) {74.7%}
2936  ... 
3004  -O                                                                        (1 = 0.6%) {75.3%}
3005  ... 
3019  -O                                                                        (1 = 0.6%) {75.9%}
3020  -O                                                                        (1 = 0.6%) {76.4%}
3021  ... 
3028  -O                                                                        (1 = 0.6%) {77.0%}
3029  ... 
3066  -O                                                                        (1 = 0.6%) {77.6%}
3067  ... 
3157  -O                                                                        (1 = 0.6%) {78.2%}
3158  ... 
3198  -O                                                                        (1 = 0.6%) {78.7%}
3199  ... 
3254  -O                                                                        (1 = 0.6%) {79.3%}
3255  ... 
3275  -O                                                                        (1 = 0.6%) {79.9%}
3276  ... 
3279  -O                                                                        (1 = 0.6%) {80.5%}
3280  ... 
3307  -O                                                                        (1 = 0.6%) {81.0%}
3308  -O                                                                        (1 = 0.6%) {81.6%}
3309  ... 
3349  -O                                                                        (1 = 0.6%) {82.2%}
3350  ... 
3359  -O                                                                        (1 = 0.6%) {82.8%}
3360  ... 
3409  -O                                                                        (1 = 0.6%) {83.3%}
3410  ... 
3444  -O                                                                        (1 = 0.6%) {83.9%}
3445  ... 
3580  -O                                                                        (1 = 0.6%) {84.5%}
3581  -O                                                                        (1 = 0.6%) {85.1%}
3582  ... 
3698  -O                                                                        (1 = 0.6%) {85.6%}
3699  ... 
3789  -O                                                                        (1 = 0.6%) {86.2%}
3790  -O                                                                        (1 = 0.6%) {86.8%}
3791  ... 
3803  -O                                                                        (1 = 0.6%) {87.4%}
3804  ... 
3870  -O                                                                        (1 = 0.6%) {87.9%}
3871  ... 
3973  -O                                                                        (1 = 0.6%) {88.5%}
3974  ... 
4007  -O                                                                        (1 = 0.6%) {89.1%}
4008  ... 
4113  -O                                                                        (1 = 0.6%) {89.7%}
4114  ... 
4161  -O                                                                        (1 = 0.6%) {90.2%}
4162  ... 
4177  -O                                                                        (1 = 0.6%) {90.8%}
4178  ... 
4194  -O                                                                        (1 = 0.6%) {91.4%}
4195  O                                                                         (0 = 0.0%) {92.0%}
4196  -O                                                                        (1 = 0.6%) {92.0%}
4197  ... 
4240  -O                                                                        (1 = 0.6%) {92.5%}
4241  O                                                                         (0 = 0.0%) {93.1%}
4242  -O                                                                        (1 = 0.6%) {93.1%}
4243  ... 
4307  -O                                                                        (1 = 0.6%) {93.7%}
4308  ... 
4317  -O                                                                        (1 = 0.6%) {94.3%}
4318  ... 
4372  -O                                                                        (1 = 0.6%) {94.8%}
4373  ... 
4379  -O                                                                        (1 = 0.6%) {95.4%}
4380  ... 
4419  -O                                                                        (1 = 0.6%) {96.0%}
4420  ... 
4561  -O                                                                        (1 = 0.6%) {96.6%}
4562  ... 
4673  -O                                                                        (1 = 0.6%) {97.1%}
4674  ... 
4743  -O                                                                        (1 = 0.6%) {97.7%}
4744  ... 
4877  -O                                                                        (1 = 0.6%) {98.3%}
4878  ... 
4961  -O                                                                        (1 = 0.6%) {98.9%}
4962  ... 
4994  -O                                                                        (1 = 0.6%) {99.4%}
4995  ... 

Histogram: Blink.UseCounter.MainFrame.Features recorded 174 samples, mean = 2228.2 (flags = 0x41)
0     ... 
13    -O                                                                        (1 = 0.6%) {0.0%}
14    ... 
16    -O                                                                        (1 = 0.6%) {0.6%}
17    ... 
52    -O                                                                        (1 = 0.6%) {1.1%}
53    ... 
69    -O                                                                        (1 = 0.6%) {1.7%}
70    ... 
123   -O                                                                        (1 = 0.6%) {2.3%}
124   -O                                                                        (1 = 0.6%) {2.9%}
125   -O                                                                        (1 = 0.6%) {3.4%}
126   ... 
138   -O                                                                        (1 = 0.6%) {4.0%}
139   ... 
240   -O                                                                        (1 = 0.6%) {4.6%}
241   ... 
250   -O                                                                        (1 = 0.6%) {5.2%}
251   ... 
429   -O                                                                        (1 = 0.6%) {5.7%}
430   -O                                                                        (1 = 0.6%) {6.3%}
431   -O                                                                        (1 = 0.6%) {6.9%}
432   -O                                                                        (1 = 0.6%) {7.5%}
433   ... 
469   -O                                                                        (1 = 0.6%) {8.0%}
470   ... 
494   -O                                                                        (1 = 0.6%) {8.6%}
495   ... 
522   -O                                                                        (1 = 0.6%) {9.2%}
523   -O                                                                        (1 = 0.6%) {9.8%}
524   -O                                                                        (1 = 0.6%) {10.3%}
525   ... 
540   -O                                                                        (1 = 0.6%) {10.9%}
541   ... 
587   -O                                                                        (1 = 0.6%) {11.5%}
588   -O                                                                        (1 = 0.6%) {12.1%}
589   ... 
675   -O                                                                        (1 = 0.6%) {12.6%}
676   ... 
710   -O                                                                        (1 = 0.6%) {13.2%}
711   -O                                                                        (1 = 0.6%) {13.8%}
712   ... 
717   -O                                                                        (1 = 0.6%) {14.4%}
718   ... 
730   -O                                                                        (1 = 0.6%) {14.9%}
731   ... 
744   -O                                                                        (1 = 0.6%) {15.5%}
745   ... 
780   -O                                                                        (1 = 0.6%) {16.1%}
781   -O                                                                        (1 = 0.6%) {16.7%}
782   ... 
786   -O                                                                        (1 = 0.6%) {17.2%}
787   -O                                                                        (1 = 0.6%) {17.8%}
788   ... 
804   -O                                                                        (1 = 0.6%) {18.4%}
805   ... 
900   -O                                                                        (1 = 0.6%) {19.0%}
901   -O                                                                        (1 = 0.6%) {19.5%}
902   ... 
907   -O                                                                        (1 = 0.6%) {20.1%}
908   ... 
954   -O                                                                        (1 = 0.6%) {20.7%}
955   ... 
970   -O                                                                        (1 = 0.6%) {21.3%}
971   O                                                                         (0 = 0.0%) {21.8%}
972   -O                                                                        (1 = 0.6%) {21.8%}
973   -O                                                                        (1 = 0.6%) {22.4%}
974   ... 
976   -O                                                                        (1 = 0.6%) {23.0%}
977   ... 
1023  -O                                                                        (1 = 0.6%) {23.6%}
1024  ... 
1069  -O                                                                        (1 = 0.6%) {24.1%}
1070  -O                                                                        (1 = 0.6%) {24.7%}
1071  ... 
1075  -O                                                                        (1 = 0.6%) {25.3%}
1076  -O                                                                        (1 = 0.6%) {25.9%}
1077  ... 
1124  -O                                                                        (1 = 0.6%) {26.4%}
1125  ... 
1302  -O                                                                        (1 = 0.6%) {27.0%}
1303  ... 
1347  -O                                                                        (1 = 0.6%) {27.6%}
1348  ... 
1351  -O                                                                        (1 = 0.6%) {28.2%}
1352  ... 
1354  -O                                                                        (1 = 0.6%) {28.7%}
1355  ... 
1368  -O                                                                        (1 = 0.6%) {29.3%}
1369  ... 
1417  -O                                                                        (1 = 0.6%) {29.9%}
1418  ... 
1441  -O                                                                        (1 = 0.6%) {30.5%}
1442  ... 
1458  -O                                                                        (1 = 0.6%) {31.0%}
1459  -O                                                                        (1 = 0.6%) {31.6%}
1460  ... 
1462  -O                                                                        (1 = 0.6%) {32.2%}
1463  -O                                                                        (1 = 0.6%) {32.8%}
1464  ... 
1467  -O                                                                        (1 = 0.6%) {33.3%}
1468  ... 
1502  -O                                                                        (1 = 0.6%) {33.9%}
1503  ... 
1692  -O                                                                        (1 = 0.6%) {34.5%}
1693  -O                                                                        (1 = 0.6%) {35.1%}
1694  ... 
1827  -O                                                                        (1 = 0.6%) {35.6%}
1828  ... 
2013  -O                                                                        (1 = 0.6%) {36.2%}
2014  ... 
2077  -O                                                                        (1 = 0.6%) {36.8%}
2078  ... 
2094  -O                                                                        (1 = 0.6%) {37.4%}
2095  O                                                                         (0 = 0.0%) {37.9%}
2096  -O                                                                        (1 = 0.6%) {37.9%}
2097  ... 
2100  -O                                                                        (1 = 0.6%) {38.5%}
2101  ... 
2112  -O                                                                        (1 = 0.6%) {39.1%}
2113  ... 
2121  -O                                                                        (1 = 0.6%) {39.7%}
2122  ... 
2157  -O                                                                        (1 = 0.6%) {40.2%}
2158  ... 
2188  -O                                                                        (1 = 0.6%) {40.8%}
2189  O                                                                         (0 = 0.0%) {41.4%}
2190  -O                                                                        (1 = 0.6%) {41.4%}
2191  -O                                                                        (1 = 0.6%) {42.0%}
2192  ... 
2195  -O                                                                        (1 = 0.6%) {42.5%}
2196  ... 
2203  -O                                                                        (1 = 0.6%) {43.1%}
2204  -O                                                                        (1 = 0.6%) {43.7%}
2205  ... 
2217  -O                                                                        (1 = 0.6%) {44.3%}
2218  ... 
2226  -O                                                                        (1 = 0.6%) {44.8%}
2227  O                                                                         (0 = 0.0%) {45.4%}
2228  -O                                                                        (1 = 0.6%) {45.4%}
2229  -O                                                                        (1 = 0.6%) {46.0%}
2230  ... 
2236  -O                                                                        (1 = 0.6%) {46.6%}
2237  ... 
2298  -O                                                                        (1 = 0.6%) {47.1%}
2299  ... 
2314  -O                                                                        (1 = 0.6%) {47.7%}
2315  ... 
2319  -O                                                                        (1 = 0.6%) {48.3%}
2320  ... 
2322  -O                                                                        (1 = 0.6%) {48.9%}
2323  ... 
2347  -O                                                                        (1 = 0.6%) {49.4%}
2348  ... 
2355  -O                                                                        (1 = 0.6%) {50.0%}
2356  ... 
2361  -O                                                                        (1 = 0.6%) {50.6%}
2362  ... 
2387  -O                                                                        (1 = 0.6%) {51.1%}
2388  -O                                                                        (1 = 0.6%) {51.7%}
2389  ... 
2399  -O                                                                        (1 = 0.6%) {52.3%}
2400  ... 
2413  -O                                                                        (1 = 0.6%) {52.9%}
2414  ... 
2429  -O                                                                        (1 = 0.6%) {53.4%}
2430  O                                                                         (0 = 0.0%) {54.0%}
2431  -O                                                                        (1 = 0.6%) {54.0%}
2432  ... 
2487  -O                                                                        (1 = 0.6%) {54.6%}
2488  ... 
2518  -O                                                                        (1 = 0.6%) {55.2%}
2519  ... 
2598  -O                                                                        (1 = 0.6%) {55.7%}
2599  ... 
2618  -O                                                                        (1 = 0.6%) {56.3%}
2619  ... 
2654  -O                                                                        (1 = 0.6%) {56.9%}
2655  -O                                                                        (1 = 0.6%) {57.5%}
2656  -O                                                                        (1 = 0.6%) {58.0%}
2657  -O                                                                        (1 = 0.6%) {58.6%}
2658  -O                                                                        (1 = 0.6%) {59.2%}
2659  -O                                                                        (1 = 0.6%) {59.8%}
2660  -O                                                                        (1 = 0.6%) {60.3%}
2661  -O                                                                        (1 = 0.6%) {60.9%}
2662  -O                                                                        (1 = 0.6%) {61.5%}
2663  -O                                                                        (1 = 0.6%) {62.1%}
2664  ... 
2699  -O                                                                        (1 = 0.6%) {62.6%}
2700  -O                                                                        (1 = 0.6%) {63.2%}
2701  -O                                                                        (1 = 0.6%) {63.8%}
2702  -O                                                                        (1 = 0.6%) {64.4%}
2703  -O                                                                        (1 = 0.6%) {64.9%}
2704  -O                                                                        (1 = 0.6%) {65.5%}
2705  -O                                                                        (1 = 0.6%) {66.1%}
2706  -O                                                                        (1 = 0.6%) {66.7%}
2707  -O                                                                        (1 = 0.6%) {67.2%}
2708  ... 
2710  -O                                                                        (1 = 0.6%) {67.8%}
2711  -O                                                                        (1 = 0.6%) {68.4%}
2712  ... 
2714  -O                                                                        (1 = 0.6%) {69.0%}
2715  -O                                                                        (1 = 0.6%) {69.5%}
2716  -O                                                                        (1 = 0.6%) {70.1%}
2717  ... 
2723  -O                                                                        (1 = 0.6%) {70.7%}
2724  ... 
2738  -O                                                                        (1 = 0.6%) {71.3%}
2739  ... 
2769  -O                                                                        (1 = 0.6%) {71.8%}
2770  ... 
2841  -O                                                                        (1 = 0.6%) {72.4%}
2842  ... 
2903  -O                                                                        (1 = 0.6%) {73.0%}
2904  -O                                                                        (1 = 0.6%) {73.6%}
2905  ... 
2927  -O                                                                        (1 = 0.6%) {74.1%}
2928  ... 
2935  -O                                                                        (1 = 0.6%) {74.7%}
2936  ... 
3004  -O                                                                        (1 = 0.6%) {75.3%}
3005  ... 
3019  -O                                                                        (1 = 0.6%) {75.9%}
3020  -O                                                                        (1 = 0.6%) {76.4%}
3021  ... 
3028  -O                                                                        (1 = 0.6%) {77.0%}
3029  ... 
3066  -O                                                                        (1 = 0.6%) {77.6%}
3067  ... 
3157  -O                                                                        (1 = 0.6%) {78.2%}
3158  ... 
3198  -O                                                                        (1 = 0.6%) {78.7%}
3199  ... 
3254  -O                                                                        (1 = 0.6%) {79.3%}
3255  ... 
3275  -O                                                                        (1 = 0.6%) {79.9%}
3276  ... 
3279  -O                                                                        (1 = 0.6%) {80.5%}
3280  ... 
3307  -O                                                                        (1 = 0.6%) {81.0%}
3308  -O                                                                        (1 = 0.6%) {81.6%}
3309  ... 
3349  -O                                                                        (1 = 0.6%) {82.2%}
3350  ... 
3359  -O                                                                        (1 = 0.6%) {82.8%}
3360  ... 
3409  -O                                                                        (1 = 0.6%) {83.3%}
3410  ... 
3444  -O                                                                        (1 = 0.6%) {83.9%}
3445  ... 
3580  -O                                                                        (1 = 0.6%) {84.5%}
3581  -O                                                                        (1 = 0.6%) {85.1%}
3582  ... 
3698  -O                                                                        (1 = 0.6%) {85.6%}
3699  ... 
3789  -O                                                                        (1 = 0.6%) {86.2%}
3790  -O                                                                        (1 = 0.6%) {86.8%}
3791  ... 
3803  -O                                                                        (1 = 0.6%) {87.4%}
3804  ... 
3870  -O                                                                        (1 = 0.6%) {87.9%}
3871  ... 
3973  -O                                                                        (1 = 0.6%) {88.5%}
3974  ... 
4007  -O                                                                        (1 = 0.6%) {89.1%}
4008  ... 
4113  -O                                                                        (1 = 0.6%) {89.7%}
4114  ... 
4161  -O                                                                        (1 = 0.6%) {90.2%}
4162  ... 
4177  -O                                                                        (1 = 0.6%) {90.8%}
4178  ... 
4194  -O                                                                        (1 = 0.6%) {91.4%}
4195  O                                                                         (0 = 0.0%) {92.0%}
4196  -O                                                                        (1 = 0.6%) {92.0%}
4197  ... 
4240  -O                                                                        (1 = 0.6%) {92.5%}
4241  O                                                                         (0 = 0.0%) {93.1%}
4242  -O                                                                        (1 = 0.6%) {93.1%}
4243  ... 
4307  -O                                                                        (1 = 0.6%) {93.7%}
4308  ... 
4317  -O                                                                        (1 = 0.6%) {94.3%}
4318  ... 
4372  -O                                                                        (1 = 0.6%) {94.8%}
4373  ... 
4379  -O                                                                        (1 = 0.6%) {95.4%}
4380  ... 
4419  -O                                                                        (1 = 0.6%) {96.0%}
4420  ... 
4561  -O                                                                        (1 = 0.6%) {96.6%}
4562  ... 
4673  -O                                                                        (1 = 0.6%) {97.1%}
4674  ... 
4743  -O                                                                        (1 = 0.6%) {97.7%}
4744  ... 
4877  -O                                                                        (1 = 0.6%) {98.3%}
4878  ... 
4961  -O                                                                        (1 = 0.6%) {98.9%}
4962  ... 
4994  -O                                                                        (1 = 0.6%) {99.4%}
4995  ... 

Histogram: Blink.UseCounter.PermissionsPolicy.Allow2 recorded 0 samples (flags = 0x41)
0 ... 

Histogram: Blink.UseCounter.PermissionsPolicy.Header2 recorded 0 samples (flags = 0x41)
0 ... 

Histogram: Blink.UseCounter.PermissionsPolicy.Violation.Enforce recorded 0 samples (flags = 0x41)
0 ... 

Histogram: Blink.UseCounter.WebDXFeatures recorded 15 samples, mean = 37.7 (flags = 0x41)
0   ... 
5   -O                                                                        (1 = 6.7%) {0.0%}
6   ... 
8   -O                                                                        (1 = 6.7%) {6.7%}
9   -O                                                                        (1 = 6.7%) {13.3%}
10  O                                                                         (0 = 0.0%) {20.0%}
11  -O                                                                        (1 = 6.7%) {20.0%}
12  ... 
27  -O                                                                        (1 = 6.7%) {26.7%}
28  -O                                                                        (1 = 6.7%) {33.3%}
29  -O                                                                        (1 = 6.7%) {40.0%}
30  ... 
38  -O                                                                        (1 = 6.7%) {46.7%}
39  -O                                                                        (1 = 6.7%) {53.3%}
40  ... 
45  -O                                                                        (1 = 6.7%) {60.0%}
46  -O                                                                        (1 = 6.7%) {66.7%}
47  ... 
58  -O                                                                        (1 = 6.7%) {73.3%}
59  ... 
68  -O                                                                        (1 = 6.7%) {80.0%}
69  ... 
71  -O                                                                        (1 = 6.7%) {86.7%}
72  ... 
83  -O                                                                        (1 = 6.7%) {93.3%}
84  ... 

Histogram: Blink.UserDrivenDocumentUpdate.UpdateTime.PreFCP recorded 1 samples, mean = 15.0 (flags = 0x41)
0   ... 
15  -O                                                                        (1 = 100.0%) {0.0%}
21  ... 

Histogram: Bookmarks.BookmarkBar.Shown recorded 1 samples, mean = 0.0 (flags = 0x41)
0  -O                                                                        (1 = 100.0%)
1  ... 

Histogram: Bookmarks.Count.OnProfileLoad3 recorded 1 samples, mean = 0.0 (flags = 0x41)
0  -O                                                                        (1 = 100.0%)
1  ... 

Histogram: Bookmarks.Storage.TimeToLoadAtStartup2 recorded 1 samples, mean = 2501.0 (flags = 0x41)
0     ... 
2117  -O                                                                        (1 = 100.0%) {0.0%}
2516  ... 

Histogram: Bookmarks.Times.OnProfileLoad.TimeSinceAdded3 recorded 1 samples, mean = 0.0 (flags = 0x41)
0  -O                                                                        (1 = 100.0%)
1  ... 

Histogram: Bookmarks.Utilization.OnProfileLoad.PercentageUsed recorded 1 samples, mean = 0.0 (flags = 0x41)
0  -O                                                                        (1 = 100.0%)
1  ... 

Histogram: Bookmarks.Utilization.OnProfileLoad.TotalUnused recorded 1 samples, mean = 0.0 (flags = 0x41)
0  -O                                                                        (1 = 100.0%)
1  ... 

Histogram: Bookmarks.Utilization.OnProfileLoad.TotalUsed recorded 1 samples, mean = 0.0 (flags = 0x41)
0  -O                                                                        (1 = 100.0%)
1  ... 

Histogram: BrotliFilter.CompressionPercent recorded 33 samples, mean = 35.6 (flags = 0x41)
0    ... 
11   ----O                                                                     (4 = 12.1%) {0.0%}
12   -O                                                                        (1 = 3.0%) {12.1%}
13   O                                                                         (0 = 0.0%) {15.2%}
14   -O                                                                        (1 = 3.0%) {15.2%}
15   O                                                                         (0 = 0.0%) {18.2%}
16   -O                                                                        (1 = 3.0%) {18.2%}
17   O                                                                         (0 = 0.0%) {21.2%}
18   -O                                                                        (1 = 3.0%) {21.2%}
19   ... 
22   -O                                                                        (1 = 3.0%) {24.2%}
23   -O                                                                        (1 = 3.0%) {27.3%}
24   -O                                                                        (1 = 3.0%) {30.3%}
25   -O                                                                        (1 = 3.0%) {33.3%}
26   -O                                                                        (1 = 3.0%) {36.4%}
27   O                                                                         (0 = 0.0%) {39.4%}
28   -O                                                                        (1 = 3.0%) {39.4%}
29   ---O                                                                      (3 = 9.1%) {42.4%}
30   --O                                                                       (2 = 6.1%) {51.5%}
31   O                                                                         (0 = 0.0%) {57.6%}
32   --O                                                                       (2 = 6.1%) {57.6%}
33   O                                                                         (0 = 0.0%) {63.6%}
34   -O                                                                        (1 = 3.0%) {63.6%}
35   ... 
38   --O                                                                       (2 = 6.1%) {66.7%}
39   -O                                                                        (1 = 3.0%) {72.7%}
40   ... 
43   --O                                                                       (2 = 6.1%) {75.8%}
44   -O                                                                        (1 = 3.0%) {81.8%}
45   ... 
47   --O                                                                       (2 = 6.1%) {84.8%}
48   ... 
84   -O                                                                        (1 = 3.0%) {90.9%}
85   ... 
101  --O                                                                       (2 = 6.1%) {93.9%}

Histogram: BrotliFilter.Status recorded 33 samples, mean = 1.0 (flags = 0x41)
0  O                                                                         (0 = 0.0%)
1  ---------------------------------O                                        (33 = 100.0%) {0.0%}
2  ... 

Histogram: BrotliFilter.UsedMemoryKB recorded 33 samples, mean = 223.4 (flags = 0x41)
0    ... 
16   --O                                                                       (2 = 6.1%) {0.0%}
20   O                                                                         (0 = 0.0%) {6.1%}
25   ---O                                                                      (3 = 9.1%) {6.1%}
31   ------O                                                                   (6 = 18.2%) {15.2%}
39   O                                                                         (0 = 0.0%) {33.3%}
49   --O                                                                       (2 = 6.1%) {33.3%}
61   -O                                                                        (1 = 3.0%) {39.4%}
76   ---O                                                                      (3 = 9.1%) {42.4%}
95   O                                                                         (0 = 0.0%) {51.5%}
119  ----O                                                                     (4 = 12.1%) {51.5%}
149  O                                                                         (0 = 0.0%) {63.6%}
187  -O                                                                        (1 = 3.0%) {63.6%}
234  ... 
367  -------O                                                                  (7 = 21.2%) {66.7%}
460  O                                                                         (0 = 0.0%) {87.9%}
576  -O                                                                        (1 = 3.0%) {87.9%}
722  ---O                                                                      (3 = 9.1%) {90.9%}
905  ... 

Histogram: Browser.MainThreadsCongestion.RunningOnly recorded 116 samples, mean = 0.0 (flags = 0x41)
0  ------------------------------------------------------------------------O (116 = 100.0%)
1  ... 

Histogram: Browser.MainThreadsCongestion.RunningOnly.Initial recorded 1 samples, mean = 0.0 (flags = 0x41)
0  -O                                                                        (1 = 100.0%)
1  ... 

Histogram: Browser.Responsiveness.IOJanksTotalPerMinute recorded 58 samples, mean = 0.0 (flags = 0x41)
0  ----------------------------------------------------------O               (58 = 100.0%)
1  ... 

Histogram: Browser.Responsiveness.IOJankyIntervalsPerMinute recorded 58 samples, mean = 0.0 (flags = 0x41)
0  ----------------------------------------------------------O               (58 = 100.0%)
1  ... 

Histogram: BrowserRenderProcessHost.Cleanup.DelayReason recorded 12 samples, mean = 6.8 (flags = 0x41)
0  ---O                                                                      (3 = 25.0%)
1  ... 
9  ---------O                                                                (9 = 75.0%) {25.0%}
10 ... 

Histogram: BrowserRenderProcessHost.Cleanup.Total recorded 12 samples, mean = 1.0 (flags = 0x41)
0  O                                                                         (0 = 0.0%)
1  ------------O                                                             (12 = 100.0%) {0.0%}
2  O                                                                         (0 = 0.0%) {100.0%}

Histogram: BrowserRenderProcessHost.ExistingRendererIsInitializedAndNotDead recorded 1 samples, mean = 1.0 (flags = 0x41)
0  O                                                                         (0 = 0.0%)
1  -O                                                                        (1 = 100.0%) {0.0%}
2  O                                                                         (0 = 0.0%) {100.0%}

Histogram: BrowserRenderProcessHost.FastShutdownIfPossible.DelayReason recorded 1 samples, mean = 4.0 (flags = 0x41)
0  ... 
4  -O                                                                        (1 = 100.0%) {0.0%}
5  ... 

Histogram: BrowserRenderProcessHost.FastShutdownIfPossible.Total recorded 1 samples, mean = 1.0 (flags = 0x41)
0  O                                                                         (0 = 0.0%)
1  -O                                                                        (1 = 100.0%) {0.0%}
2  O                                                                         (0 = 0.0%) {100.0%}

Histogram: BrowserRenderProcessHost.SpareProcessEvictedOtherSpare recorded 2 samples, mean = 0.0 (flags = 0x41)
0  --O                                                                       (2 = 100.0%)
1  ... 

Histogram: BrowserRenderProcessHost.SpareProcessMaybeTakeAction recorded 2 samples, mean = 2.0 (flags = 0x41)
0  -O                                                                        (1 = 50.0%)
1  ... 
4  -O                                                                        (1 = 50.0%) {50.0%}
5  ... 

Histogram: BrowserRenderProcessHost.SpareProcessStartupTime recorded 2 samples, mean = 1282.5 (flags = 0x41)
0     ... 
81    -O                                                                        (1 = 50.0%) {0.0%}
96    ... 
2117  -O                                                                        (1 = 50.0%) {50.0%}
2516  ... 

Histogram: BrowserSwitcher.ExternalGreylistSize recorded 1 samples, mean = 0.0 (flags = 0x41)
0  -O                                                                        (1 = 100.0%)
1  ... 

Histogram: BrowserSwitcher.ExternalSitelistSize recorded 1 samples, mean = 0.0 (flags = 0x41)
0  -O                                                                        (1 = 100.0%)
1  ... 

Histogram: BrowserSwitcher.IeemSitelistSize recorded 1 samples, mean = 0.0 (flags = 0x41)
0  -O                                                                        (1 = 100.0%)
1  ... 

Histogram: BrowsingTopics.BrowsingTopicsState.LoadFinishStatus recorded 1 samples, mean = 1.0 (flags = 0x41)
0  O                                                                         (0 = 0.0%)
1  -O                                                                        (1 = 100.0%) {0.0%}
2  O                                                                         (0 = 0.0%) {100.0%}

Histogram: BrowsingTopics.SiteDataStorage.FileSize.KB recorded 1 samples, mean = 28.0 (flags = 0x41)
0   ... 
28  -O                                                                        (1 = 100.0%) {0.0%}
37  ... 

Histogram: BrowsingTopics.SiteDataStorage.InitStatus recorded 1 samples, mean = 1.0 (flags = 0x41)
0  O                                                                         (0 = 0.0%)
1  -O                                                                        (1 = 100.0%) {0.0%}
2  O                                                                         (0 = 0.0%) {100.0%}

Histogram: CPU.Experimental.CpuEstimationTaskMigrated recorded 11 samples, mean = 0.0 (flags = 0x41)
0  -----------O                                                              (11 = 100.0%)
1  ... 

Histogram: CPU.Experimental.CpuEstimationTaskQueuedTime.Performance recorded 11 samples, mean = 13.0 (flags = 0x41)
0   ... 
9   ----O                                                                     (4 = 36.4%) {0.0%}
12  -----O                                                                    (5 = 45.5%) {36.4%}
16  --O                                                                       (2 = 18.2%) {81.8%}
21  ... 

Histogram: CPU.Experimental.CpuEstimationTaskThreadTime.Performance recorded 11 samples, mean = 124.4 (flags = 0x41)
0    ... 
113  -----------O                                                              (11 = 100.0%) {0.0%}
149  ... 

Histogram: CPU.Experimental.CpuEstimationTaskTotalTime.Performance recorded 11 samples, mean = 138.8 (flags = 0x41)
0    ... 
113  ----------O                                                               (10 = 90.9%) {0.0%}
149  -O                                                                        (1 = 9.1%) {90.9%}
196  ... 

Histogram: CPU.Experimental.CpuEstimationTaskWallTime.Performance recorded 11 samples, mean = 125.8 (flags = 0x41)
0    ... 
113  -----------O                                                              (11 = 100.0%) {0.0%}
149  ... 

Histogram: CPU.Experimental.CpuEstimationThreadTimePercent.Performance recorded 11 samples, mean = 98.5 (flags = 0x41)
0   ... 
98  -----O                                                                    (5 = 45.5%) {0.0%}
99  ------O                                                                   (6 = 54.5%) {45.5%}
100 ... 

Histogram: CPU.Experimental.EstimatedFrequencyAsPercentOfLimit.Performance recorded 11 samples, mean = 104.5 (flags = 0x41)
0    ... 
89   -O                                                                        (1 = 9.1%) {0.0%}
90   ... 
98   --O                                                                       (2 = 18.2%) {9.1%}
99   ... 
101  --------O                                                                 (8 = 72.7%) {27.3%}

Histogram: CPU.Experimental.EstimatedFrequencyAsPercentOfMax.Performance recorded 11 samples, mean = 104.5 (flags = 0x41)
0    ... 
89   -O                                                                        (1 = 9.1%) {0.0%}
90   ... 
98   --O                                                                       (2 = 18.2%) {9.1%}
99   ... 
101  --------O                                                                 (8 = 72.7%) {27.3%}

Histogram: Cast.Channel.Certificate recorded 4 samples, mean = 3.5 (flags = 0x41)
0   --O                                                                       (2 = 50.0%)
1   ... 
4   -O                                                                        (1 = 25.0%) {50.0%}
5   ... 
10  -O                                                                        (1 = 25.0%) {75.0%}
11  ... 

Histogram: Cast.Channel.Nonce recorded 2 samples, mean = 0.0 (flags = 0x41)
0  --O                                                                       (2 = 100.0%)
1  ... 

Histogram: Cast.Channel.Signature recorded 2 samples, mean = 0.0 (flags = 0x41)
0  --O                                                                       (2 = 100.0%)
1  ... 

Histogram: CertificateType2.BR.Intermediate.ECDSA recorded 4 samples, mean = 288.0 (flags = 0x41)
0    ... 
256  ---O                                                                      (3 = 75.0%) {0.0%}
257  ... 
384  -O                                                                        (1 = 25.0%) {75.0%}
385  ... 

Histogram: CertificateType2.BR.Intermediate.RSA recorded 6 samples, mean = 2048.0 (flags = 0x41)
0     ... 
2048  ------O                                                                   (6 = 100.0%) {0.0%}
2049  ... 

Histogram: CertificateType2.BR.Leaf.ECDSA recorded 7 samples, mean = 256.0 (flags = 0x41)
0    ... 
256  -------O                                                                  (7 = 100.0%) {0.0%}
257  ... 

Histogram: CertificateType2.BR.Leaf.RSA recorded 3 samples, mean = 2048.0 (flags = 0x41)
0     ... 
2048  ---O                                                                      (3 = 100.0%) {0.0%}
2049  ... 

Histogram: CertificateType2.BR.Root.ECDSA recorded 3 samples, mean = 384.0 (flags = 0x41)
0    ... 
384  ---O                                                                      (3 = 100.0%) {0.0%}
385  ... 

Histogram: CertificateType2.BR.Root.RSA recorded 7 samples, mean = 3218.3 (flags = 0x41)
0     ... 
2048  ---O                                                                      (3 = 42.9%) {0.0%}
2049  ... 
4096  ----O                                                                     (4 = 57.1%) {42.9%}
4097  ... 

Histogram: ChildProcess.Launched.UtilityProcessHash recorded 4 samples (flags = 0x41)
-2043041185 -O                                                                        (1 = 25.0%)
-1468742076 -O                                                                        (1 = 25.0%)
331504207   -O                                                                        (1 = 25.0%)
1411170475  -O                                                                        (1 = 25.0%)

Histogram: ChildProcess.ProcessLifetime.Utility recorded 4 samples, mean = 1751461.2 (flags = 0x41)
0        ... 
1340     -O                                                                        (1 = 25.0%) {0.0%}
1816     ... 
11230    -O                                                                        (1 = 25.0%) {25.0%}
15215    ... 
2657126  --O                                                                       (2 = 50.0%) {50.0%}
3600000  O                                                                         (0 = 0.0%) {100.0%}

Histogram: Chrome.ProcessSingleton.NotifyResult recorded 1 samples, mean = 0.0 (flags = 0x41)
0  -O                                                                        (1 = 100.0%)
1  ... 

Histogram: Chrome.ProcessSingleton.TimeToCreate recorded 1 samples, mean = 0.0 (flags = 0x41)
0  -O                                                                        (1 = 100.0%)
10 ... 

Histogram: Chrome.SystemNetworkContextManager.NetworkSandboxState recorded 4 samples, mean = 0.0 (flags = 0x41)
0  ----O                                                                     (4 = 100.0%)
1  ... 

Histogram: ChromeElf.Beacon.RetryAttemptsBeforeSuccess recorded 1 samples, mean = 0.0 (flags = 0x41)
0  -O                                                                        (1 = 100.0%)
1  ... 

Histogram: ChromeElf.Beacon.SetupStatus recorded 1 samples, mean = 1.0 (flags = 0x41)
0  O                                                                         (0 = 0.0%)
1  -O                                                                        (1 = 100.0%) {0.0%}
2  ... 

Histogram: ChromeElf.ExtensionPoint.EnableState recorded 1 samples, mean = 1.0 (flags = 0x41)
0  O                                                                         (0 = 0.0%)
1  -O                                                                        (1 = 100.0%) {0.0%}
2  O                                                                         (0 = 0.0%) {100.0%}

Histogram: ClientHints.CriticalCHRestart recorded 1 samples, mean = 0.0 (flags = 0x41)
0  -O                                                                        (1 = 100.0%)
1  ... 

Histogram: ClientHints.FetchLatency_PrefRead recorded 5 samples, mean = 7.6 (flags = 0x41)
0   ... 
2   -O                                                                        (1 = 20.0%) {0.0%}
3   --O                                                                       (2 = 40.0%) {20.0%}
4   -O                                                                        (1 = 20.0%) {60.0%}
6   ... 
21  -O                                                                        (1 = 20.0%) {80.0%}
29  ... 

Histogram: ClientHints.FetchLatency_PrerenderHost recorded 5 samples, mean = 0.6 (flags = 0x41)
0  ----O                                                                     (4 = 80.0%)
1  ... 
3  -O                                                                        (1 = 20.0%) {80.0%}
4  ... 

Histogram: ClientHints.FetchLatency_Total recorded 5 samples, mean = 8.2 (flags = 0x41)
0   ... 
2   -O                                                                        (1 = 20.0%) {0.0%}
3   --O                                                                       (2 = 40.0%) {20.0%}
4   -O                                                                        (1 = 20.0%) {60.0%}
6   ... 
29  -O                                                                        (1 = 20.0%) {80.0%}
40  ... 

Histogram: Compositing.Browser.CompositorFrame.Quads recorded 4 samples, mean = 1.0 (flags = 0x41)
0  O                                                                         (0 = 0.0%)
1  ----O                                                                     (4 = 100.0%) {0.0%}
2  ... 

Histogram: Compositing.Browser.LayerTreeImpl.CalculateDrawPropertiesUs recorded 5 samples, mean = 12.8 (flags = 0x41)
0   ... 
3   -O                                                                        (1 = 20.0%) {0.0%}
4   ... 
7   -O                                                                        (1 = 20.0%) {20.0%}
9   -O                                                                        (1 = 20.0%) {40.0%}
12  -O                                                                        (1 = 20.0%) {60.0%}
16  ... 
28  -O                                                                        (1 = 20.0%) {80.0%}
37  ... 

Histogram: Compositing.Browser.LayersUpdateTime recorded 5 samples, mean = 23.6 (flags = 0x41)
0   ... 
6   -O                                                                        (1 = 20.0%) {0.0%}
8   -O                                                                        (1 = 20.0%) {20.0%}
11  O                                                                         (0 = 0.0%) {40.0%}
15  --O                                                                       (2 = 40.0%) {40.0%}
21  ... 
55  -O                                                                        (1 = 20.0%) {80.0%}
76  ... 

Histogram: Compositing.ColorGamut recorded 5 samples, mean = 0.0 (flags = 0x41)
0  -----O                                                                    (5 = 100.0%)
1  ... 

Histogram: Compositing.DidMainThreadBlockDuringCommit recorded 5 samples, mean = 0.0 (flags = 0x41)
0  -----O                                                                    (5 = 100.0%)
1  ... 

Histogram: Compositing.DirectRenderer.OverlayProcessingUs recorded 5 samples, mean = 0.4 (flags = 0x41)
0  -----O                                                                    (5 = 100.0%)
5  ... 

Histogram: Compositing.DirectRenderer.PartialSwap.ExtraDamage recorded 5 samples, mean = 0.0 (flags = 0x41)
0  -----O                                                                    (5 = 100.0%)
1  ... 

Histogram: Compositing.DirectRenderer.PartialSwap.FrameBufferDamage recorded 5 samples, mean = 0.0 (flags = 0x41)
0  -----O                                                                    (5 = 100.0%)
1  ... 

Histogram: Compositing.DirectRenderer.PartialSwap.RootDamage recorded 5 samples, mean = 100.0 (flags = 0x41)
0    ... 
100  -----O                                                                    (5 = 100.0%) {0.0%}
101  O                                                                         (0 = 0.0%) {100.0%}

Histogram: Compositing.DirectRenderer.PartialSwap.TotalDamage recorded 5 samples, mean = 100.0 (flags = 0x41)
0    ... 
100  -----O                                                                    (5 = 100.0%) {0.0%}
101  O                                                                         (0 = 0.0%) {100.0%}

Histogram: Compositing.DirectRenderer.SkipAllNonRootRenderPassesPerFrame recorded 2 samples, mean = 0.0 (flags = 0x41)
0  --O                                                                       (2 = 100.0%)
1  ... 

Histogram: Compositing.DirectRenderer.SkipNonRootRenderPass recorded 2 samples, mean = 0.0 (flags = 0x41)
0  --O                                                                       (2 = 100.0%)
1  ... 

Histogram: Compositing.DirectRenderer.TotalPixelsRendered recorded 5 samples, mean = 1.4 (flags = 0x41)
0  O                                                                         (0 = 0.0%)
1  ---O                                                                      (3 = 60.0%) {0.0%}
2  --O                                                                       (2 = 40.0%) {60.0%}
3  ... 

Histogram: Compositing.Display.Draw.Occlusion.Calculation.Time recorded 5 samples, mean = 5.8 (flags = 0x41)
0   O                                                                         (0 = 0.0%)
1   -O                                                                        (1 = 20.0%) {0.0%}
2   -O                                                                        (1 = 20.0%) {20.0%}
3   ... 
6   -O                                                                        (1 = 20.0%) {40.0%}
7   -O                                                                        (1 = 20.0%) {60.0%}
8   ... 
12  -O                                                                        (1 = 20.0%) {80.0%}
14  ... 

Histogram: Compositing.Display.Draw.Quads recorded 5 samples, mean = 1.8 (flags = 0x41)
0  O                                                                         (0 = 0.0%)
1  ---O                                                                      (3 = 60.0%) {0.0%}
2  O                                                                         (0 = 0.0%) {60.0%}
3  --O                                                                       (2 = 40.0%) {60.0%}
4  ... 

Histogram: Compositing.Display.DrawToSwapUs recorded 5 samples, mean = 4420.8 (flags = 0x41)
0      ... 
490    -O                                                                        (1 = 20.0%) {0.0%}
594    --O                                                                       (2 = 40.0%) {20.0%}
720    ... 
7277   -O                                                                        (1 = 20.0%) {60.0%}
8824   O                                                                         (0 = 0.0%) {80.0%}
10700  -O                                                                        (1 = 20.0%) {80.0%}
12974  ... 

Histogram: Compositing.Display.FlattenedRenderPassCount recorded 5 samples, mean = 1.4 (flags = 0x41)
0  O                                                                         (0 = 0.0%)
1  ---O                                                                      (3 = 60.0%) {0.0%}
2  --O                                                                       (2 = 40.0%) {60.0%}
3  ... 

Histogram: Compositing.Display.PendingSwaps recorded 5 samples, mean = 1.0 (flags = 0x41)
0  O                                                                         (0 = 0.0%)
1  -----O                                                                    (5 = 100.0%) {0.0%}
2  ... 

Histogram: Compositing.Display.VizDependencyResolvedToGpuStartedDrawUs recorded 5 samples, mean = 25.6 (flags = 0x41)
0   ... 
15  -O                                                                        (1 = 20.0%) {0.0%}
18  -O                                                                        (1 = 20.0%) {20.0%}
22  -O                                                                        (1 = 20.0%) {40.0%}
27  O                                                                         (0 = 0.0%) {60.0%}
33  --O                                                                       (2 = 40.0%) {60.0%}
40  ... 

Histogram: Compositing.Display.VizScheduledDrawToDependencyResolvedUs recorded 5 samples, mean = 2.2 (flags = 0x41)
0  -----O                                                                    (5 = 100.0%)
5  ... 

Histogram: Compositing.Display.VizScheduledDrawToGpuStartedDrawUs recorded 5 samples, mean = 27.8 (flags = 0x41)
0   ... 
15  -O                                                                        (1 = 20.0%) {0.0%}
18  O                                                                         (0 = 0.0%) {20.0%}
22  -O                                                                        (1 = 20.0%) {20.0%}
27  -O                                                                        (1 = 20.0%) {40.0%}
33  --O                                                                       (2 = 40.0%) {60.0%}
40  ... 

Histogram: Compositing.Renderer.CompositorFrame.Quads recorded 1 samples, mean = 2.0 (flags = 0x41)
0  ... 
2  -O                                                                        (1 = 100.0%) {0.0%}
3  ... 

Histogram: Compositing.Renderer.LayersUpdateTime recorded 4 samples, mean = 27.5 (flags = 0x41)
0   ... 
6   -O                                                                        (1 = 25.0%) {0.0%}
8   -O                                                                        (1 = 25.0%) {25.0%}
11  -O                                                                        (1 = 25.0%) {50.0%}
15  ... 
76  -O                                                                        (1 = 25.0%) {75.0%}
105 ... 

Histogram: Compositing.Renderer.NumRenderSurfaces recorded 7 samples, mean = 1.0 (flags = 0x41)
0  O                                                                         (0 = 0.0%)
1  -------O                                                                  (7 = 100.0%) {0.0%}
2  ... 

Histogram: Compositing.SurfaceAggregator.AggregateUs recorded 5 samples, mean = 12879.4 (flags = 0x41)
0      ... 
28     --O                                                                       (2 = 40.0%) {0.0%}
37     -O                                                                        (1 = 20.0%) {40.0%}
49     ... 
113    -O                                                                        (1 = 20.0%) {60.0%}
149    ... 
63662  -O                                                                        (1 = 20.0%) {80.0%}
83848  ... 

Histogram: Compositing.SurfaceAggregator.CopiedSurfaceCount recorded 5 samples, mean = 1.4 (flags = 0x41)
0  O                                                                         (0 = 0.0%)
1  ---O                                                                      (3 = 60.0%) {0.0%}
2  --O                                                                       (2 = 40.0%) {60.0%}
3  ... 

Histogram: Compositing.SurfaceAggregator.CopyUs recorded 5 samples, mean = 11.8 (flags = 0x41)
0   O                                                                         (0 = 0.0%)
5   -O                                                                        (1 = 20.0%) {0.0%}
6   ... 
9   -O                                                                        (1 = 20.0%) {20.0%}
11  -O                                                                        (1 = 20.0%) {40.0%}
13  -O                                                                        (1 = 20.0%) {60.0%}
15  O                                                                         (0 = 0.0%) {80.0%}
18  -O                                                                        (1 = 20.0%) {80.0%}
21  ... 

Histogram: Compositing.SurfaceAggregator.HasCopyRequestsPerFrame recorded 5 samples, mean = 0.2 (flags = 0x41)
0  ----O                                                                     (4 = 80.0%)
1  -O                                                                        (1 = 20.0%) {80.0%}
2  O                                                                         (0 = 0.0%) {100.0%}

Histogram: Compositing.SurfaceAggregator.HasPixelMovingBackdropFiltersPerFrame recorded 5 samples, mean = 0.0 (flags = 0x41)
0  -----O                                                                    (5 = 100.0%)
1  ... 

Histogram: Compositing.SurfaceAggregator.HasPixelMovingFiltersPerFrame recorded 5 samples, mean = 0.0 (flags = 0x41)
0  -----O                                                                    (5 = 100.0%)
1  ... 

Histogram: Compositing.SurfaceAggregator.HasUnembeddedRenderPassesPerFrame recorded 5 samples, mean = 0.0 (flags = 0x41)
0  -----O                                                                    (5 = 100.0%)
1  ... 

Histogram: Compositing.SurfaceAggregator.PrewalkUs recorded 5 samples, mean = 12846.6 (flags = 0x41)
0      ... 
15     ---O                                                                      (3 = 60.0%) {0.0%}
18     ... 
55     -O                                                                        (1 = 20.0%) {60.0%}
64     ... 
10000  -O                                                                        (1 = 20.0%) {80.0%}

Histogram: Compositing.SurfaceAggregator.PrewalkedSurfaceCount recorded 5 samples, mean = 1.4 (flags = 0x41)
0  O                                                                         (0 = 0.0%)
1  ---O                                                                      (3 = 60.0%) {0.0%}
2  --O                                                                       (2 = 40.0%) {60.0%}
3  ... 

Histogram: Compositing.SurfaceManager.MarkForDestructionToDestroy recorded 1 samples, mean = 62.0 (flags = 0x41)
0   ... 
57  -O                                                                        (1 = 100.0%) {0.0%}
68  ... 

Histogram: Content.Classification.OpenGraph recorded 1 samples, mean = 4.0 (flags = 0x41)
0  ... 
4  -O                                                                        (1 = 100.0%) {0.0%}
5  ... 

Histogram: ContentSettings.AllowStorageAccessSync recorded 4 samples, mean = 0.0 (flags = 0x41)
0  ----O                                                                     (4 = 100.0%)
1  ... 

Histogram: ContentSettings.GetContentSetting.Network.Duration recorded 323 samples, mean = 0.5 (flags = 0x41)
0  ------------------------------------------------------------------------O (201 = 62.2%)
1  ---------------------------------O                                        (93 = 28.8%) {62.2%}
2  -------O                                                                  (19 = 5.9%) {91.0%}
3  ---O                                                                      (8 = 2.5%) {96.9%}
4  -O                                                                        (2 = 0.6%) {99.4%}
5  ... 

Histogram: ContentSettings.GetCookieSettingInternal.Duration recorded 184 samples, mean = 4.9 (flags = 0x41)
0   O                                                                         (0 = 0.0%)
1   ---------------O                                                          (18 = 9.8%) {0.0%}
2   ------------------------------------------------------------------------O (87 = 47.3%) {9.8%}
3   -------------------O                                                      (23 = 12.5%) {57.1%}
4   ------O                                                                   (7 = 3.8%) {69.6%}
5   -------O                                                                  (8 = 4.3%) {73.4%}
7   -------------O                                                            (16 = 8.7%) {77.7%}
9   --O                                                                       (2 = 1.1%) {86.4%}
12  ----O                                                                     (5 = 2.7%) {87.5%}
16  --------O                                                                 (10 = 5.4%) {90.2%}
21  ------O                                                                   (7 = 3.8%) {95.7%}
28  -O                                                                        (1 = 0.5%) {99.5%}
37  ... 

Histogram: ContentSettings.NumberOfExceptions recorded 1 samples, mean = 3.0 (flags = 0x41)
0  ... 
3  -O                                                                        (1 = 100.0%) {0.0%}
4  ... 

Histogram: ContentSettings.Popups.StrongBlockerActions recorded 1 samples, mean = 0.0 (flags = 0x41)
0  -O                                                                        (1 = 100.0%)
1  ... 

Histogram: ContentSettings.RegularProfile.DefaultAutoVerifySetting recorded 1 samples, mean = 1.0 (flags = 0x41)
0  O                                                                         (0 = 0.0%)
1  -O                                                                        (1 = 100.0%) {0.0%}
2  ... 

Histogram: ContentSettings.RegularProfile.DefaultAutoplaySetting recorded 1 samples, mean = 1.0 (flags = 0x41)
0  O                                                                         (0 = 0.0%)
1  -O                                                                        (1 = 100.0%) {0.0%}
2  ... 

Histogram: ContentSettings.RegularProfile.DefaultBackgroundSyncSetting recorded 1 samples, mean = 1.0 (flags = 0x41)
0  O                                                                         (0 = 0.0%)
1  -O                                                                        (1 = 100.0%) {0.0%}
2  ... 

Histogram: ContentSettings.RegularProfile.DefaultCookiesSetting recorded 1 samples, mean = 1.0 (flags = 0x41)
0  O                                                                         (0 = 0.0%)
1  -O                                                                        (1 = 100.0%) {0.0%}
2  ... 

Histogram: ContentSettings.RegularProfile.DefaultIdleDetectionSetting recorded 1 samples, mean = 3.0 (flags = 0x41)
0  ... 
3  -O                                                                        (1 = 100.0%) {0.0%}
4  ... 

Histogram: ContentSettings.RegularProfile.DefaultImagesSetting recorded 1 samples, mean = 1.0 (flags = 0x41)
0  O                                                                         (0 = 0.0%)
1  -O                                                                        (1 = 100.0%) {0.0%}
2  ... 

Histogram: ContentSettings.RegularProfile.DefaultJavaScriptSetting recorded 1 samples, mean = 1.0 (flags = 0x41)
0  O                                                                         (0 = 0.0%)
1  -O                                                                        (1 = 100.0%) {0.0%}
2  ... 

Histogram: ContentSettings.RegularProfile.DefaultLocationSetting recorded 1 samples, mean = 3.0 (flags = 0x41)
0  ... 
3  -O                                                                        (1 = 100.0%) {0.0%}
4  ... 

Histogram: ContentSettings.RegularProfile.DefaultMIDISysExSetting recorded 1 samples, mean = 3.0 (flags = 0x41)
0  ... 
3  -O                                                                        (1 = 100.0%) {0.0%}
4  ... 

Histogram: ContentSettings.RegularProfile.DefaultMediaStreamCameraSetting recorded 1 samples, mean = 3.0 (flags = 0x41)
0  ... 
3  -O                                                                        (1 = 100.0%) {0.0%}
4  ... 

Histogram: ContentSettings.RegularProfile.DefaultMediaStreamMicSetting recorded 1 samples, mean = 3.0 (flags = 0x41)
0  ... 
3  -O                                                                        (1 = 100.0%) {0.0%}
4  ... 

Histogram: ContentSettings.RegularProfile.DefaultNotificationsSetting recorded 1 samples, mean = 3.0 (flags = 0x41)
0  ... 
3  -O                                                                        (1 = 100.0%) {0.0%}
4  ... 

Histogram: ContentSettings.RegularProfile.DefaultPopupsSetting recorded 1 samples, mean = 2.0 (flags = 0x41)
0  ... 
2  -O                                                                        (1 = 100.0%) {0.0%}
3  ... 

Histogram: ContentSettings.RegularProfile.DefaultSoundSetting recorded 1 samples, mean = 1.0 (flags = 0x41)
0  O                                                                         (0 = 0.0%)
1  -O                                                                        (1 = 100.0%) {0.0%}
2  ... 

Histogram: ContentSettings.RegularProfile.DefaultStorageAccessSetting recorded 1 samples, mean = 3.0 (flags = 0x41)
0  ... 
3  -O                                                                        (1 = 100.0%) {0.0%}
4  ... 

Histogram: ContentSettings.RegularProfile.DefaultSubresourceFilterSetting recorded 1 samples, mean = 2.0 (flags = 0x41)
0  ... 
2  -O                                                                        (1 = 100.0%) {0.0%}
3  ... 

Histogram: ContentSettings.RegularProfile.DefaultUsbGuardSetting recorded 1 samples, mean = 3.0 (flags = 0x41)
0  ... 
3  -O                                                                        (1 = 100.0%) {0.0%}
4  ... 

Histogram: ContentSettings.RegularProfile.DefaultWebBluetoothGuardSetting recorded 1 samples, mean = 3.0 (flags = 0x41)
0  ... 
3  -O                                                                        (1 = 100.0%) {0.0%}
4  ... 

Histogram: ContentSettings.RegularProfile.Exceptions.3pcd-heuristics-grants recorded 1 samples, mean = 0.0 (flags = 0x41)
0  -O                                                                        (1 = 100.0%)
1  ... 

Histogram: ContentSettings.RegularProfile.Exceptions.3pcd-support recorded 1 samples, mean = 0.0 (flags = 0x41)
0  -O                                                                        (1 = 100.0%)
1  ... 

Histogram: ContentSettings.RegularProfile.Exceptions.abusive-notification-permissions recorded 1 samples, mean = 0.0 (flags = 0x41)
0  -O                                                                        (1 = 100.0%)
1  ... 

Histogram: ContentSettings.RegularProfile.Exceptions.access-to-get-all-screens-media-in-session recorded 1 samples, mean = 0.0 (flags = 0x41)
0  -O                                                                        (1 = 100.0%)
1  ... 

Histogram: ContentSettings.RegularProfile.Exceptions.accessibility-events recorded 1 samples, mean = 0.0 (flags = 0x41)
0  -O                                                                        (1 = 100.0%)
1  ... 

Histogram: ContentSettings.RegularProfile.Exceptions.anti-abuse recorded 1 samples, mean = 0.0 (flags = 0x41)
0  -O                                                                        (1 = 100.0%)
1  ... 

Histogram: ContentSettings.RegularProfile.Exceptions.app-banner recorded 1 samples, mean = 0.0 (flags = 0x41)
0  -O                                                                        (1 = 100.0%)
1  ... 

Histogram: ContentSettings.RegularProfile.Exceptions.ar recorded 1 samples, mean = 0.0 (flags = 0x41)
0  -O                                                                        (1 = 100.0%)
1  ... 

Histogram: ContentSettings.RegularProfile.Exceptions.auto-picture-in-picture recorded 1 samples, mean = 0.0 (flags = 0x41)
0  -O                                                                        (1 = 100.0%)
1  ... 

Histogram: ContentSettings.RegularProfile.Exceptions.auto-select-certificate recorded 1 samples, mean = 0.0 (flags = 0x41)
0  -O                                                                        (1 = 100.0%)
1  ... 

Histogram: ContentSettings.RegularProfile.Exceptions.automatic-downloads recorded 1 samples, mean = 0.0 (flags = 0x41)
0  -O                                                                        (1 = 100.0%)
1  ... 

Histogram: ContentSettings.RegularProfile.Exceptions.automatic-fullscreen recorded 1 samples, mean = 0.0 (flags = 0x41)
0  -O                                                                        (1 = 100.0%)
1  ... 

Histogram: ContentSettings.RegularProfile.Exceptions.autoplay recorded 1 samples, mean = 0.0 (flags = 0x41)
0  -O                                                                        (1 = 100.0%)
1  ... 

Histogram: ContentSettings.RegularProfile.Exceptions.background-sync recorded 1 samples, mean = 0.0 (flags = 0x41)
0  -O                                                                        (1 = 100.0%)
1  ... 

Histogram: ContentSettings.RegularProfile.Exceptions.bluetooth-chooser-data recorded 1 samples, mean = 0.0 (flags = 0x41)
0  -O                                                                        (1 = 100.0%)
1  ... 

Histogram: ContentSettings.RegularProfile.Exceptions.bluetooth-guard recorded 1 samples, mean = 0.0 (flags = 0x41)
0  -O                                                                        (1 = 100.0%)
1  ... 

Histogram: ContentSettings.RegularProfile.Exceptions.bluetooth-scanning recorded 1 samples, mean = 0.0 (flags = 0x41)
0  -O                                                                        (1 = 100.0%)
1  ... 

Histogram: ContentSettings.RegularProfile.Exceptions.camera-pan-tilt-zoom recorded 1 samples, mean = 0.0 (flags = 0x41)
0  -O                                                                        (1 = 100.0%)
1  ... 

Histogram: ContentSettings.RegularProfile.Exceptions.captured-surface-control recorded 1 samples, mean = 0.0 (flags = 0x41)
0  -O                                                                        (1 = 100.0%)
1  ... 

Histogram: ContentSettings.RegularProfile.Exceptions.client-hints recorded 1 samples, mean = 0.0 (flags = 0x41)
0  -O                                                                        (1 = 100.0%)
1  ... 

Histogram: ContentSettings.RegularProfile.Exceptions.clipboard recorded 1 samples, mean = 0.0 (flags = 0x41)
0  -O                                                                        (1 = 100.0%)
1  ... 

Histogram: ContentSettings.RegularProfile.Exceptions.cookie-controls-metadata recorded 1 samples, mean = 0.0 (flags = 0x41)
0  -O                                                                        (1 = 100.0%)
1  ... 

Histogram: ContentSettings.RegularProfile.Exceptions.cookies recorded 1 samples, mean = 0.0 (flags = 0x41)
0  -O                                                                        (1 = 100.0%)
1  ... 

Histogram: ContentSettings.RegularProfile.Exceptions.cookies.Allow recorded 1 samples, mean = 0.0 (flags = 0x41)
0  -O                                                                        (1 = 100.0%)
1  ... 

Histogram: ContentSettings.RegularProfile.Exceptions.cookies.AllowThirdParty recorded 1 samples, mean = 0.0 (flags = 0x41)
0  -O                                                                        (1 = 100.0%)
1  ... 

Histogram: ContentSettings.RegularProfile.Exceptions.cookies.Block recorded 1 samples, mean = 0.0 (flags = 0x41)
0  -O                                                                        (1 = 100.0%)
1  ... 

Histogram: ContentSettings.RegularProfile.Exceptions.cookies.DomainWildcardAllowThirdParty recorded 1 samples, mean = 0.0 (flags = 0x41)
0  -O                                                                        (1 = 100.0%)
1  ... 

Histogram: ContentSettings.RegularProfile.Exceptions.cookies.SessionOnly recorded 1 samples, mean = 0.0 (flags = 0x41)
0  -O                                                                        (1 = 100.0%)
1  ... 

Histogram: ContentSettings.RegularProfile.Exceptions.cookies.TemporaryAllowThirdParty recorded 1 samples, mean = 0.0 (flags = 0x41)
0  -O                                                                        (1 = 100.0%)
1  ... 

Histogram: ContentSettings.RegularProfile.Exceptions.direct-sockets recorded 1 samples, mean = 0.0 (flags = 0x41)
0  -O                                                                        (1 = 100.0%)
1  ... 

Histogram: ContentSettings.RegularProfile.Exceptions.display-media-system-audio recorded 1 samples, mean = 0.0 (flags = 0x41)
0  -O                                                                        (1 = 100.0%)
1  ... 

Histogram: ContentSettings.RegularProfile.Exceptions.durable-storage recorded 1 samples, mean = 0.0 (flags = 0x41)
0  -O                                                                        (1 = 100.0%)
1  ... 

Histogram: ContentSettings.RegularProfile.Exceptions.fedcm-idp-registration recorded 1 samples, mean = 0.0 (flags = 0x41)
0  -O                                                                        (1 = 100.0%)
1  ... 

Histogram: ContentSettings.RegularProfile.Exceptions.fedcm-idp-signin recorded 1 samples, mean = 1.0 (flags = 0x41)
0  O                                                                         (0 = 0.0%)
1  -O                                                                        (1 = 100.0%) {0.0%}
2  ... 

Histogram: ContentSettings.RegularProfile.Exceptions.fedcm-share recorded 1 samples, mean = 0.0 (flags = 0x41)
0  -O                                                                        (1 = 100.0%)
1  ... 

Histogram: ContentSettings.RegularProfile.Exceptions.file-system-access-chooser-data recorded 1 samples, mean = 0.0 (flags = 0x41)
0  -O                                                                        (1 = 100.0%)
1  ... 

Histogram: ContentSettings.RegularProfile.Exceptions.file-system-access-extended-permission recorded 1 samples, mean = 0.0 (flags = 0x41)
0  -O                                                                        (1 = 100.0%)
1  ... 

Histogram: ContentSettings.RegularProfile.Exceptions.file-system-access-restore-permission recorded 1 samples, mean = 0.0 (flags = 0x41)
0  -O                                                                        (1 = 100.0%)
1  ... 

Histogram: ContentSettings.RegularProfile.Exceptions.file-system-last-picked-directory recorded 1 samples, mean = 0.0 (flags = 0x41)
0  -O                                                                        (1 = 100.0%)
1  ... 

Histogram: ContentSettings.RegularProfile.Exceptions.file-system-read-guard recorded 1 samples, mean = 0.0 (flags = 0x41)
0  -O                                                                        (1 = 100.0%)
1  ... 

Histogram: ContentSettings.RegularProfile.Exceptions.file-system-write-guard recorded 1 samples, mean = 0.0 (flags = 0x41)
0  -O                                                                        (1 = 100.0%)
1  ... 

Histogram: ContentSettings.RegularProfile.Exceptions.formfill-metadata recorded 1 samples, mean = 0.0 (flags = 0x41)
0  -O                                                                        (1 = 100.0%)
1  ... 

Histogram: ContentSettings.RegularProfile.Exceptions.geolocation recorded 1 samples, mean = 0.0 (flags = 0x41)
0  -O                                                                        (1 = 100.0%)
1  ... 

Histogram: ContentSettings.RegularProfile.Exceptions.hid-chooser-data recorded 1 samples, mean = 0.0 (flags = 0x41)
0  -O                                                                        (1 = 100.0%)
1  ... 

Histogram: ContentSettings.RegularProfile.Exceptions.hid-guard recorded 1 samples, mean = 0.0 (flags = 0x41)
0  -O                                                                        (1 = 100.0%)
1  ... 

Histogram: ContentSettings.RegularProfile.Exceptions.http-allowed recorded 1 samples, mean = 0.0 (flags = 0x41)
0  -O                                                                        (1 = 100.0%)
1  ... 

Histogram: ContentSettings.RegularProfile.Exceptions.https-enforced recorded 1 samples, mean = 0.0 (flags = 0x41)
0  -O                                                                        (1 = 100.0%)
1  ... 

Histogram: ContentSettings.RegularProfile.Exceptions.idle-detection recorded 1 samples, mean = 0.0 (flags = 0x41)
0  -O                                                                        (1 = 100.0%)
1  ... 

Histogram: ContentSettings.RegularProfile.Exceptions.images recorded 1 samples, mean = 0.0 (flags = 0x41)
0  -O                                                                        (1 = 100.0%)
1  ... 

Histogram: ContentSettings.RegularProfile.Exceptions.important-site-info recorded 1 samples, mean = 0.0 (flags = 0x41)
0  -O                                                                        (1 = 100.0%)
1  ... 

Histogram: ContentSettings.RegularProfile.Exceptions.insecure-private-network recorded 1 samples, mean = 0.0 (flags = 0x41)
0  -O                                                                        (1 = 100.0%)
1  ... 

Histogram: ContentSettings.RegularProfile.Exceptions.intent-picker-auto-display recorded 1 samples, mean = 0.0 (flags = 0x41)
0  -O                                                                        (1 = 100.0%)
1  ... 

Histogram: ContentSettings.RegularProfile.Exceptions.javascript recorded 1 samples, mean = 0.0 (flags = 0x41)
0  -O                                                                        (1 = 100.0%)
1  ... 

Histogram: ContentSettings.RegularProfile.Exceptions.javascript-jit recorded 1 samples, mean = 0.0 (flags = 0x41)
0  -O                                                                        (1 = 100.0%)
1  ... 

Histogram: ContentSettings.RegularProfile.Exceptions.javascript-optimizer recorded 1 samples, mean = 0.0 (flags = 0x41)
0  -O                                                                        (1 = 100.0%)
1  ... 

Histogram: ContentSettings.RegularProfile.Exceptions.keyboard-lock recorded 1 samples, mean = 0.0 (flags = 0x41)
0  -O                                                                        (1 = 100.0%)
1  ... 

Histogram: ContentSettings.RegularProfile.Exceptions.legacy-cookie-access recorded 1 samples, mean = 0.0 (flags = 0x41)
0  -O                                                                        (1 = 100.0%)
1  ... 

Histogram: ContentSettings.RegularProfile.Exceptions.local-fonts recorded 1 samples, mean = 0.0 (flags = 0x41)
0  -O                                                                        (1 = 100.0%)
1  ... 

Histogram: ContentSettings.RegularProfile.Exceptions.media-engagement recorded 1 samples, mean = 1.0 (flags = 0x41)
0  O                                                                         (0 = 0.0%)
1  -O                                                                        (1 = 100.0%) {0.0%}
2  ... 

Histogram: ContentSettings.RegularProfile.Exceptions.media-stream-camera recorded 1 samples, mean = 0.0 (flags = 0x41)
0  -O                                                                        (1 = 100.0%)
1  ... 

Histogram: ContentSettings.RegularProfile.Exceptions.media-stream-mic recorded 1 samples, mean = 0.0 (flags = 0x41)
0  -O                                                                        (1 = 100.0%)
1  ... 

Histogram: ContentSettings.RegularProfile.Exceptions.midi-sysex recorded 1 samples, mean = 0.0 (flags = 0x41)
0  -O                                                                        (1 = 100.0%)
1  ... 

Histogram: ContentSettings.RegularProfile.Exceptions.mixed-script recorded 1 samples, mean = 0.0 (flags = 0x41)
0  -O                                                                        (1 = 100.0%)
1  ... 

Histogram: ContentSettings.RegularProfile.Exceptions.nfc-devices recorded 1 samples, mean = 0.0 (flags = 0x41)
0  -O                                                                        (1 = 100.0%)
1  ... 

Histogram: ContentSettings.RegularProfile.Exceptions.notification-interactions recorded 1 samples, mean = 0.0 (flags = 0x41)
0  -O                                                                        (1 = 100.0%)
1  ... 

Histogram: ContentSettings.RegularProfile.Exceptions.notification-permission-review recorded 1 samples, mean = 0.0 (flags = 0x41)
0  -O                                                                        (1 = 100.0%)
1  ... 

Histogram: ContentSettings.RegularProfile.Exceptions.notifications recorded 1 samples, mean = 0.0 (flags = 0x41)
0  -O                                                                        (1 = 100.0%)
1  ... 

Histogram: ContentSettings.RegularProfile.Exceptions.password-protection recorded 1 samples, mean = 0.0 (flags = 0x41)
0  -O                                                                        (1 = 100.0%)
1  ... 

Histogram: ContentSettings.RegularProfile.Exceptions.payment-handler recorded 1 samples, mean = 0.0 (flags = 0x41)
0  -O                                                                        (1 = 100.0%)
1  ... 

Histogram: ContentSettings.RegularProfile.Exceptions.permission-autoblocking-data recorded 1 samples, mean = 0.0 (flags = 0x41)
0  -O                                                                        (1 = 100.0%)
1  ... 

Histogram: ContentSettings.RegularProfile.Exceptions.permission-autorevocation-data recorded 1 samples, mean = 0.0 (flags = 0x41)
0  -O                                                                        (1 = 100.0%)
1  ... 

Histogram: ContentSettings.RegularProfile.Exceptions.pointer-lock recorded 1 samples, mean = 0.0 (flags = 0x41)
0  -O                                                                        (1 = 100.0%)
1  ... 

Histogram: ContentSettings.RegularProfile.Exceptions.popups recorded 1 samples, mean = 0.0 (flags = 0x41)
0  -O                                                                        (1 = 100.0%)
1  ... 

Histogram: ContentSettings.RegularProfile.Exceptions.popups.Allow recorded 1 samples, mean = 0.0 (flags = 0x41)
0  -O                                                                        (1 = 100.0%)
1  ... 

Histogram: ContentSettings.RegularProfile.Exceptions.popups.Block recorded 1 samples, mean = 0.0 (flags = 0x41)
0  -O                                                                        (1 = 100.0%)
1  ... 

Histogram: ContentSettings.RegularProfile.Exceptions.private-network-chooser-data recorded 1 samples, mean = 0.0 (flags = 0x41)
0  -O                                                                        (1 = 100.0%)
1  ... 

Histogram: ContentSettings.RegularProfile.Exceptions.private-network-guard recorded 1 samples, mean = 0.0 (flags = 0x41)
0  -O                                                                        (1 = 100.0%)
1  ... 

Histogram: ContentSettings.RegularProfile.Exceptions.protected-media-identifier recorded 1 samples, mean = 0.0 (flags = 0x41)
0  -O                                                                        (1 = 100.0%)
1  ... 

Histogram: ContentSettings.RegularProfile.Exceptions.protocol-handler recorded 1 samples, mean = 0.0 (flags = 0x41)
0  -O                                                                        (1 = 100.0%)
1  ... 

Histogram: ContentSettings.RegularProfile.Exceptions.reduced-accept-language recorded 1 samples, mean = 0.0 (flags = 0x41)
0  -O                                                                        (1 = 100.0%)
1  ... 

Histogram: ContentSettings.RegularProfile.Exceptions.safe-browsing-url-check-data recorded 1 samples, mean = 0.0 (flags = 0x41)
0  -O                                                                        (1 = 100.0%)
1  ... 

Histogram: ContentSettings.RegularProfile.Exceptions.sensors recorded 1 samples, mean = 0.0 (flags = 0x41)
0  -O                                                                        (1 = 100.0%)
1  ... 

Histogram: ContentSettings.RegularProfile.Exceptions.serial-chooser-data recorded 1 samples, mean = 0.0 (flags = 0x41)
0  -O                                                                        (1 = 100.0%)
1  ... 

Histogram: ContentSettings.RegularProfile.Exceptions.serial-guard recorded 1 samples, mean = 0.0 (flags = 0x41)
0  -O                                                                        (1 = 100.0%)
1  ... 

Histogram: ContentSettings.RegularProfile.Exceptions.site-engagement recorded 1 samples, mean = 1.0 (flags = 0x41)
0  O                                                                         (0 = 0.0%)
1  -O                                                                        (1 = 100.0%) {0.0%}
2  ... 

Histogram: ContentSettings.RegularProfile.Exceptions.sound recorded 1 samples, mean = 0.0 (flags = 0x41)
0  -O                                                                        (1 = 100.0%)
1  ... 

Histogram: ContentSettings.RegularProfile.Exceptions.speaker-selection recorded 1 samples, mean = 0.0 (flags = 0x41)
0  -O                                                                        (1 = 100.0%)
1  ... 

Histogram: ContentSettings.RegularProfile.Exceptions.ssl-cert-decisions recorded 1 samples, mean = 0.0 (flags = 0x41)
0  -O                                                                        (1 = 100.0%)
1  ... 

Histogram: ContentSettings.RegularProfile.Exceptions.storage-access recorded 1 samples, mean = 0.0 (flags = 0x41)
0  -O                                                                        (1 = 100.0%)
1  ... 

Histogram: ContentSettings.RegularProfile.Exceptions.storage-access-header-origin-trial recorded 1 samples, mean = 0.0 (flags = 0x41)
0  -O                                                                        (1 = 100.0%)
1  ... 

Histogram: ContentSettings.RegularProfile.Exceptions.storage-access.Allow recorded 1 samples, mean = 0.0 (flags = 0x41)
0  -O                                                                        (1 = 100.0%)
1  ... 

Histogram: ContentSettings.RegularProfile.Exceptions.storage-access.Ask recorded 1 samples, mean = 0.0 (flags = 0x41)
0  -O                                                                        (1 = 100.0%)
1  ... 

Histogram: ContentSettings.RegularProfile.Exceptions.storage-access.Block recorded 1 samples, mean = 0.0 (flags = 0x41)
0  -O                                                                        (1 = 100.0%)
1  ... 

Histogram: ContentSettings.RegularProfile.Exceptions.storage-access.MaxRequester recorded 1 samples, mean = 0.0 (flags = 0x41)
0  -O                                                                        (1 = 100.0%)
1  ... 

Histogram: ContentSettings.RegularProfile.Exceptions.storage-access.MaxTopLevel recorded 1 samples, mean = 0.0 (flags = 0x41)
0  -O                                                                        (1 = 100.0%)
1  ... 

Histogram: ContentSettings.RegularProfile.Exceptions.subresource-filter recorded 1 samples, mean = 0.0 (flags = 0x41)
0  -O                                                                        (1 = 100.0%)
1  ... 

Histogram: ContentSettings.RegularProfile.Exceptions.subresource-filter-data recorded 1 samples, mean = 0.0 (flags = 0x41)
0  -O                                                                        (1 = 100.0%)
1  ... 

Histogram: ContentSettings.RegularProfile.Exceptions.subresource-filter.Allow recorded 1 samples, mean = 0.0 (flags = 0x41)
0  -O                                                                        (1 = 100.0%)
1  ... 

Histogram: ContentSettings.RegularProfile.Exceptions.subresource-filter.Block recorded 1 samples, mean = 0.0 (flags = 0x41)
0  -O                                                                        (1 = 100.0%)
1  ... 

Histogram: ContentSettings.RegularProfile.Exceptions.third-party-storage-partitioning recorded 1 samples, mean = 0.0 (flags = 0x41)
0  -O                                                                        (1 = 100.0%)
1  ... 

Histogram: ContentSettings.RegularProfile.Exceptions.top-level-3pcd-origin-trial recorded 1 samples, mean = 0.0 (flags = 0x41)
0  -O                                                                        (1 = 100.0%)
1  ... 

Histogram: ContentSettings.RegularProfile.Exceptions.top-level-3pcd-support recorded 1 samples, mean = 0.0 (flags = 0x41)
0  -O                                                                        (1 = 100.0%)
1  ... 

Histogram: ContentSettings.RegularProfile.Exceptions.top-level-storage-access recorded 1 samples, mean = 0.0 (flags = 0x41)
0  -O                                                                        (1 = 100.0%)
1  ... 

Histogram: ContentSettings.RegularProfile.Exceptions.tracking-protection recorded 1 samples, mean = 0.0 (flags = 0x41)
0  -O                                                                        (1 = 100.0%)
1  ... 

Histogram: ContentSettings.RegularProfile.Exceptions.tracking-protection.Allow recorded 1 samples, mean = 0.0 (flags = 0x41)
0  -O                                                                        (1 = 100.0%)
1  ... 

Histogram: ContentSettings.RegularProfile.Exceptions.tracking-protection.Block recorded 1 samples, mean = 0.0 (flags = 0x41)
0  -O                                                                        (1 = 100.0%)
1  ... 

Histogram: ContentSettings.RegularProfile.Exceptions.unused-site-permissions recorded 1 samples, mean = 0.0 (flags = 0x41)
0  -O                                                                        (1 = 100.0%)
1  ... 

Histogram: ContentSettings.RegularProfile.Exceptions.usb-chooser-data recorded 1 samples, mean = 0.0 (flags = 0x41)
0  -O                                                                        (1 = 100.0%)
1  ... 

Histogram: ContentSettings.RegularProfile.Exceptions.usb-guard recorded 1 samples, mean = 0.0 (flags = 0x41)
0  -O                                                                        (1 = 100.0%)
1  ... 

Histogram: ContentSettings.RegularProfile.Exceptions.vr recorded 1 samples, mean = 0.0 (flags = 0x41)
0  -O                                                                        (1 = 100.0%)
1  ... 

Histogram: ContentSettings.RegularProfile.Exceptions.webid-api recorded 1 samples, mean = 0.0 (flags = 0x41)
0  -O                                                                        (1 = 100.0%)
1  ... 

Histogram: ContentSettings.RegularProfile.Exceptions.webid-auto-reauthn recorded 1 samples, mean = 0.0 (flags = 0x41)
0  -O                                                                        (1 = 100.0%)
1  ... 

Histogram: ContentSettings.RegularProfile.Exceptions.window-placement recorded 1 samples, mean = 0.0 (flags = 0x41)
0  -O                                                                        (1 = 100.0%)
1  ... 

Histogram: Conversions.DelayOnAttestationsLoaded recorded 1 samples, mean = 300065.0 (flags = 0x41)
0       ... 
300000  -O                                                                        (1 = 100.0%) {0.0%}

Histogram: Cookie.ClockSkew.AddMinutes recorded 6 samples, mean = 0.0 (flags = 0x41)
0  ------O                                                                   (6 = 100.0%)
1  ... 

Histogram: Cookie.ClockSkew.AddMinutes12To24Hours recorded 6 samples, mean = 0.0 (flags = 0x41)
0  ------O                                                                   (6 = 100.0%)
720... 

Histogram: Cookie.ClockSkew.ExpiredWithoutSkew recorded 6 samples, mean = 0.0 (flags = 0x41)
0  ------O                                                                   (6 = 100.0%)
1  ... 

Histogram: Cookie.CookiePrefix recorded 6 samples, mean = 0.0 (flags = 0x41)
0  ------O                                                                   (6 = 100.0%)
1  ... 

Histogram: Cookie.CookieSchemeRequestScheme recorded 41 samples, mean = 2.0 (flags = 0x41)
0  ... 
2  -----------------------------------------O                                (41 = 100.0%) {0.0%}
3  ... 

Histogram: Cookie.CookieSourceScheme recorded 6 samples, mean = 0.0 (flags = 0x41)
0  ------O                                                                   (6 = 100.0%)
1  ... 

Histogram: Cookie.CookieSourceSchemeName recorded 6 samples, mean = 14.0 (flags = 0x41)
0   ... 
14  ------O                                                                   (6 = 100.0%) {0.0%}
15  ... 

Histogram: Cookie.CrossSiteRedirectType.Read recorded 81 samples, mean = 1.0 (flags = 0x41)
0  O                                                                         (0 = 0.0%)
1  ------------------------------------------------------------------------O (81 = 100.0%) {0.0%}
2  ... 

Histogram: Cookie.CrossSiteRedirectType.Write recorded 6 samples, mean = 1.0 (flags = 0x41)
0  O                                                                         (0 = 0.0%)
1  ------O                                                                   (6 = 100.0%) {0.0%}
2  ... 

Histogram: Cookie.DomainHasNonASCII recorded 6 samples, mean = 0.0 (flags = 0x41)
0  ------O                                                                   (6 = 100.0%)
1  ... 

Histogram: Cookie.DomainSet recorded 6 samples, mean = 1.0 (flags = 0x41)
0  O                                                                         (0 = 0.0%)
1  ------O                                                                   (6 = 100.0%) {0.0%}
2  O                                                                         (0 = 0.0%) {100.0%}

Histogram: Cookie.DoubleUnderscorePrefixedName recorded 6 samples, mean = 0.8 (flags = 0x41)
0  -O                                                                        (1 = 16.7%)
1  -----O                                                                    (5 = 83.3%) {16.7%}
2  O                                                                         (0 = 0.0%) {100.0%}

Histogram: Cookie.ExpirationDuration400DaysLTE recorded 6 samples, mean = 60.8 (flags = 0x41)
0    -----O                                                                    (5 = 83.3%)
1    ... 
364  -O                                                                        (1 = 16.7%) {83.3%}
400  O                                                                         (0 = 0.0%) {100.0%}

Histogram: Cookie.ExpirationDurationMinutesSecure recorded 6 samples, mean = 87625.0 (flags = 0x41)
0       ... 
26      -----O                                                                    (5 = 83.3%) {0.0%}
36      ... 
429766  -O                                                                        (1 = 16.7%) {83.3%}
587706  ... 

Histogram: Cookie.FirstPartyPartitioned.HasCrossSiteAncestor recorded 5 samples, mean = 0.0 (flags = 0x41)
0  -----O                                                                    (5 = 100.0%)
1  ... 

Histogram: Cookie.FirstPartySets.Browser.DelayedQueriesCount recorded 1 samples, mean = 2.0 (flags = 0x41)
0  ... 
2  -O                                                                        (1 = 100.0%) {0.0%}
3  ... 

Histogram: Cookie.FirstPartySets.Browser.MostDelayedQueryDelta recorded 1 samples, mean = 42.0 (flags = 0x41)
0   ... 
40  -O                                                                        (1 = 100.0%) {0.0%}
48  ... 

Histogram: Cookie.FirstPartySets.ComponentSetsNonfatalErrors recorded 1 samples, mean = 0.0 (flags = 0x41)
0  -O                                                                        (1 = 100.0%)
1  ... 

Histogram: Cookie.FirstPartySets.ComponentSetsParsedSuccessfully recorded 1 samples, mean = 0.0 (flags = 0x41)
0  -O                                                                        (1 = 100.0%)
1  ... 

Histogram: Cookie.FirstPartySets.ContextDelayedQueriesCount recorded 1 samples, mean = 0.0 (flags = 0x41)
0  -O                                                                        (1 = 100.0%)
1  ... 

Histogram: Cookie.FirstPartySets.ContextMostDelayedQueryDelta recorded 1 samples, mean = 0.0 (flags = 0x41)
0  -O                                                                        (1 = 100.0%)
1  ... 

Histogram: Cookie.FirstPartySets.EnqueueingDelay.ContextConfig2 recorded 1 samples, mean = 18.0 (flags = 0x41)
0   ... 
17  -O                                                                        (1 = 100.0%) {0.0%}
20  ... 

Histogram: Cookie.FirstPartySets.InitializationDuration.ContextReadyToServeQueries2 recorded 1 samples, mean = 6264.0 (flags = 0x41)
0     ... 
5961  -O                                                                        (1 = 100.0%) {0.0%}
7083  ... 

Histogram: Cookie.FirstPartySets.InitializationDuration.ReadCommandLineSet2 recorded 1 samples, mean = 42.0 (flags = 0x41)
0   ... 
40  -O                                                                        (1 = 100.0%) {0.0%}
48  ... 

Histogram: Cookie.FirstPartySets.InitializationDuration.ReadComponentSets2 recorded 1 samples, mean = 0.0 (flags = 0x41)
0  -O                                                                        (1 = 100.0%)
1  ... 

Histogram: Cookie.FirstPartySets.InitializationDuration.ReadyToServeQueries2 recorded 1 samples, mean = 0.0 (flags = 0x41)
0  -O                                                                        (1 = 100.0%)
1  ... 

Histogram: Cookie.FirstPartySets.Network.DelayedQueriesCount recorded 1 samples, mean = 0.0 (flags = 0x41)
0  -O                                                                        (1 = 100.0%)
1  ... 

Histogram: Cookie.FirstPartySets.Network.MostDelayedQueryDelta recorded 1 samples, mean = 0.0 (flags = 0x41)
0  -O                                                                        (1 = 100.0%)
1  ... 

Histogram: Cookie.FirstPartySets.ProcessedEntireComponent recorded 1 samples, mean = 1.0 (flags = 0x41)
0  O                                                                         (0 = 0.0%)
1  -O                                                                        (1 = 100.0%) {0.0%}
2  O                                                                         (0 = 0.0%) {100.0%}

Histogram: Cookie.FromStorageWithValidLength recorded 93 samples, mean = 1.0 (flags = 0x41)
0  O                                                                         (0 = 0.0%)
1  ------------------------------------------------------------------------O (93 = 100.0%) {0.0%}
2  O                                                                         (0 = 0.0%) {100.0%}

Histogram: Cookie.HasNonASCII.Name recorded 6 samples, mean = 0.0 (flags = 0x41)
0  ------O                                                                   (6 = 100.0%)
1  ... 

Histogram: Cookie.HasNonASCII.Value recorded 6 samples, mean = 0.0 (flags = 0x41)
0  ------O                                                                   (6 = 100.0%)
1  ... 

Histogram: Cookie.IncludedRequestEffectiveSameSite recorded 79 samples, mean = 0.0 (flags = 0x41)
0  ------------------------------------------------------------------------O (79 = 100.0%)
1  ... 

Histogram: Cookie.IncludedResponseEffectiveSameSite recorded 6 samples, mean = 0.0 (flags = 0x41)
0  ------O                                                                   (6 = 100.0%)
1  ... 

Histogram: Cookie.IsPartitionedValid recorded 1 samples, mean = 1.0 (flags = 0x41)
0  O                                                                         (0 = 0.0%)
1  -O                                                                        (1 = 100.0%) {0.0%}
2  O                                                                         (0 = 0.0%) {100.0%}

Histogram: Cookie.NameOrValueHtab recorded 6 samples, mean = 0.0 (flags = 0x41)
0  ------O                                                                   (6 = 100.0%)
1  ... 

Histogram: Cookie.OnCookiesAccessed.BatchSize recorded 37 samples, mean = 1.1 (flags = 0x41)
0  O                                                                         (0 = 0.0%)
1  ----------------------------------O                                       (34 = 91.9%) {0.0%}
2  ---O                                                                      (3 = 8.1%) {91.9%}
3  ... 

Histogram: Cookie.OnCookiesAccessed.TotalAccesses recorded 37 samples, mean = 1.2 (flags = 0x41)
0  O                                                                         (0 = 0.0%)
1  ------------------------------O                                           (30 = 81.1%) {0.0%}
2  ------O                                                                   (6 = 16.2%) {81.1%}
3  -O                                                                        (1 = 2.7%) {97.3%}
4  ... 

Histogram: Cookie.PartitionedCookiesInRequest recorded 37 samples, mean = 0.1 (flags = 0x41)
0  ---------------------------------O                                        (33 = 89.2%)
1  ----O                                                                     (4 = 10.8%) {89.2%}
2  ... 

Histogram: Cookie.Port.Read.RemoteHost recorded 79 samples, mean = 7.0 (flags = 0x41)
0  ... 
7  ------------------------------------------------------------------------O (79 = 100.0%) {0.0%}
8  ... 

Histogram: Cookie.Port.ReadDiffersFromSet.DomainSet recorded 79 samples, mean = 4.0 (flags = 0x41)
0  ... 
4  ------------------------------------------------------------------------O (79 = 100.0%) {0.0%}
5  O                                                                         (0 = 0.0%) {100.0%}

Histogram: Cookie.Port.ReadDiffersFromSet.RemoteHost recorded 79 samples, mean = 4.0 (flags = 0x41)
0  ... 
4  ------------------------------------------------------------------------O (79 = 100.0%) {0.0%}
5  O                                                                         (0 = 0.0%) {100.0%}

Histogram: Cookie.Port.Set.RemoteHost recorded 6 samples, mean = 7.0 (flags = 0x41)
0  ... 
7  ------O                                                                   (6 = 100.0%) {0.0%}
8  ... 

Histogram: Cookie.RequestSameSiteContext recorded 82 samples, mean = 3.0 (flags = 0x41)
0  ... 
3  ------------------------------------------------------------------------O (82 = 100.0%) {0.0%}
4  O                                                                         (0 = 0.0%) {100.0%}

Histogram: Cookie.SameSiteAttributeValue recorded 6 samples, mean = 5.0 (flags = 0x41)
0  ... 
5  ------O                                                                   (6 = 100.0%) {0.0%}
6  ... 

Histogram: Cookie.SameSiteNoneSizeBytes recorded 6 samples, mean = 241.2 (flags = 0x41)
0    ... 
190  -----O                                                                    (5 = 83.3%) {0.0%}
226  ... 
378  -O                                                                        (1 = 16.7%) {83.3%}
449  ... 

Histogram: Cookie.SameSiteNoneSizeBytes.Partitioned recorded 1 samples, mean = 417.0 (flags = 0x41)
0    ... 
378  -O                                                                        (1 = 100.0%) {0.0%}
449  ... 

Histogram: Cookie.SameSiteNoneSizeBytes.Unpartitioned recorded 5 samples, mean = 206.0 (flags = 0x41)
0    ... 
190  -----O                                                                    (5 = 100.0%) {0.0%}
226  ... 

Histogram: Cookie.SourceType recorded 6 samples, mean = 1.0 (flags = 0x41)
0  O                                                                         (0 = 0.0%)
1  ------O                                                                   (6 = 100.0%) {0.0%}
2  ... 

Histogram: Cookie.TimeBlockedOnLoad recorded 2 samples, mean = 182.0 (flags = 0x41)
0    O                                                                         (0 = 0.0%)
1    -O                                                                        (1 = 50.0%) {0.0%}
2    ... 
345  -O                                                                        (1 = 50.0%) {50.0%}
428  ... 

Histogram: Cookie.TimeInitializeDB recorded 2 samples, mean = 0.0 (flags = 0x41)
0  --O                                                                       (2 = 100.0%)
1  ... 

Histogram: Cookie.TimeOpsBlockedDueToGlobalOp recorded 2 samples, mean = 0.5 (flags = 0x41)
0  -O                                                                        (1 = 50.0%)
1  -O                                                                        (1 = 50.0%) {50.0%}
2  ... 

Histogram: Cookie.Type2 recorded 6 samples, mean = 14.0 (flags = 0x41)
0   ... 
14  ------O                                                                   (6 = 100.0%) {0.0%}
15  ... 

Histogram: Crypto.TPMDuration.MessageSigningECDSA recorded 1 samples, mean = 48.0 (flags = 0x41)
0   ... 
41  -O                                                                        (1 = 100.0%) {0.0%}
52  ... 

Histogram: Crypto.TPMDuration.NewKeyCreationECDSA recorded 1 samples, mean = 101.0 (flags = 0x41)
0   ... 
84  -O                                                                        (1 = 100.0%) {0.0%}
107 ... 

Histogram: Crypto.TPMDuration.WrappedKeyCreationECDSA recorded 1 samples, mean = 41.0 (flags = 0x41)
0   ... 
41  -O                                                                        (1 = 100.0%) {0.0%}
52  ... 

Histogram: Crypto.TPMOperation.MessageSigningECDSA recorded 1 samples, mean = 1.0 (flags = 0x41)
0  O                                                                         (0 = 0.0%)
1  -O                                                                        (1 = 100.0%) {0.0%}
2  O                                                                         (0 = 0.0%) {100.0%}

Histogram: Crypto.TPMOperation.MessageVerifyECDSA recorded 1 samples, mean = 1.0 (flags = 0x41)
0  O                                                                         (0 = 0.0%)
1  -O                                                                        (1 = 100.0%) {0.0%}
2  O                                                                         (0 = 0.0%) {100.0%}

Histogram: Crypto.TPMOperation.NewKeyCreationECDSA recorded 1 samples, mean = 1.0 (flags = 0x41)
0  O                                                                         (0 = 0.0%)
1  -O                                                                        (1 = 100.0%) {0.0%}
2  O                                                                         (0 = 0.0%) {100.0%}

Histogram: Crypto.TPMOperation.Virtual.NewKeyCreationECDSA recorded 1 samples, mean = 0.0 (flags = 0x41)
0  -O                                                                        (1 = 100.0%)
1  ... 

Histogram: Crypto.TPMOperation.WrappedKeyCreationECDSA recorded 1 samples, mean = 1.0 (flags = 0x41)
0  O                                                                         (0 = 0.0%)
1  -O                                                                        (1 = 100.0%) {0.0%}
2  O                                                                         (0 = 0.0%) {100.0%}

Histogram: Crypto.TPMSupport2 recorded 1 samples, mean = 2.0 (flags = 0x41)
0  ... 
2  -O                                                                        (1 = 100.0%) {0.0%}
3  O                                                                         (0 = 0.0%) {100.0%}

Histogram: Crypto.TPMSupportType recorded 1 samples, mean = 1.0 (flags = 0x41)
0  O                                                                         (0 = 0.0%)
1  -O                                                                        (1 = 100.0%) {0.0%}
2  ... 

Histogram: Crypto.TpmError.VirtualCreateKey recorded 1 samples (flags = 0x41)
-2146893767-O                                                                        (1 = 100.0%)

Histogram: Crypto.VirtualKeySupport recorded 1 samples, mean = 2.0 (flags = 0x41)
0  ... 
2  -O                                                                        (1 = 100.0%) {0.0%}
3  O                                                                         (0 = 0.0%) {100.0%}

Histogram: DOMStorage.CommitMeasuredDelay recorded 4 samples, mean = 3663.8 (flags = 0x41)
0     ... 
3     -O                                                                        (1 = 25.0%) {0.0%}
4     ... 
4249  -O                                                                        (1 = 25.0%) {25.0%}
4904  --O                                                                       (2 = 50.0%) {50.0%}
5660  ... 

Histogram: DOMStorage.CommitSizeBytes recorded 2 samples, mean = 356.5 (flags = 0x41)
0    ... 
293  -O                                                                        (1 = 50.0%) {0.0%}
330  O                                                                         (0 = 0.0%) {50.0%}
372  -O                                                                        (1 = 50.0%) {50.0%}
419  ... 

Histogram: DataUse.BytesReceived3.Delegate recorded 54 samples, mean = 26442.8 (flags = 0x41)
0       ... 
64      -O                                                                        (1 = 1.9%) {0.0%}
83      ... 
297     -O                                                                        (1 = 1.9%) {1.9%}
383     -O                                                                        (1 = 1.9%) {3.7%}
494     ---O                                                                      (3 = 5.6%) {5.6%}
637     -O                                                                        (1 = 1.9%) {11.1%}
821     ----O                                                                     (4 = 7.4%) {13.0%}
1059    ----O                                                                     (4 = 7.4%) {20.4%}
1366    ---O                                                                      (3 = 5.6%) {27.8%}
1761    --O                                                                       (2 = 3.7%) {33.3%}
2271    -O                                                                        (1 = 1.9%) {37.0%}
2928    -----O                                                                    (5 = 9.3%) {38.9%}
3776    --O                                                                       (2 = 3.7%) {48.1%}
4869    --O                                                                       (2 = 3.7%) {51.9%}
6279    -O                                                                        (1 = 1.9%) {55.6%}
8097    -O                                                                        (1 = 1.9%) {57.4%}
10441   --O                                                                       (2 = 3.7%) {59.3%}
13464   O                                                                         (0 = 0.0%) {63.0%}
17362   ---O                                                                      (3 = 5.6%) {63.0%}
22388   ---O                                                                      (3 = 5.6%) {68.5%}
28869   --O                                                                       (2 = 3.7%) {74.1%}
37226   --O                                                                       (2 = 3.7%) {77.8%}
48002   --O                                                                       (2 = 3.7%) {81.5%}
61898   O                                                                         (0 = 0.0%) {85.2%}
79817   ---O                                                                      (3 = 5.6%) {85.2%}
102923  ---O                                                                      (3 = 5.6%) {90.7%}
132718  --O                                                                       (2 = 3.7%) {96.3%}
171138  ... 

Histogram: DataUse.BytesSent3.Delegate recorded 54 samples, mean = 570.1 (flags = 0x41)
0      ... 
21     -O                                                                        (1 = 1.9%) {0.0%}
28     ... 
65     ------------------------O                                                 (24 = 44.4%) {1.9%}
86     ------O                                                                   (6 = 11.1%) {46.3%}
113    O                                                                         (0 = 0.0%) {57.4%}
149    -O                                                                        (1 = 1.9%) {57.4%}
196    ---O                                                                      (3 = 5.6%) {59.3%}
258    --O                                                                       (2 = 3.7%) {64.8%}
340    --O                                                                       (2 = 3.7%) {68.5%}
448    --------O                                                                 (8 = 14.8%) {72.2%}
590    ----O                                                                     (4 = 7.4%) {87.0%}
777    -O                                                                        (1 = 1.9%) {94.4%}
1023   -O                                                                        (1 = 1.9%) {96.3%}
1347   ... 
16063  -O                                                                        (1 = 1.9%) {98.1%}
21156  ... 

Histogram: DefaultBrowser.State recorded 1 samples, mean = 0.0 (flags = 0x41)
0  -O                                                                        (1 = 100.0%)
1  ... 

Histogram: DiskCache.0.Error recorded 1 samples, mean = 0.0 (flags = 0x41)
0  -O                                                                        (1 = 100.0%)
1  ... 

Histogram: DiskCache.0.TotalIOTimeRead recorded 7 samples, mean = 0.0 (flags = 0x41)
0  -------O                                                                  (7 = 100.0%)
1  ... 

Histogram: DiskCache.0.TotalIOTimeWrite recorded 172 samples, mean = 0.1 (flags = 0x41)
0   ------------------------------------------------------------------------O (158 = 91.9%)
1   -----O                                                                    (12 = 7.0%) {91.9%}
2   O                                                                         (0 = 0.0%) {98.8%}
3   O                                                                         (1 = 0.6%) {98.8%}
4   ... 
10  O                                                                         (1 = 0.6%) {99.4%}
12  ... 

Histogram: Download.Database.IsAvailable recorded 1 samples, mean = 1.0 (flags = 0x41)
0  O                                                                         (0 = 0.0%)
1  -O                                                                        (1 = 100.0%) {0.0%}
2  O                                                                         (0 = 0.0%) {100.0%}

Histogram: Download.Service.Db.Operation.Failure recorded 1 samples, mean = 0.0 (flags = 0x41)
0  -O                                                                        (1 = 100.0%)
1  ... 

Histogram: Download.Service.Files.CleanUp.External recorded 1 samples, mean = 0.0 (flags = 0x41)
0  -O                                                                        (1 = 100.0%)
1  ... 

Histogram: Download.Service.Files.CleanUp.External.HardRecovery recorded 1 samples, mean = 0.0 (flags = 0x41)
0  -O                                                                        (1 = 100.0%)
1  ... 

Histogram: Download.Service.Files.CleanUp.Failure recorded 1 samples, mean = 0.0 (flags = 0x41)
0  -O                                                                        (1 = 100.0%)
1  ... 

Histogram: Download.Service.Files.CleanUp.Failure.HardRecovery recorded 1 samples, mean = 0.0 (flags = 0x41)
0  -O                                                                        (1 = 100.0%)
1  ... 

Histogram: Download.Service.Files.CleanUp.Success recorded 1 samples, mean = 0.0 (flags = 0x41)
0  -O                                                                        (1 = 100.0%)
1  ... 

Histogram: Download.Service.Files.CleanUp.Success.HardRecovery recorded 1 samples, mean = 0.0 (flags = 0x41)
0  -O                                                                        (1 = 100.0%)
1  ... 

Histogram: Download.Service.StartUpStatus.Initialization recorded 2 samples, mean = 2.0 (flags = 0x41)
0  O                                                                         (0 = 0.0%)
1  -O                                                                        (1 = 50.0%) {0.0%}
2  O                                                                         (0 = 0.0%) {50.0%}
3  -O                                                                        (1 = 50.0%) {50.0%}
4  ... 

Histogram: Download.Service.StartUpStatus.Recovery recorded 2 samples, mean = 2.0 (flags = 0x41)
0  O                                                                         (0 = 0.0%)
1  -O                                                                        (1 = 50.0%) {0.0%}
2  O                                                                         (0 = 0.0%) {50.0%}
3  -O                                                                        (1 = 50.0%) {50.0%}
4  ... 

Histogram: Enterprise.TimeToFirstPolicyLoad.Profile.Unmanaged recorded 1 samples, mean = 0.0 (flags = 0x41)
0  -O                                                                        (1 = 100.0%)
1  ... 

Histogram: EnterpriseCheck.AzureADJoinStatusCheckTime recorded 1 samples, mean = 6.0 (flags = 0x41)
0  ... 
6  -O                                                                        (1 = 100.0%) {0.0%}
7  ... 

Histogram: Event.GestureCreated recorded 1 samples, mean = 12.0 (flags = 0x41)
0   ... 
12  -O                                                                        (1 = 100.0%) {0.0%}
13  ... 

Histogram: Extension.Toolbar.BrowserActionsCount2 recorded 1 samples, mean = 0.0 (flags = 0x41)
0  -O                                                                        (1 = 100.0%)
1  ... 

Histogram: ExtensionToolbarModel.BrowserActionsCount recorded 1 samples, mean = 0.0 (flags = 0x41)
0  -O                                                                        (1 = 100.0%)
1  ... 

Histogram: Extensions.AppLocation2 recorded 1 samples, mean = 5.0 (flags = 0x41)
0  ... 
5  -O                                                                        (1 = 100.0%) {0.0%}
6  ... 

Histogram: Extensions.CorruptExtensionTotalDisables recorded 1 samples, mean = 0.0 (flags = 0x41)
0  -O                                                                        (1 = 100.0%)
1  ... 

Histogram: Extensions.CorruptExtensionTotalDisables2 recorded 1 samples, mean = 0.0 (flags = 0x41)
0  -O                                                                        (1 = 100.0%)
1  ... 

Histogram: Extensions.Database.Open.State recorded 2 samples, mean = 5.0 (flags = 0x41)
0  ... 
5  --O                                                                       (2 = 100.0%) {0.0%}
6  O                                                                         (0 = 0.0%) {100.0%}

Histogram: Extensions.DeveloperModeEnabled recorded 2 samples, mean = 0.0 (flags = 0x41)
0  --O                                                                       (2 = 100.0%)
1  ... 

Histogram: Extensions.DidCreateScriptContext_Unspecified recorded 1 samples, mean = 0.0 (flags = 0x41)
0  -O                                                                        (1 = 100.0%)
1  ... 

Histogram: Extensions.DidCreateScriptContext_WebPage recorded 3 samples, mean = 0.0 (flags = 0x41)
0  ---O                                                                      (3 = 100.0%)
1  ... 

Histogram: Extensions.Disabled recorded 1 samples, mean = 0.0 (flags = 0x41)
0  -O                                                                        (1 = 100.0%)
1  ... 

Histogram: Extensions.Disabled2 recorded 1 samples, mean = 0.0 (flags = 0x41)
0  -O                                                                        (1 = 100.0%)
1  ... 

Histogram: Extensions.DisabledForPermissions recorded 1 samples, mean = 0.0 (flags = 0x41)
0  -O                                                                        (1 = 100.0%)
1  ... 

Histogram: Extensions.DisabledForPermissions2 recorded 1 samples, mean = 0.0 (flags = 0x41)
0  -O                                                                        (1 = 100.0%)
1  ... 

Histogram: Extensions.EventlessEventPages2 recorded 1 samples, mean = 0.0 (flags = 0x41)
0  -O                                                                        (1 = 100.0%)
1  ... 

Histogram: Extensions.ExtensionLocation recorded 1 samples, mean = 5.0 (flags = 0x41)
0  ... 
5  -O                                                                        (1 = 100.0%) {0.0%}
6  ... 

Histogram: Extensions.ExtensionLocation2 recorded 1 samples, mean = 5.0 (flags = 0x41)
0  ... 
5  -O                                                                        (1 = 100.0%) {0.0%}
6  ... 

Histogram: Extensions.ExtensionsWithPageActions recorded 1 samples, mean = 0.0 (flags = 0x41)
0  -O                                                                        (1 = 100.0%)
1  ... 

Histogram: Extensions.HomepageOverrides recorded 1 samples, mean = 0.0 (flags = 0x41)
0  -O                                                                        (1 = 100.0%)
1  ... 

Histogram: Extensions.HomepageOverrides2 recorded 1 samples, mean = 0.0 (flags = 0x41)
0  -O                                                                        (1 = 100.0%)
1  ... 

Histogram: Extensions.InjectEnd_ScriptCount recorded 3 samples, mean = 0.0 (flags = 0x41)
0  ---O                                                                      (3 = 100.0%)
1  ... 

Histogram: Extensions.InjectIdle_ScriptCount recorded 3 samples, mean = 0.0 (flags = 0x41)
0  ---O                                                                      (3 = 100.0%)
1  ... 

Histogram: Extensions.InjectStart_CssCount recorded 5 samples, mean = 0.0 (flags = 0x41)
0  -----O                                                                    (5 = 100.0%)
1  ... 

Histogram: Extensions.InjectStart_ScriptCount recorded 5 samples, mean = 0.0 (flags = 0x41)
0  -----O                                                                    (5 = 100.0%)
1  ... 

Histogram: Extensions.LoadAll recorded 1 samples, mean = 2.0 (flags = 0x41)
0  ... 
2  -O                                                                        (1 = 100.0%) {0.0%}
3  ... 

Histogram: Extensions.LoadAll2 recorded 1 samples, mean = 2.0 (flags = 0x41)
0  ... 
2  -O                                                                        (1 = 100.0%) {0.0%}
3  ... 

Histogram: Extensions.LoadAllComponentTime recorded 1 samples, mean = 0.0 (flags = 0x41)
0  -O                                                                        (1 = 100.0%)
1  ... 

Histogram: Extensions.LoadAllComponentTime.User recorded 1 samples, mean = 0.0 (flags = 0x41)
0  -O                                                                        (1 = 100.0%)
1  ... 

Histogram: Extensions.LoadAllTime2 recorded 1 samples, mean = 0.0 (flags = 0x41)
0  -O                                                                        (1 = 100.0%)
1  ... 

Histogram: Extensions.LoadAllTime2.User recorded 1 samples, mean = 0.0 (flags = 0x41)
0  -O                                                                        (1 = 100.0%)
1  ... 

Histogram: Extensions.LoadApp recorded 1 samples, mean = 0.0 (flags = 0x41)
0  -O                                                                        (1 = 100.0%)
1  ... 

Histogram: Extensions.LoadApp2 recorded 1 samples, mean = 0.0 (flags = 0x41)
0  -O                                                                        (1 = 100.0%)
1  ... 

Histogram: Extensions.LoadAppExternal recorded 1 samples, mean = 0.0 (flags = 0x41)
0  -O                                                                        (1 = 100.0%)
1  ... 

Histogram: Extensions.LoadAppExternal2 recorded 1 samples, mean = 0.0 (flags = 0x41)
0  -O                                                                        (1 = 100.0%)
1  ... 

Histogram: Extensions.LoadAppUser recorded 1 samples, mean = 0.0 (flags = 0x41)
0  -O                                                                        (1 = 100.0%)
1  ... 

Histogram: Extensions.LoadAppUser2 recorded 1 samples, mean = 0.0 (flags = 0x41)
0  -O                                                                        (1 = 100.0%)
1  ... 

Histogram: Extensions.LoadBrowserAction recorded 1 samples, mean = 0.0 (flags = 0x41)
0  -O                                                                        (1 = 100.0%)
1  ... 

Histogram: Extensions.LoadBrowserAction2 recorded 1 samples, mean = 0.0 (flags = 0x41)
0  -O                                                                        (1 = 100.0%)
1  ... 

Histogram: Extensions.LoadExtension recorded 1 samples, mean = 0.0 (flags = 0x41)
0  -O                                                                        (1 = 100.0%)
1  ... 

Histogram: Extensions.LoadExtension2 recorded 1 samples, mean = 0.0 (flags = 0x41)
0  -O                                                                        (1 = 100.0%)
1  ... 

Histogram: Extensions.LoadExtensionExternal recorded 1 samples, mean = 0.0 (flags = 0x41)
0  -O                                                                        (1 = 100.0%)
1  ... 

Histogram: Extensions.LoadExtensionExternal2 recorded 1 samples, mean = 0.0 (flags = 0x41)
0  -O                                                                        (1 = 100.0%)
1  ... 

Histogram: Extensions.LoadExtensionUser2 recorded 1 samples, mean = 0.0 (flags = 0x41)
0  -O                                                                        (1 = 100.0%)
1  ... 

Histogram: Extensions.LoadHostedApp recorded 1 samples, mean = 0.0 (flags = 0x41)
0  -O                                                                        (1 = 100.0%)
1  ... 

Histogram: Extensions.LoadHostedApp2 recorded 1 samples, mean = 0.0 (flags = 0x41)
0  -O                                                                        (1 = 100.0%)
1  ... 

Histogram: Extensions.LoadNoExtensionAction recorded 1 samples, mean = 0.0 (flags = 0x41)
0  -O                                                                        (1 = 100.0%)
1  ... 

Histogram: Extensions.LoadNoExtensionAction2 recorded 1 samples, mean = 0.0 (flags = 0x41)
0  -O                                                                        (1 = 100.0%)
1  ... 

Histogram: Extensions.LoadOffStoreItems recorded 1 samples, mean = 0.0 (flags = 0x41)
0  -O                                                                        (1 = 100.0%)
1  ... 

Histogram: Extensions.LoadOffStoreItems2 recorded 1 samples, mean = 0.0 (flags = 0x41)
0  -O                                                                        (1 = 100.0%)
1  ... 

Histogram: Extensions.LoadPackagedApp recorded 1 samples, mean = 0.0 (flags = 0x41)
0  -O                                                                        (1 = 100.0%)
1  ... 

Histogram: Extensions.LoadPackagedApp2 recorded 1 samples, mean = 0.0 (flags = 0x41)
0  -O                                                                        (1 = 100.0%)
1  ... 

Histogram: Extensions.LoadPlatformApp recorded 1 samples, mean = 0.0 (flags = 0x41)
0  -O                                                                        (1 = 100.0%)
1  ... 

Histogram: Extensions.LoadPlatformApp2 recorded 1 samples, mean = 0.0 (flags = 0x41)
0  -O                                                                        (1 = 100.0%)
1  ... 

Histogram: Extensions.LoadTheme recorded 1 samples, mean = 0.0 (flags = 0x41)
0  -O                                                                        (1 = 100.0%)
1  ... 

Histogram: Extensions.LoadTheme2 recorded 1 samples, mean = 0.0 (flags = 0x41)
0  -O                                                                        (1 = 100.0%)
1  ... 

Histogram: Extensions.LoadUserScript recorded 1 samples, mean = 0.0 (flags = 0x41)
0  -O                                                                        (1 = 100.0%)
1  ... 

Histogram: Extensions.LoadUserScript2 recorded 1 samples, mean = 0.0 (flags = 0x41)
0  -O                                                                        (1 = 100.0%)
1  ... 

Histogram: Extensions.Management_Refresh recorded 1 samples, mean = 0.0 (flags = 0x41)
0  -O                                                                        (1 = 100.0%)
1  ... 

Histogram: Extensions.ManifestVersion2Count.Component recorded 1 samples, mean = 1.0 (flags = 0x41)
0  O                                                                         (0 = 0.0%)
1  -O                                                                        (1 = 100.0%) {0.0%}
2  ... 

Histogram: Extensions.ManifestVersion2Count.External recorded 1 samples, mean = 0.0 (flags = 0x41)
0  -O                                                                        (1 = 100.0%)
1  ... 

Histogram: Extensions.ManifestVersion2Count.Internal recorded 1 samples, mean = 0.0 (flags = 0x41)
0  -O                                                                        (1 = 100.0%)
1  ... 

Histogram: Extensions.ManifestVersion2Count.Policy recorded 1 samples, mean = 0.0 (flags = 0x41)
0  -O                                                                        (1 = 100.0%)
1  ... 

Histogram: Extensions.ManifestVersion2Count.Unpacked recorded 1 samples, mean = 0.0 (flags = 0x41)
0  -O                                                                        (1 = 100.0%)
1  ... 

Histogram: Extensions.ManifestVersion3Count.Component recorded 1 samples, mean = 0.0 (flags = 0x41)
0  -O                                                                        (1 = 100.0%)
1  ... 

Histogram: Extensions.ManifestVersion3Count.External recorded 1 samples, mean = 0.0 (flags = 0x41)
0  -O                                                                        (1 = 100.0%)
1  ... 

Histogram: Extensions.ManifestVersion3Count.Internal recorded 1 samples, mean = 0.0 (flags = 0x41)
0  -O                                                                        (1 = 100.0%)
1  ... 

Histogram: Extensions.ManifestVersion3Count.Policy recorded 1 samples, mean = 0.0 (flags = 0x41)
0  -O                                                                        (1 = 100.0%)
1  ... 

Histogram: Extensions.ManifestVersion3Count.Unpacked recorded 1 samples, mean = 0.0 (flags = 0x41)
0  -O                                                                        (1 = 100.0%)
1  ... 

Histogram: Extensions.ManifestVersionByLocation.Component recorded 1 samples, mean = 2.0 (flags = 0x41)
0  ... 
2  -O                                                                        (1 = 100.0%) {0.0%}
3  ... 

Histogram: Extensions.ManifestVersionPopulationSplit.Component recorded 1 samples, mean = 1.0 (flags = 0x41)
0  O                                                                         (0 = 0.0%)
1  -O                                                                        (1 = 100.0%) {0.0%}
2  ... 

Histogram: Extensions.ManifestVersionPopulationSplit.External recorded 1 samples, mean = 0.0 (flags = 0x41)
0  -O                                                                        (1 = 100.0%)
1  ... 

Histogram: Extensions.ManifestVersionPopulationSplit.Internal recorded 1 samples, mean = 0.0 (flags = 0x41)
0  -O                                                                        (1 = 100.0%)
1  ... 

Histogram: Extensions.ManifestVersionPopulationSplit.InternalAndExternal recorded 1 samples, mean = 0.0 (flags = 0x41)
0  -O                                                                        (1 = 100.0%)
1  ... 

Histogram: Extensions.ManifestVersionPopulationSplit.Unpacked recorded 1 samples, mean = 0.0 (flags = 0x41)
0  -O                                                                        (1 = 100.0%)
1  ... 

Histogram: Extensions.NewTabPageOverrides recorded 1 samples, mean = 0.0 (flags = 0x41)
0  -O                                                                        (1 = 100.0%)
1  ... 

Histogram: Extensions.NewTabPageOverrides2 recorded 1 samples, mean = 0.0 (flags = 0x41)
0  -O                                                                        (1 = 100.0%)
1  ... 

Histogram: Extensions.NonWebStoreNewTabPageOverrides recorded 1 samples, mean = 0.0 (flags = 0x41)
0  -O                                                                        (1 = 100.0%)
1  ... 

Histogram: Extensions.NonWebStoreNewTabPageOverrides2 recorded 1 samples, mean = 0.0 (flags = 0x41)
0  -O                                                                        (1 = 100.0%)
1  ... 

Histogram: Extensions.NonWebstoreLocation recorded 2 samples, mean = 5.0 (flags = 0x41)
0  ... 
5  --O                                                                       (2 = 100.0%) {0.0%}
6  ... 

Histogram: Extensions.NonWebstoreLocation2 recorded 2 samples, mean = 5.0 (flags = 0x41)
0  ... 
5  --O                                                                       (2 = 100.0%) {0.0%}
6  ... 

Histogram: Extensions.NonWebstoreLocationWithDeveloperModeOff.Enabled3 recorded 2 samples, mean = 5.0 (flags = 0x41)
0  ... 
5  --O                                                                       (2 = 100.0%) {0.0%}
6  ... 

Histogram: Extensions.NotAllowlistedDisabled recorded 1 samples, mean = 0.0 (flags = 0x41)
0  -O                                                                        (1 = 100.0%)
1  ... 

Histogram: Extensions.NotAllowlistedDisabled2 recorded 1 samples, mean = 0.0 (flags = 0x41)
0  -O                                                                        (1 = 100.0%)
1  ... 

Histogram: Extensions.NotAllowlistedEnabled recorded 1 samples, mean = 0.0 (flags = 0x41)
0  -O                                                                        (1 = 100.0%)
1  ... 

Histogram: Extensions.NotAllowlistedEnabled2 recorded 1 samples, mean = 0.0 (flags = 0x41)
0  -O                                                                        (1 = 100.0%)
1  ... 

Histogram: Extensions.ProcessManagerStartupHostsTime2 recorded 1 samples, mean = 0.0 (flags = 0x41)
0  -O                                                                        (1 = 100.0%)
1  ... 

Histogram: Extensions.SearchEngineOverrides recorded 1 samples, mean = 0.0 (flags = 0x41)
0  -O                                                                        (1 = 100.0%)
1  ... 

Histogram: Extensions.SearchEngineOverrides2 recorded 1 samples, mean = 0.0 (flags = 0x41)
0  -O                                                                        (1 = 100.0%)
1  ... 

Histogram: Extensions.StartupPagesOverrides recorded 1 samples, mean = 0.0 (flags = 0x41)
0  -O                                                                        (1 = 100.0%)
1  ... 

Histogram: Extensions.StartupPagesOverrides2 recorded 1 samples, mean = 0.0 (flags = 0x41)
0  -O                                                                        (1 = 100.0%)
1  ... 

Histogram: Extensions.WebRequestBlockingCount recorded 1 samples, mean = 0.0 (flags = 0x41)
0  -O                                                                        (1 = 100.0%)
1  ... 

Histogram: Extensions.WebRequestBlockingCount2 recorded 1 samples, mean = 0.0 (flags = 0x41)
0  -O                                                                        (1 = 100.0%)
1  ... 

Histogram: Extensions.WebRequestCount recorded 1 samples, mean = 0.0 (flags = 0x41)
0  -O                                                                        (1 = 100.0%)
1  ... 

Histogram: Extensions.WebRequestCount2 recorded 1 samples, mean = 0.0 (flags = 0x41)
0  -O                                                                        (1 = 100.0%)
1  ... 

Histogram: FetchKeepAlive.Renderer.Total.ReceivedResponse recorded 1 samples, mean = 1.0 (flags = 0x41)
0  O                                                                         (0 = 0.0%)
1  -O                                                                        (1 = 100.0%) {0.0%}
2  O                                                                         (0 = 0.0%) {100.0%}

Histogram: FetchKeepAlive.Renderer.Total.Started recorded 1 samples, mean = 1.0 (flags = 0x41)
0  O                                                                         (0 = 0.0%)
1  -O                                                                        (1 = 100.0%) {0.0%}
2  O                                                                         (0 = 0.0%) {100.0%}

Histogram: FetchKeepAlive.Requests2.Network recorded 2 samples, mean = 0.5 (flags = 0x41)
0  -O                                                                        (1 = 50.0%)
1  -O                                                                        (1 = 50.0%) {50.0%}
2  O                                                                         (0 = 0.0%) {100.0%}

Histogram: FetchKeepAlive.Requests2.SentToService.Renderer recorded 1 samples, mean = 2.0 (flags = 0x41)
0  ... 
2  -O                                                                        (1 = 100.0%) {0.0%}
3  ... 

Histogram: FetchKeepAlive.Requests2.Started.IsContextDetached.Renderer recorded 1 samples, mean = 0.0 (flags = 0x41)
0  -O                                                                        (1 = 100.0%)
1  ... 

Histogram: FetchKeepAlive.Requests2.Started.Renderer recorded 1 samples, mean = 1.0 (flags = 0x41)
0  O                                                                         (0 = 0.0%)
1  -O                                                                        (1 = 100.0%) {0.0%}
2  ... 

Histogram: FetchKeepAlive.Requests2.Succeeded.IsContextDetached.Renderer recorded 1 samples, mean = 0.0 (flags = 0x41)
0  -O                                                                        (1 = 100.0%)
1  ... 

Histogram: FetchKeepAlive.Requests2.Succeeded.Renderer recorded 1 samples, mean = 1.0 (flags = 0x41)
0  O                                                                         (0 = 0.0%)
1  -O                                                                        (1 = 100.0%) {0.0%}
2  ... 

Histogram: FetchKeepAlive.Requests2.Total.Renderer recorded 1 samples, mean = 1.0 (flags = 0x41)
0  O                                                                         (0 = 0.0%)
1  -O                                                                        (1 = 100.0%) {0.0%}
2  ... 

Histogram: FirstPartySets.Database.InitStatus recorded 1 samples, mean = 1.0 (flags = 0x41)
0  O                                                                         (0 = 0.0%)
1  -O                                                                        (1 = 100.0%) {0.0%}
2  ... 

Histogram: FirstPartySets.Database.TransactionFailed recorded 7 samples, mean = 0.0 (flags = 0x41)
0  -------O                                                                  (7 = 100.0%)
1  ... 

Histogram: FirstPartySets.Initialization.ClearSiteDataOutcome recorded 1 samples, mean = 1.0 (flags = 0x41)
0  O                                                                         (0 = 0.0%)
1  -O                                                                        (1 = 100.0%) {0.0%}
2  O                                                                         (0 = 0.0%) {100.0%}

Histogram: FirstPartySets.Initialization.SitesToClear.Count recorded 1 samples, mean = 0.0 (flags = 0x41)
0  -O                                                                        (1 = 100.0%)
1  ... 

Histogram: GPU.ANGLE.D3DShaderBlobSizeKB recorded 4 samples, mean = 0.5 (flags = 0x41)
0  ----O                                                                     (4 = 100.0%)
1000... 

Histogram: GPU.ANGLE.D3DShaderCompilationTimeUs recorded 4 samples, mean = 3412.8 (flags = 0x41)
0     ... 
2336  --O                                                                       (2 = 50.0%) {0.0%}
3077  -O                                                                        (1 = 25.0%) {50.0%}
4053  -O                                                                        (1 = 25.0%) {75.0%}
5338  ... 

Histogram: GPU.BlocklistFeatureTestResults.Accelerated2dCanvas recorded 1 samples, mean = 0.0 (flags = 0x41)
0  -O                                                                        (1 = 100.0%)
1  ... 

Histogram: GPU.BlocklistFeatureTestResults.GpuCompositing recorded 1 samples, mean = 0.0 (flags = 0x41)
0  -O                                                                        (1 = 100.0%)
1  ... 

Histogram: GPU.BlocklistFeatureTestResults.GpuRasterization recorded 1 samples, mean = 0.0 (flags = 0x41)
0  -O                                                                        (1 = 100.0%)
1  ... 

Histogram: GPU.BlocklistFeatureTestResults.Webgl recorded 1 samples, mean = 0.0 (flags = 0x41)
0  -O                                                                        (1 = 100.0%)
1  ... 

Histogram: GPU.BlocklistFeatureTestResults.Webgl2 recorded 1 samples, mean = 0.0 (flags = 0x41)
0  -O                                                                        (1 = 100.0%)
1  ... 

Histogram: GPU.BlocklistFeatureTestResults.Webgpu recorded 1 samples, mean = 2.0 (flags = 0x41)
0  ... 
2  -O                                                                        (1 = 100.0%) {0.0%}
3  ... 

Histogram: GPU.BlocklistTestResultsPerEntry recorded 1 samples, mean = 0.0 (flags = 0x41)
0  -O                                                                        (1 = 100.0%)
1  ... 

Histogram: GPU.CanvasOopRaster.OopRasterAndGpuAcceleration recorded 1 samples, mean = 0.0 (flags = 0x41)
0  -O                                                                        (1 = 100.0%)
1  ... 

Histogram: GPU.CompositingMode recorded 11 samples, mean = 1.0 (flags = 0x41)
0  O                                                                         (0 = 0.0%)
1  -----------O                                                              (11 = 100.0%) {0.0%}
2  ... 

Histogram: GPU.D3D12FeatureLevel recorded 1 samples, mean = 5.0 (flags = 0x41)
0  ... 
5  -O                                                                        (1 = 100.0%) {0.0%}
6  O                                                                         (0 = 0.0%) {100.0%}

Histogram: GPU.D3D12HighestShaderModel2 recorded 1 samples, mean = 9.0 (flags = 0x41)
0  ... 
9  -O                                                                        (1 = 100.0%) {0.0%}
10 O                                                                         (0 = 0.0%) {100.0%}

Histogram: GPU.DriverBugTestResultsPerEntry recorded 9 samples (flags = 0x41)
0    -O                                                                        (1 = 11.1%)
17   -O                                                                        (1 = 11.1%)
165  -O                                                                        (1 = 11.1%)
206  -O                                                                        (1 = 11.1%)
256  -O                                                                        (1 = 11.1%)
315  -O                                                                        (1 = 11.1%)
403  -O                                                                        (1 = 11.1%)
426  -O                                                                        (1 = 11.1%)
430  -O                                                                        (1 = 11.1%)

Histogram: GPU.EstablishGpuChannelSyncTime recorded 2 samples, mean = 379.5 (flags = 0x41)
0    ... 
57   -O                                                                        (1 = 50.0%) {0.0%}
68   ... 
633  -O                                                                        (1 = 50.0%) {50.0%}
752  ... 

Histogram: GPU.EstablishGpuChannelSyncTime.FirstRun recorded 2 samples, mean = 379.5 (flags = 0x41)
0    ... 
57   -O                                                                        (1 = 50.0%) {0.0%}
68   ... 
633  -O                                                                        (1 = 50.0%) {50.0%}
752  ... 

Histogram: GPU.GPUProcessLaunchTime recorded 2 samples, mean = 1268.0 (flags = 0x41)
0     ... 
10    -O                                                                        (1 = 50.0%) {0.0%}
12    ... 
2516  -O                                                                        (1 = 50.0%) {50.0%}
2990  ... 

Histogram: GPU.GPUProcessTerminationStatus2 recorded 1 samples, mean = 4.0 (flags = 0x41)
0  ... 
4  -O                                                                        (1 = 100.0%) {0.0%}
5  ... 

Histogram: GPU.HardwareAccelerationModeEnabled recorded 1 samples, mean = 1.0 (flags = 0x41)
0  O                                                                         (0 = 0.0%)
1  -O                                                                        (1 = 100.0%) {0.0%}
2  O                                                                         (0 = 0.0%) {100.0%}

Histogram: GPU.MultiGpu.Nvidia recorded 2 samples (flags = 0x41)
7684  --O                                                                       (2 = 100.0%)

Histogram: GPU.ProcessLifetimeEvents.HardwareAccelerated recorded 1 samples, mean = 0.0 (flags = 0x41)
0  -O                                                                        (1 = 100.0%)
1  ... 

Histogram: GPU.RasterDecoder.TimeToFlush recorded 1 samples, mean = 652.0 (flags = 0x41)
0    ... 
610  -O                                                                        (1 = 100.0%) {0.0%}
695  ... 

Histogram: GPU.SharedImage.BackingType recorded 3 samples, mean = 8.7 (flags = 0x41)
0   ... 
2   -O                                                                        (1 = 33.3%) {0.0%}
3   ... 
12  --O                                                                       (2 = 66.7%) {33.3%}
13  ... 

Histogram: GPU.SharedImage.ContentConsumed recorded 6 samples, mean = 0.5 (flags = 0x41)
0  ---O                                                                      (3 = 50.0%)
1  ---O                                                                      (3 = 50.0%) {50.0%}
2  O                                                                         (0 = 0.0%) {100.0%}

Histogram: GPU.SkiaBackendType recorded 1 samples, mean = 2.0 (flags = 0x41)
0  ... 
2  -O                                                                        (1 = 100.0%) {0.0%}
3  ... 

Histogram: GPU.SupportsDX12 recorded 1 samples, mean = 1.0 (flags = 0x41)
0  O                                                                         (0 = 0.0%)
1  -O                                                                        (1 = 100.0%) {0.0%}
2  O                                                                         (0 = 0.0%) {100.0%}

Histogram: GPU.WatchdogThread.Event recorded 1 samples, mean = 0.0 (flags = 0x41)
0  -O                                                                        (1 = 100.0%)
1  ... 

Histogram: GPU.WatchdogThread.Event.main recorded 1 samples, mean = 0.0 (flags = 0x41)
0  -O                                                                        (1 = 100.0%)
1  ... 

Histogram: GPU.WatchdogThread.Timeout recorded 173 samples, mean = 0.0 (flags = 0x41)
0  ------------------------------------------------------------------------O (173 = 100.0%)
1  ... 

Histogram: GPU.WatchdogThread.Timeout.Normal recorded 173 samples, mean = 0.0 (flags = 0x41)
0  ------------------------------------------------------------------------O (173 = 100.0%)
1  ... 

Histogram: GPU.WatchdogThread.Timeout.Normal.main recorded 173 samples, mean = 0.0 (flags = 0x41)
0  ------------------------------------------------------------------------O (173 = 100.0%)
1  ... 

Histogram: GPU.WatchdogThread.Timeout.main recorded 173 samples, mean = 0.0 (flags = 0x41)
0  ------------------------------------------------------------------------O (173 = 100.0%)
1  ... 

Histogram: Gaia.AuthFetcher.ListAccounts.NetErrorCodes recorded 1 samples (flags = 0x41)
0  -O                                                                        (1 = 100.0%)

Histogram: Gpu.FenceHandle.CloneCountsPerSubmit recorded 5 samples, mean = 0.0 (flags = 0x41)
0  -----O                                                                    (5 = 100.0%)
1  ... 

Histogram: Gpu.GrCompileShaderUs recorded 4 samples, mean = 411.5 (flags = 0x41)
0    ... 
196  -O                                                                        (1 = 25.0%) {0.0%}
258  -O                                                                        (1 = 25.0%) {25.0%}
340  -O                                                                        (1 = 25.0%) {50.0%}
448  O                                                                         (0 = 0.0%) {75.0%}
590  -O                                                                        (1 = 25.0%) {75.0%}
777  ... 

Histogram: Gpu.GrLinkProgramUs recorded 2 samples, mean = 4857.0 (flags = 0x41)
0     ... 
4053  -O                                                                        (1 = 50.0%) {0.0%}
5338  -O                                                                        (1 = 50.0%) {50.0%}
7031  ... 

Histogram: Gpu.PassthroughProgramCacheLoadHitInCache recorded 2 samples, mean = 0.0 (flags = 0x41)
0  --O                                                                       (2 = 100.0%)
1  ... 

Histogram: Gpu.Rasterization.Raster.MSAASampleCountLog2 recorded 1 samples, mean = 0.0 (flags = 0x41)
0  -O                                                                        (1 = 100.0%)
1  ... 

Histogram: HangWatcher.IsThreadHung.BrowserProcess.IOThread.Normal recorded 349 samples, mean = 0.0 (flags = 0x41)
0  ------------------------------------------------------------------------O (349 = 100.0%)
1  ... 

Histogram: HangWatcher.IsThreadHung.BrowserProcess.UIThread.Normal recorded 349 samples, mean = 0.0 (flags = 0x41)
0  ------------------------------------------------------------------------O (349 = 100.0%)
1  ... 

Histogram: HangWatcher.IsThreadHung.RendererProcess.IOThread recorded 348 samples, mean = 0.0 (flags = 0x41)
0  ------------------------------------------------------------------------O (348 = 100.0%)
1  ... 

Histogram: HangWatcher.IsThreadHung.RendererProcess.IOThread.BestEffort recorded 350 samples, mean = 0.0 (flags = 0x41)
0  ------------------------------------------------------------------------O (350 = 100.0%)
1  ... 

Histogram: HangWatcher.IsThreadHung.RendererProcess.MainThread recorded 348 samples, mean = 0.0 (flags = 0x41)
0  ------------------------------------------------------------------------O (348 = 100.0%)
1  ... 

Histogram: HangWatcher.IsThreadHung.RendererProcess.MainThread.BestEffort recorded 350 samples, mean = 0.0 (flags = 0x41)
0  ------------------------------------------------------------------------O (350 = 100.0%)
1  ... 

Histogram: HangWatcher.IsThreadHung.UtilityProcess.IOThread recorded 699 samples, mean = 0.0 (flags = 0x41)
0  ------------------------------------------------------------------------O (699 = 100.0%)
1  ... 

Histogram: HangWatcher.IsThreadHung.UtilityProcess.MainThread recorded 699 samples, mean = 0.0 (flags = 0x41)
0  ------------------------------------------------------------------------O (699 = 100.0%)
1  ... 

Histogram: HangWatcher.SleepDrift.BrowserProcess recorded 1746 samples, mean = 5.9 (flags = 0x41)
0   ------------------------------------------------------------------------O (409 = 23.4%)
1   -----------------O                                                        (95 = 5.4%) {23.4%}
2   ---------------O                                                          (87 = 5.0%) {28.9%}
3   ----------------O                                                         (89 = 5.1%) {33.8%}
4   --------------------O                                                     (113 = 6.5%) {38.9%}
5   --------------O                                                           (80 = 4.6%) {45.4%}
6   -----------------O                                                        (96 = 5.5%) {50.0%}
7   ---------------O                                                          (87 = 5.0%) {55.5%}
8   -------------------------------------O                                    (210 = 12.0%) {60.5%}
10  -----------------------------O                                            (163 = 9.3%) {72.5%}
12  --------------------------------O                                         (184 = 10.5%) {81.8%}
14  -----------------------O                                                  (133 = 7.6%) {92.4%}
17  ... 

Histogram: Hardware.Display.Count.OnStartup recorded 1 samples, mean = 2.0 (flags = 0x41)
0  ... 
2  -O                                                                        (1 = 100.0%) {0.0%}
3  ... 

Histogram: Hardware.Display.SupportsHDR recorded 2 samples, mean = 0.0 (flags = 0x41)
0  --O                                                                       (2 = 100.0%)
1  ... 

Histogram: HeapProfiling.InProcess.Enabled recorded 1 samples, mean = 0.0 (flags = 0x41)
0  -O                                                                        (1 = 100.0%)
1  ... 

Histogram: HeapProfiling.InProcess.Enabled.Browser recorded 1 samples, mean = 0.0 (flags = 0x41)
0  -O                                                                        (1 = 100.0%)
1  ... 

Histogram: Histogram.TooManyBuckets.1000 recorded 4 samples (flags = 0x41)
-2140283801 --O                                                                       (2 = 50.0%)
1721222685  --O                                                                       (2 = 50.0%)

Histogram: History.Backend.TransactionCommitSuccess recorded 2 samples, mean = 1.0 (flags = 0x41)
0  O                                                                         (0 = 0.0%)
1  --O                                                                       (2 = 100.0%) {0.0%}
2  O                                                                         (0 = 0.0%) {100.0%}

Histogram: History.ClearBrowsingData.TaskQueueAtShutdown recorded 1 samples, mean = 0.0 (flags = 0x41)
0  -O                                                                        (1 = 100.0%)
1  ... 

Histogram: History.Clusters.ContextClusterer.VisitProcessingLatency.CleanUpTimer recorded 5 samples, mean = 0.0 (flags = 0x41)
0  -----O                                                                    (5 = 100.0%)
1  ... 

Histogram: History.Clusters.ContextClusterer.VisitProcessingLatency.UrlVisited recorded 4 samples, mean = 0.0 (flags = 0x41)
0  ----O                                                                     (4 = 100.0%)
1  ... 

Histogram: History.Clusters.JourneysEligibleAndEnabledAtSessionStart recorded 1 samples, mean = 1.0 (flags = 0x41)
0  O                                                                         (0 = 0.0%)
1  -O                                                                        (1 = 100.0%) {0.0%}
2  O                                                                         (0 = 0.0%) {100.0%}

Histogram: History.Clusters.KeywordCache.LoadCachesFromPrefs.Latency recorded 1 samples, mean = 0.0 (flags = 0x41)
0  -O                                                                        (1 = 100.0%)
1  ... 

Histogram: History.InMemoryDBItemCount recorded 1 samples, mean = 2.0 (flags = 0x41)
0  ... 
2  -O                                                                        (1 = 100.0%) {0.0%}
3  ... 

Histogram: History.TopSites.QueryFromHistoryTime recorded 1 samples, mean = 6.0 (flags = 0x41)
0  ... 
6  -O                                                                        (1 = 100.0%) {0.0%}
7  ... 

Histogram: History.VisitedLinks.HashTableLengthOnReaderInit recorded 3 samples, mean = 16381.0 (flags = 0x41)
0      ... 
14319  ---O                                                                      (3 = 100.0%) {0.0%}
19866  ... 

Histogram: History.VisitedLinks.HashTableSizeOnTableCreate recorded 2 samples, mean = 0.0 (flags = 0x41)
0  --O                                                                       (2 = 100.0%)
1  ... 

Histogram: History.VisitedLinks.HashTableUsageOnLinkAdded recorded 4 samples, mean = 2.2 (flags = 0x41)
0  -O                                                                        (1 = 25.0%)
1  ... 
3  ---O                                                                      (3 = 75.0%) {25.0%}
4  ... 

Histogram: History.VisitedLinks.TryToAddFingerprint recorded 5 samples, mean = 0.8 (flags = 0x41)
0  -O                                                                        (1 = 20.0%)
1  ----O                                                                     (4 = 80.0%) {20.0%}
2  ... 

Histogram: History.VisitedLinks.VisitLoggedFromMainFrame recorded 3 samples, mean = 1.0 (flags = 0x41)
0  O                                                                         (0 = 0.0%)
1  ---O                                                                      (3 = 100.0%) {0.0%}
2  O                                                                         (0 = 0.0%) {100.0%}

Histogram: History.VisitedLinks.VisitLoggedFromTransition recorded 3 samples, mean = 1.7 (flags = 0x41)
0  O                                                                         (0 = 0.0%)
1  -O                                                                        (1 = 33.3%) {0.0%}
2  --O                                                                       (2 = 66.7%) {33.3%}
3  ... 

Histogram: HttpCache.AccessToDone2 recorded 48 samples, mean = 148.2 (flags = 0x41)
0    ... 
20   -O                                                                        (1 = 2.1%) {0.0%}
22   ... 
28   -O                                                                        (1 = 2.1%) {2.1%}
31   -O                                                                        (1 = 2.1%) {4.2%}
34   ... 
41   --O                                                                       (2 = 4.2%) {6.2%}
45   -O                                                                        (1 = 2.1%) {10.4%}
49   O                                                                         (0 = 0.0%) {12.5%}
54   -O                                                                        (1 = 2.1%) {12.5%}
59   ... 
71   --O                                                                       (2 = 4.2%) {14.6%}
78   O                                                                         (0 = 0.0%) {18.8%}
85   --O                                                                       (2 = 4.2%) {18.8%}
93   O                                                                         (0 = 0.0%) {22.9%}
102  ---O                                                                      (3 = 6.2%) {22.9%}
112  ---O                                                                      (3 = 6.2%) {29.2%}
123  -----O                                                                    (5 = 10.4%) {35.4%}
135  --O                                                                       (2 = 4.2%) {45.8%}
148  --O                                                                       (2 = 4.2%) {50.0%}
162  -----O                                                                    (5 = 10.4%) {54.2%}
177  ----------O                                                               (10 = 20.8%) {64.6%}
194  --O                                                                       (2 = 4.2%) {85.4%}
212  O                                                                         (0 = 0.0%) {89.6%}
232  --O                                                                       (2 = 4.2%) {89.6%}
254  -O                                                                        (1 = 2.1%) {93.8%}
278  O                                                                         (0 = 0.0%) {95.8%}
304  -O                                                                        (1 = 2.1%) {95.8%}
333  ... 
398  -O                                                                        (1 = 2.1%) {97.9%}
436  ... 

Histogram: HttpCache.AccessToDone2.SentRequest recorded 48 samples, mean = 148.2 (flags = 0x41)
0    ... 
20   -O                                                                        (1 = 2.1%) {0.0%}
22   ... 
28   -O                                                                        (1 = 2.1%) {2.1%}
31   -O                                                                        (1 = 2.1%) {4.2%}
34   ... 
41   --O                                                                       (2 = 4.2%) {6.2%}
45   -O                                                                        (1 = 2.1%) {10.4%}
49   O                                                                         (0 = 0.0%) {12.5%}
54   -O                                                                        (1 = 2.1%) {12.5%}
59   ... 
71   --O                                                                       (2 = 4.2%) {14.6%}
78   O                                                                         (0 = 0.0%) {18.8%}
85   --O                                                                       (2 = 4.2%) {18.8%}
93   O                                                                         (0 = 0.0%) {22.9%}
102  ---O                                                                      (3 = 6.2%) {22.9%}
112  ---O                                                                      (3 = 6.2%) {29.2%}
123  -----O                                                                    (5 = 10.4%) {35.4%}
135  --O                                                                       (2 = 4.2%) {45.8%}
148  --O                                                                       (2 = 4.2%) {50.0%}
162  -----O                                                                    (5 = 10.4%) {54.2%}
177  ----------O                                                               (10 = 20.8%) {64.6%}
194  --O                                                                       (2 = 4.2%) {85.4%}
212  O                                                                         (0 = 0.0%) {89.6%}
232  --O                                                                       (2 = 4.2%) {89.6%}
254  -O                                                                        (1 = 2.1%) {93.8%}
278  O                                                                         (0 = 0.0%) {95.8%}
304  -O                                                                        (1 = 2.1%) {95.8%}
333  ... 
398  -O                                                                        (1 = 2.1%) {97.9%}
436  ... 

Histogram: HttpCache.AddTransactionToEntry recorded 48 samples, mean = 0.0 (flags = 0x41)
0  ------------------------------------------------O                         (48 = 100.0%)
1  ... 

Histogram: HttpCache.BeforeSend recorded 48 samples, mean = 0.0 (flags = 0x41)
0  -----------------------------------------------O                          (47 = 97.9%)
1  -O                                                                        (1 = 2.1%) {97.9%}
2  ... 

Histogram: HttpCache.BeforeSend.CantConditionalize recorded 3 samples, mean = 0.0 (flags = 0x41)
0  ---O                                                                      (3 = 100.0%)
1  ... 

Histogram: HttpCache.BeforeSend.NotCached recorded 42 samples, mean = 0.0 (flags = 0x41)
0  -----------------------------------------O                                (41 = 97.6%)
1  -O                                                                        (1 = 2.4%) {97.6%}
2  ... 

Histogram: HttpCache.BeforeSend.Updated recorded 2 samples, mean = 0.0 (flags = 0x41)
0  --O                                                                       (2 = 100.0%)
1  ... 

Histogram: HttpCache.BeforeSend.Validated recorded 1 samples, mean = 0.0 (flags = 0x41)
0  -O                                                                        (1 = 100.0%)
1  ... 

Histogram: HttpCache.CreateDiskEntry recorded 42 samples, mean = 0.0 (flags = 0x41)
0  -----------------------------------------O                                (41 = 97.6%)
1  -O                                                                        (1 = 2.4%) {97.6%}
2  ... 

Histogram: HttpCache.HardReset recorded 1 samples, mean = 0.0 (flags = 0x40)
0  -O                                                                        (1 = 100.0%)
1  ... 

Histogram: HttpCache.IsNoStore recorded 48 samples, mean = 0.1 (flags = 0x41)
0  -------------------------------------------O                              (43 = 89.6%)
1  -----O                                                                    (5 = 10.4%) {89.6%}
2  O                                                                         (0 = 0.0%) {100.0%}

Histogram: HttpCache.IsNoStore.MainFrameHTML recorded 1 samples, mean = 1.0 (flags = 0x41)
0  O                                                                         (0 = 0.0%)
1  -O                                                                        (1 = 100.0%) {0.0%}
2  O                                                                         (0 = 0.0%) {100.0%}

Histogram: HttpCache.MaxFileSizeOnInit recorded 1 samples, mean = 40960.0 (flags = 0x41)
0      ... 
37526  -O                                                                        (1 = 100.0%) {0.0%}
42713  ... 

Histogram: HttpCache.OpenDiskEntry recorded 6 samples, mean = 0.0 (flags = 0x41)
0  ------O                                                                   (6 = 100.0%)
1  ... 

Histogram: HttpCache.Pattern recorded 48 samples, mean = 2.4 (flags = 0x41)
0  ... 
2  ------------------------------------------O                               (42 = 87.5%) {0.0%}
3  O                                                                         (0 = 0.0%) {87.5%}
4  -O                                                                        (1 = 2.1%) {87.5%}
5  --O                                                                       (2 = 4.2%) {89.6%}
6  ---O                                                                      (3 = 6.2%) {93.8%}
7  O                                                                         (0 = 0.0%) {100.0%}

Histogram: HttpCache.Pattern.CSS recorded 7 samples, mean = 2.3 (flags = 0x41)
0  ... 
2  ------O                                                                   (6 = 85.7%) {0.0%}
3  O                                                                         (0 = 0.0%) {85.7%}
4  -O                                                                        (1 = 14.3%) {85.7%}
5  ... 

Histogram: HttpCache.Pattern.CSSThirdParty recorded 7 samples, mean = 2.3 (flags = 0x41)
0  ... 
2  ------O                                                                   (6 = 85.7%) {0.0%}
3  O                                                                         (0 = 0.0%) {85.7%}
4  -O                                                                        (1 = 14.3%) {85.7%}
5  ... 

Histogram: HttpCache.Pattern.Font recorded 5 samples, mean = 2.0 (flags = 0x41)
0  ... 
2  -----O                                                                    (5 = 100.0%) {0.0%}
3  ... 

Histogram: HttpCache.Pattern.FontThirdParty recorded 5 samples, mean = 2.0 (flags = 0x41)
0  ... 
2  -----O                                                                    (5 = 100.0%) {0.0%}
3  ... 

Histogram: HttpCache.Pattern.Image recorded 1 samples, mean = 2.0 (flags = 0x41)
0  ... 
2  -O                                                                        (1 = 100.0%) {0.0%}
3  ... 

Histogram: HttpCache.Pattern.JavaScript recorded 26 samples, mean = 2.1 (flags = 0x41)
0  ... 
2  -------------------------O                                                (25 = 96.2%) {0.0%}
3  ... 
5  -O                                                                        (1 = 3.8%) {96.2%}
6  ... 

Histogram: HttpCache.Pattern.JavaScriptThirdParty recorded 25 samples, mean = 2.1 (flags = 0x41)
0  ... 
2  ------------------------O                                                 (24 = 96.0%) {0.0%}
3  ... 
5  -O                                                                        (1 = 4.0%) {96.0%}
6  ... 

Histogram: HttpCache.Pattern.MainFrameHTML recorded 1 samples, mean = 2.0 (flags = 0x41)
0  ... 
2  -O                                                                        (1 = 100.0%) {0.0%}
3  ... 

Histogram: HttpCache.Pattern.NonTinyImage recorded 1 samples, mean = 2.0 (flags = 0x41)
0  ... 
2  -O                                                                        (1 = 100.0%) {0.0%}
3  ... 

Histogram: HttpCache.TotalDiskCacheTimePerTransaction.Read recorded 6 samples, mean = 0.0 (flags = 0x41)
0  ------O                                                                   (6 = 100.0%)
1  ... 

Histogram: HttpCache.TotalDiskCacheTimePerTransaction.Write recorded 43 samples, mean = 1.0 (flags = 0x41)
0   -----------------------O                                                  (23 = 53.5%)
1   --------O                                                                 (8 = 18.6%) {53.5%}
2   --------O                                                                 (8 = 18.6%) {72.1%}
3   --O                                                                       (2 = 4.7%) {90.7%}
4   -O                                                                        (1 = 2.3%) {95.3%}
5   ... 
10  -O                                                                        (1 = 2.3%) {97.7%}
12  ... 

Histogram: ImageDecoder.Png.UiGfxIntoSkBitmap recorded 1 samples, mean = 93.0 (flags = 0x41)
0   ... 
86  -O                                                                        (1 = 100.0%) {0.0%}
113 ... 

Histogram: ImportantFile.FileReplaceRetryCount recorded 13 samples, mean = 0.0 (flags = 0x41)
0  -------------O                                                            (13 = 100.0%)
1  ... 

Histogram: ImportantFile.SerializationDuration recorded 2 samples, mean = 0.0 (flags = 0x41)
0  --O                                                                       (2 = 100.0%)
1  ... 

Histogram: ImportantFile.SerializationDuration.Local_State recorded 4 samples, mean = 0.0 (flags = 0x41)
0  ----O                                                                     (4 = 100.0%)
1  ... 

Histogram: ImportantFile.SerializationDuration.Preferences recorded 2 samples, mean = 0.0 (flags = 0x41)
0  --O                                                                       (2 = 100.0%)
1  ... 

Histogram: ImportantFile.SerializationDuration.Secure_Preferences recorded 1 samples, mean = 0.0 (flags = 0x41)
0  -O                                                                        (1 = 100.0%)
1  ... 

Histogram: ImportantFile.SerializationDuration.TransportSecurityPersister recorded 1 samples, mean = 0.0 (flags = 0x41)
0  -O                                                                        (1 = 100.0%)
1  ... 

Histogram: ImportantFile.WriteDuration recorded 2 samples, mean = 43.0 (flags = 0x41)
0   ... 
40  --O                                                                       (2 = 100.0%) {0.0%}
48  ... 

Histogram: ImportantFile.WriteDuration.Local_State recorded 4 samples, mean = 83.2 (flags = 0x41)
0    ... 
34   -O                                                                        (1 = 25.0%) {0.0%}
40   -O                                                                        (1 = 25.0%) {25.0%}
48   ... 
96   -O                                                                        (1 = 25.0%) {50.0%}
114  O                                                                         (0 = 0.0%) {75.0%}
135  -O                                                                        (1 = 25.0%) {75.0%}
160  ... 

Histogram: ImportantFile.WriteDuration.Preferences recorded 2 samples, mean = 96.5 (flags = 0x41)
0    ... 
48   -O                                                                        (1 = 50.0%) {0.0%}
57   ... 
135  -O                                                                        (1 = 50.0%) {50.0%}
160  ... 

Histogram: ImportantFile.WriteDuration.SCTAuditing recorded 2 samples, mean = 634.0 (flags = 0x41)
0    ... 
533  -O                                                                        (1 = 50.0%) {0.0%}
633  -O                                                                        (1 = 50.0%) {50.0%}
752  ... 

Histogram: ImportantFile.WriteDuration.Secure_Preferences recorded 1 samples, mean = 47.0 (flags = 0x41)
0   ... 
40  -O                                                                        (1 = 100.0%) {0.0%}
48  ... 

Histogram: ImportantFile.WriteDuration.TransportSecurityPersister recorded 1 samples, mean = 485.0 (flags = 0x41)
0    ... 
449  -O                                                                        (1 = 100.0%) {0.0%}
533  ... 

Histogram: ImportantFile.WriteDuration.TrustedVault recorded 1 samples, mean = 102.0 (flags = 0x41)
0   ... 
96  -O                                                                        (1 = 100.0%) {0.0%}
114 ... 

Histogram: InProductHelp.Config.ParsingEvent recorded 68 samples, mean = 6.4 (flags = 0x41)
0   -----------------------------O                                            (29 = 42.6%)
1   O                                                                         (0 = 0.0%) {42.6%}
2   ---------O                                                                (9 = 13.2%) {42.6%}
3   ... 
14  ------------------------------O                                           (30 = 44.1%) {55.9%}
15  ... 

Histogram: InProductHelp.Db.Init.AvailabilityStore recorded 1 samples, mean = 0.0 (flags = 0x41)
0  -O                                                                        (1 = 100.0%)
1  ... 

Histogram: InProductHelp.Db.Init.EventStore recorded 1 samples, mean = 0.0 (flags = 0x41)
0  -O                                                                        (1 = 100.0%)
1  ... 

Histogram: IndexedDB.ContextShutdownDuration recorded 1 samples, mean = 0.0 (flags = 0x41)
0  -O                                                                        (1 = 100.0%)
1  ... 

Histogram: Input.Digitizer.MaxTouchPoints.Touch recorded 1 samples, mean = 2.0 (flags = 0x41)
0  ... 
2  -O                                                                        (1 = 100.0%) {0.0%}
3  ... 

Histogram: Input.Digitizer.MaxTouchPointsSupportedBySystemAtStartup recorded 1 samples, mean = 2.0 (flags = 0x41)
0  ... 
2  -O                                                                        (1 = 100.0%) {0.0%}
3  ... 

Histogram: Input.Digitizer.OnStartup recorded 1 samples, mean = 3.0 (flags = 0x41)
0  ... 
3  -O                                                                        (1 = 100.0%) {0.0%}
4  ... 

Histogram: Input.PointerTypePrimary recorded 1 samples, mean = 2.0 (flags = 0x41)
0  ... 
2  -O                                                                        (1 = 100.0%) {0.0%}
3  O                                                                         (0 = 0.0%) {100.0%}

Histogram: Input.PointerTypesAll recorded 1 samples, mean = 3.0 (flags = 0x41)
0  ... 
3  -O                                                                        (1 = 100.0%) {0.0%}
4  O                                                                         (0 = 0.0%) {100.0%}

Histogram: LanguageDetection.TFLiteModel.WasModelRequestDeferred recorded 2 samples, mean = 1.0 (flags = 0x41)
0  O                                                                         (0 = 0.0%)
1  --O                                                                       (2 = 100.0%) {0.0%}
2  O                                                                         (0 = 0.0%) {100.0%}

Histogram: LanguageUsage.AcceptLanguage recorded 1 samples (flags = 0x41)
25966  -O                                                                        (1 = 100.0%)

Histogram: LanguageUsage.AcceptLanguage.Count recorded 1 samples, mean = 1.0 (flags = 0x41)
0  O                                                                         (0 = 0.0%)
1  -O                                                                        (1 = 100.0%) {0.0%}
2  ... 

Histogram: LanguageUsage.AcceptLanguageAndContentLanguageUsage recorded 1 samples, mean = 0.0 (flags = 0x41)
0  -O                                                                        (1 = 100.0%)
1  ... 

Histogram: LanguageUsage.AcceptLanguageAndXmlHtmlLangUsage recorded 1 samples, mean = 7.0 (flags = 0x41)
0  ... 
7  -O                                                                        (1 = 100.0%) {0.0%}
8  O                                                                         (0 = 0.0%) {100.0%}

Histogram: LevelDB.ApproximateMemTableMemoryUse.BudgetManager recorded 0 samples (flags = 0x41)
0 ... 

Histogram: LevelDB.ApproximateMemTableMemoryUse.CartDatabase recorded 0 samples (flags = 0x41)
0 ... 

Histogram: LevelDB.ApproximateMemTableMemoryUse.ClientCertificatesDatabase recorded 0 samples (flags = 0x41)
0 ... 

Histogram: LevelDB.ApproximateMemTableMemoryUse.CommerceParcelTrackingDatabase recorded 0 samples (flags = 0x41)
0 ... 

Histogram: LevelDB.ApproximateMemTableMemoryUse.CommerceSubscriptionDatabase recorded 0 samples (flags = 0x41)
0 ... 

Histogram: LevelDB.ApproximateMemTableMemoryUse.CouponDatabase recorded 0 samples (flags = 0x41)
0 ... 

Histogram: LevelDB.ApproximateMemTableMemoryUse.DiscountsDatabase recorded 0 samples (flags = 0x41)
0 ... 

Histogram: LevelDB.ApproximateMemTableMemoryUse.DownloadDB recorded 0 samples (flags = 0x41)
0 ... 

Histogram: LevelDB.ApproximateMemTableMemoryUse.DownloadService recorded 0 samples (flags = 0x41)
0 ... 

Histogram: LevelDB.ApproximateMemTableMemoryUse.FeatureEngagementTrackerAvailabilityStore recorded 0 samples (flags = 0x41)
0 ... 

Histogram: LevelDB.ApproximateMemTableMemoryUse.FeatureEngagementTrackerEventStore recorded 0 samples (flags = 0x41)
0 ... 

Histogram: LevelDB.ApproximateMemTableMemoryUse.Metadata recorded 0 samples (flags = 0x41)
0 ... 

Histogram: LevelDB.ApproximateMemTableMemoryUse.PersistentOriginTrials recorded 0 samples (flags = 0x41)
0 ... 

Histogram: LevelDB.ApproximateMemTableMemoryUse.PreviewsHintCacheStore recorded 0 samples (flags = 0x41)
0 ... 

Histogram: LevelDB.ApproximateMemTableMemoryUse.SegmentInfoDatabase recorded 0 samples (flags = 0x41)
0 ... 

Histogram: LevelDB.ApproximateMemTableMemoryUse.SharedProtoDB recorded 0 samples (flags = 0x41)
0 ... 

Histogram: LevelDB.ApproximateMemTableMemoryUse.SignalDatabase recorded 0 samples (flags = 0x41)
0 ... 

Histogram: LevelDB.ApproximateMemTableMemoryUse.SignalStorageConfigDatabase recorded 0 samples (flags = 0x41)
0 ... 

Histogram: LevelDB.ApproximateMemTableMemoryUse.StrikeService recorded 0 samples (flags = 0x41)
0 ... 

Histogram: LevelDBEnv.DeleteTableBackupFile recorded 0 samples (flags = 0x41)
0 ... 

Histogram: LevelDBWrapper.CommitDelay recorded 2 samples, mean = 5000.0 (flags = 0x41)
0     ... 
4516  --O                                                                       (2 = 100.0%) {0.0%}
6118  ... 

Histogram: LoadingPredictor.PreconnectCount recorded 1 samples, mean = 1.0 (flags = 0x41)
0  O                                                                         (0 = 0.0%)
1  -O                                                                        (1 = 100.0%) {0.0%}
2  ... 

Histogram: LoadingPredictor.PreconnectHitsPercentage recorded 1 samples, mean = 100.0 (flags = 0x41)
0    ... 
100  -O                                                                        (1 = 100.0%) {0.0%}
101  O                                                                         (0 = 0.0%) {100.0%}

Histogram: LoadingPredictor.PredictorDatabaseFileSize recorded 1 samples, mean = 44.0 (flags = 0x41)
0   ... 
37  -O                                                                        (1 = 100.0%) {0.0%}
49  ... 

Histogram: LoadingPredictor.PreresolveCount recorded 1 samples, mean = 1.0 (flags = 0x41)
0  O                                                                         (0 = 0.0%)
1  -O                                                                        (1 = 100.0%) {0.0%}
2  ... 

Histogram: LoadingPredictor.PreresolveHitsPercentage recorded 1 samples, mean = 100.0 (flags = 0x41)
0    ... 
100  -O                                                                        (1 = 100.0%) {0.0%}
101  O                                                                         (0 = 0.0%) {100.0%}

Histogram: LocalStorage.MojoSizeInKB recorded 1 samples, mean = 0.0 (flags = 0x41)
0  -O                                                                        (1 = 100.0%)
1  ... 

Histogram: LocalStorage.MojoTimeToPrime recorded 1 samples, mean = 0.0 (flags = 0x41)
0  -O                                                                        (1 = 100.0%)
1  ... 

Histogram: LocalStorage.MojoTimeToPrimeForUnder100KB recorded 1 samples, mean = 0.0 (flags = 0x41)
0  -O                                                                        (1 = 100.0%)
1  ... 

Histogram: LocalStorage.RendererAreaCacheHit recorded 2 samples, mean = 1.0 (flags = 0x41)
0  -O                                                                        (1 = 50.0%)
1  O                                                                         (0 = 0.0%) {50.0%}
2  -O                                                                        (1 = 50.0%) {50.0%}
3  O                                                                         (0 = 0.0%) {100.0%}

Histogram: LocalStorageContext.ShutDown.MaybeDroppedChanges recorded 1 samples, mean = 0.0 (flags = 0x40)
0  -O                                                                        (1 = 100.0%)
1  ... 

Histogram: MPArch.ChildProcessLaunchFirst recorded 1 samples, mean = 4.0 (flags = 0x41)
0  ... 
4  -O                                                                        (1 = 100.0%) {0.0%}
5  ... 

Histogram: MPArch.ChildProcessLaunchSubsequent recorded 8 samples, mean = 3.9 (flags = 0x41)
0  ... 
3  --O                                                                       (2 = 25.0%) {0.0%}
4  -----O                                                                    (5 = 62.5%) {25.0%}
5  -O                                                                        (1 = 12.5%) {87.5%}
6  ... 

Histogram: ManagedUsers.BlockedIframeCount recorded 1 samples, mean = 0.0 (flags = 0x41)
0  -O                                                                        (1 = 100.0%)
1  ... 

Histogram: Manifest.HasProperty.description recorded 1 samples, mean = 0.0 (flags = 0x41)
0  -O                                                                        (1 = 100.0%)
1  ... 

Histogram: Manifest.HasProperty.display recorded 1 samples, mean = 1.0 (flags = 0x41)
0  O                                                                         (0 = 0.0%)
1  -O                                                                        (1 = 100.0%) {0.0%}
2  O                                                                         (0 = 0.0%) {100.0%}

Histogram: Manifest.HasProperty.gcm_sender_id recorded 1 samples, mean = 0.0 (flags = 0x41)
0  -O                                                                        (1 = 100.0%)
1  ... 

Histogram: Manifest.HasProperty.icons recorded 1 samples, mean = 1.0 (flags = 0x41)
0  O                                                                         (0 = 0.0%)
1  -O                                                                        (1 = 100.0%) {0.0%}
2  O                                                                         (0 = 0.0%) {100.0%}

Histogram: Manifest.HasProperty.name recorded 1 samples, mean = 1.0 (flags = 0x41)
0  O                                                                         (0 = 0.0%)
1  -O                                                                        (1 = 100.0%) {0.0%}
2  O                                                                         (0 = 0.0%) {100.0%}

Histogram: Manifest.HasProperty.orientation recorded 1 samples, mean = 0.0 (flags = 0x41)
0  -O                                                                        (1 = 100.0%)
1  ... 

Histogram: Manifest.HasProperty.protocol_handlers recorded 1 samples, mean = 0.0 (flags = 0x41)
0  -O                                                                        (1 = 100.0%)
1  ... 

Histogram: Manifest.HasProperty.screenshots recorded 1 samples, mean = 0.0 (flags = 0x41)
0  -O                                                                        (1 = 100.0%)
1  ... 

Histogram: Manifest.HasProperty.share_target recorded 1 samples, mean = 0.0 (flags = 0x41)
0  -O                                                                        (1 = 100.0%)
1  ... 

Histogram: Manifest.HasProperty.short_name recorded 1 samples, mean = 1.0 (flags = 0x41)
0  O                                                                         (0 = 0.0%)
1  -O                                                                        (1 = 100.0%) {0.0%}
2  O                                                                         (0 = 0.0%) {100.0%}

Histogram: Manifest.HasProperty.start_url recorded 1 samples, mean = 1.0 (flags = 0x41)
0  O                                                                         (0 = 0.0%)
1  -O                                                                        (1 = 100.0%) {0.0%}
2  O                                                                         (0 = 0.0%) {100.0%}

Histogram: Manifest.ParseIdResult recorded 1 samples, mean = 1.0 (flags = 0x41)
0  O                                                                         (0 = 0.0%)
1  -O                                                                        (1 = 100.0%) {0.0%}
2  ... 

Histogram: Media.GPU.VideoDecoderType recorded 1 samples, mean = 11.0 (flags = 0x41)
0   ... 
11  -O                                                                        (1 = 100.0%) {0.0%}
12  ... 

Histogram: Media.MediaHistory.DatabaseExists recorded 1 samples, mean = 0.0 (flags = 0x41)
0  -O                                                                        (1 = 100.0%)
1  ... 

Histogram: MediaRouter.Cast.Channel.ConnectResult recorded 3 samples, mean = 1.0 (flags = 0x41)
0  O                                                                         (0 = 0.0%)
1  ---O                                                                      (3 = 100.0%) {0.0%}
2  O                                                                         (0 = 0.0%) {100.0%}

Histogram: MediaRouter.Cast.Channel.Error recorded 2 samples, mean = 0.0 (flags = 0x41)
0  --O                                                                       (2 = 100.0%)
1  ... 

Histogram: MediaRouter.Cast.DeviceNameLength recorded 3 samples, mean = 15.0 (flags = 0x41)
0   ... 
11  --O                                                                       (2 = 66.7%) {0.0%}
12  ... 
23  -O                                                                        (1 = 33.3%) {66.7%}
24  ... 

Histogram: MediaRouter.Cast.Discovery.ConnectedDevicesCount recorded 1 samples, mean = 2.0 (flags = 0x41)
0  ... 
2  -O                                                                        (1 = 100.0%) {0.0%}
3  ... 

Histogram: MediaRouter.Cast.Discovery.KnownDevicesCount recorded 1 samples, mean = 0.0 (flags = 0x41)
0  -O                                                                        (1 = 100.0%)
1  ... 

Histogram: MediaRouter.Cast.Discovery.SinkSource recorded 7 samples, mean = 3.0 (flags = 0x41)
0  O                                                                         (0 = 0.0%)
1  -O                                                                        (1 = 14.3%) {0.0%}
2  --O                                                                       (2 = 28.6%) {14.3%}
3  O                                                                         (0 = 0.0%) {42.9%}
4  ----O                                                                     (4 = 57.1%) {42.9%}
5  ... 

Histogram: MediaRouter.Cast.Mdns.Channel.Open_Success recorded 3 samples, mean = 119.0 (flags = 0x41)
0    -O                                                                        (1 = 33.3%)
1    ... 
96   -O                                                                        (1 = 33.3%) {33.3%}
114  ... 
226  -O                                                                        (1 = 33.3%) {66.7%}
268  ... 

Histogram: MediaRouter.Dial.AvailableDevicesCount recorded 1 samples, mean = 0.0 (flags = 0x41)
0  -O                                                                        (1 = 100.0%)
1  ... 

Histogram: MediaRouter.Dial.DeviceDescriptionParsingResult recorded 3 samples, mean = 0.0 (flags = 0x41)
0  ---O                                                                      (3 = 100.0%)
1  ... 

Histogram: MediaRouter.Dial.KnownDevicesCount recorded 1 samples, mean = 0.0 (flags = 0x41)
0  -O                                                                        (1 = 100.0%)
1  ... 

Histogram: Memory.Discardable.FreelistSize.Foreground recorded 4 samples, mean = 0.0 (flags = 0x41)
0  ----O                                                                     (4 = 100.0%)
1  ... 

Histogram: Memory.Discardable.Size.Foreground recorded 4 samples, mean = 0.0 (flags = 0x41)
0  ----O                                                                     (4 = 100.0%)
1  ... 

Histogram: Memory.Discardable.VirtualSize.Foreground recorded 4 samples, mean = 0.0 (flags = 0x41)
0  ----O                                                                     (4 = 100.0%)
1  ... 

Histogram: Memory.Experimental.AvailableMemoryMB recorded 29 samples, mean = 42793.6 (flags = 0x41)
0      ... 
38998  -----------------O                                                        (17 = 58.6%) {0.0%}
43060  ------------O                                                             (12 = 41.4%) {58.6%}
47545  ... 

Histogram: Memory.Experimental.AvailableMemoryPercent recorded 29 samples, mean = 64.9 (flags = 0x41)
0   ... 
62  -O                                                                        (1 = 3.4%) {0.0%}
63  -----------O                                                              (11 = 37.9%) {3.4%}
64  ---O                                                                      (3 = 10.3%) {41.4%}
65  --O                                                                       (2 = 6.9%) {51.7%}
66  O                                                                         (0 = 0.0%) {58.6%}
67  ------------O                                                             (12 = 41.4%) {58.6%}
68  ... 

Histogram: Memory.Experimental.Renderer.HighestPrivateMemoryFootprint.0to2min recorded 1 samples, mean = 76.0 (flags = 0x41)
0   ... 
75  -O                                                                        (1 = 100.0%) {0.0%}
84  ... 

Histogram: Memory.Experimental.Renderer.HighestPrivateMemoryFootprint.2to4min recorded 1 samples, mean = 61.0 (flags = 0x41)
0   ... 
60  -O                                                                        (1 = 100.0%) {0.0%}
67  ... 

Histogram: Memory.Experimental.Renderer.HighestPrivateMemoryFootprint.4to8min recorded 1 samples, mean = 61.0 (flags = 0x41)
0   ... 
60  -O                                                                        (1 = 100.0%) {0.0%}
67  ... 

Histogram: Memory.Experimental.Renderer.HighestPrivateMemoryFootprint.8to16min recorded 1 samples, mean = 61.0 (flags = 0x41)
0   ... 
60  -O                                                                        (1 = 100.0%) {0.0%}
67  ... 

Histogram: Memory.GPU.PeakMemoryAllocationSource2.PageLoad.SharedContextState recorded 1 samples, mean = 0.0 (flags = 0x41)
0  -O                                                                        (1 = 100.0%)
1  ... 

Histogram: Memory.GPU.PeakMemoryAllocationSource2.PageLoad.SharedImageStub recorded 1 samples, mean = 0.0 (flags = 0x41)
0  -O                                                                        (1 = 100.0%)
1  ... 

Histogram: Memory.GPU.PeakMemoryAllocationSource2.PageLoad.Skia recorded 1 samples, mean = 0.0 (flags = 0x41)
0  -O                                                                        (1 = 100.0%)
1  ... 

Histogram: Memory.GPU.PeakMemoryUsage2.PageLoad recorded 1 samples, mean = 0.0 (flags = 0x41)
0  -O                                                                        (1 = 100.0%)
1  ... 

Histogram: Memory.ParkableString.Compression.Latency recorded 18 samples, mean = 6496.1 (flags = 0x41)
0      --O                                                                       (2 = 11.1%)
500    O                                                                         (0 = 0.0%) {11.1%}
540    -O                                                                        (1 = 5.6%) {11.1%}
584    O                                                                         (0 = 0.0%) {16.7%}
631    -O                                                                        (1 = 5.6%) {16.7%}
682    ... 
1004   -O                                                                        (1 = 5.6%) {22.2%}
1085   ... 
1480   -O                                                                        (1 = 5.6%) {27.8%}
1599   ... 
2018   -O                                                                        (1 = 5.6%) {33.3%}
2181   ... 
3214   -O                                                                        (1 = 5.6%) {38.9%}
3473   --O                                                                       (2 = 11.1%) {44.4%}
3753   -O                                                                        (1 = 5.6%) {55.6%}
4056   ... 
4737   -O                                                                        (1 = 5.6%) {61.1%}
5119   -O                                                                        (1 = 5.6%) {66.7%}
5532   ... 
6981   -O                                                                        (1 = 5.6%) {72.2%}
7544   ... 
16387  -O                                                                        (1 = 5.6%) {77.8%}
17709  O                                                                         (0 = 0.0%) {83.3%}
19137  --O                                                                       (2 = 11.1%) {83.3%}
20681  -O                                                                        (1 = 5.6%) {94.4%}
22349  ... 

Histogram: Memory.ParkableString.Compression.SizeKb recorded 18 samples, mean = 272.2 (flags = 0x41)
0    ... 
14   -O                                                                        (1 = 5.6%) {0.0%}
16   O                                                                         (0 = 0.0%) {5.6%}
18   -O                                                                        (1 = 5.6%) {5.6%}
20   ... 
29   --O                                                                       (2 = 11.1%) {11.1%}
33   ... 
60   -O                                                                        (1 = 5.6%) {22.2%}
67   O                                                                         (0 = 0.0%) {27.8%}
75   -O                                                                        (1 = 5.6%) {27.8%}
84   -O                                                                        (1 = 5.6%) {33.3%}
95   O                                                                         (0 = 0.0%) {38.9%}
107  -O                                                                        (1 = 5.6%) {38.9%}
120  O                                                                         (0 = 0.0%) {44.4%}
135  -O                                                                        (1 = 5.6%) {44.4%}
152  O                                                                         (0 = 0.0%) {50.0%}
171  --O                                                                       (2 = 11.1%) {50.0%}
192  -O                                                                        (1 = 5.6%) {61.1%}
216  ... 
307  -O                                                                        (1 = 5.6%) {66.7%}
345  -O                                                                        (1 = 5.6%) {72.2%}
388  ... 
623  -O                                                                        (1 = 5.6%) {77.8%}
701  -O                                                                        (1 = 5.6%) {83.3%}
789  --O                                                                       (2 = 11.1%) {88.9%}
888  ... 

Histogram: Memory.ParkableString.Decompression.Latency recorded 3 samples, mean = 235.0 (flags = 0x41)
0  ---O                                                                      (3 = 100.0%)
500... 

Histogram: Memory.ParkableString.Decompression.ThroughputMBps recorded 3 samples, mean = 435.0 (flags = 0x41)
0    ... 
345  -O                                                                        (1 = 33.3%) {0.0%}
388  O                                                                         (0 = 0.0%) {33.3%}
437  --O                                                                       (2 = 66.7%) {33.3%}
492  ... 

Histogram: Memory.ParkableString.DiskReadTime.5min recorded 1 samples, mean = 0.0 (flags = 0x41)
0  -O                                                                        (1 = 100.0%)
1  ... 

Histogram: Memory.ParkableString.DiskWriteTime.5min recorded 1 samples, mean = 14.0 (flags = 0x41)
0   ... 
14  -O                                                                        (1 = 100.0%) {0.0%}
17  ... 

Histogram: Memory.ParkableString.OnDiskSizeKb.5min recorded 1 samples, mean = 968.0 (flags = 0x41)
0    ... 
896  -O                                                                        (1 = 100.0%) {0.0%}
1122 ... 

Histogram: Memory.ParkableString.Read.Latency recorded 3 samples, mean = 31.0 (flags = 0x41)
0  ---O                                                                      (3 = 100.0%)
500... 

Histogram: Memory.ParkableString.TotalParkingThreadTime.5min recorded 1 samples, mean = 116.0 (flags = 0x41)
0    ... 
114  -O                                                                        (1 = 100.0%) {0.0%}
135  ... 

Histogram: Memory.ParkableString.TotalUnparkingTime.5min recorded 1 samples, mean = 0.0 (flags = 0x41)
0  -O                                                                        (1 = 100.0%)
1  ... 

Histogram: Memory.PartitionAlloc.MemoryReclaim recorded 3430 samples, mean = 262.3 (flags = 0x41)
0     ... 
65    -------------------------O                                                (256 = 7.5%) {0.0%}
86    ------------------------------------------------------------------------O (723 = 21.1%) {7.5%}
113   -----------------------------------------------------------O              (596 = 17.4%) {28.5%}
149   -------------O                                                            (130 = 3.8%) {45.9%}
196   -O                                                                        (9 = 0.3%) {49.7%}
258   ---------------------------------------------O                            (454 = 13.2%) {50.0%}
340   -------------------------------------------------------------------O      (677 = 19.7%) {63.2%}
448   ----------------------------------------------------O                     (525 = 15.3%) {82.9%}
590   -----O                                                                    (46 = 1.3%) {98.3%}
777   -O                                                                        (12 = 0.3%) {99.6%}
1023  O                                                                         (2 = 0.1%) {99.9%}
1347  ... 

Histogram: Memory.PartitionAlloc.PartitionRoot.ExtrasSize recorded 1 samples, mean = 4.0 (flags = 0x41)
0  ... 
4  -O                                                                        (1 = 100.0%) {0.0%}
5  ... 

Histogram: Memory.PartitionAlloc.PeriodicPurge recorded 389 samples, mean = 25.8 (flags = 0x41)
0    ... 
4    ---O                                                                      (4 = 1.0%) {0.0%}
5    -------------O                                                            (17 = 4.4%) {1.0%}
7    -------------O                                                            (17 = 4.4%) {5.4%}
9    ----------O                                                               (14 = 3.6%) {9.8%}
12   --------------------O                                                     (27 = 6.9%) {13.4%}
16   --------------------------------------------------O                       (68 = 17.5%) {20.3%}
21   ------------------------------------------------------------------------O (97 = 24.9%) {37.8%}
28   ----------------------------------------------------------------------O   (94 = 24.2%) {62.7%}
37   ----------------------O                                                   (29 = 7.5%) {86.9%}
49   ---------O                                                                (12 = 3.1%) {94.3%}
65   ----O                                                                     (6 = 1.5%) {97.4%}
86   -O                                                                        (2 = 0.5%) {99.0%}
113  -O                                                                        (1 = 0.3%) {99.5%}
149  -O                                                                        (1 = 0.3%) {99.7%}
196  ... 

Histogram: Memory.PressureLevel2 recorded 3498 samples, mean = 0.0 (flags = 0x41)
0  ------------------------------------------------------------------------O (3498 = 100.0%)
1  ... 

Histogram: Mojo.Channel.WriteReceiveMessageProcessType recorded 13 samples, mean = 5.6 (flags = 0x41)
0   -----O                                                                    (5 = 38.5%)
1   ... 
9   -------O                                                                  (7 = 53.8%) {38.5%}
10  -O                                                                        (1 = 7.7%) {92.3%}
11  ... 

Histogram: NQE.ContentObserver.NetworkQualityMeaningfullyChanged recorded 10 samples, mean = 0.9 (flags = 0x40)
0  -O                                                                        (1 = 10.0%)
1  ---------O                                                                (9 = 90.0%) {10.0%}
2  O                                                                         (0 = 0.0%) {100.0%}

Histogram: NQE.RTT.Error.Absolute recorded 43 samples, mean = 50.2 (flags = 0x41)
0    -O                                                                        (1 = 2.3%)
1    -O                                                                        (1 = 2.3%) {2.3%}
2    --O                                                                       (2 = 4.7%) {4.7%}
3    ... 
10   -O                                                                        (1 = 2.3%) {9.3%}
12   O                                                                         (0 = 0.0%) {11.6%}
14   ---O                                                                      (3 = 7.0%) {11.6%}
17   --O                                                                       (2 = 4.7%) {18.6%}
20   O                                                                         (0 = 0.0%) {23.3%}
24   --O                                                                       (2 = 4.7%) {23.3%}
29   -O                                                                        (1 = 2.3%) {27.9%}
34   ----O                                                                     (4 = 9.3%) {30.2%}
40   O                                                                         (0 = 0.0%) {39.5%}
48   ----O                                                                     (4 = 9.3%) {39.5%}
57   ---------------O                                                          (15 = 34.9%) {48.8%}
68   O                                                                         (0 = 0.0%) {83.7%}
81   ---O                                                                      (3 = 7.0%) {83.7%}
96   --O                                                                       (2 = 4.7%) {90.7%}
114  --O                                                                       (2 = 4.7%) {95.3%}
135  ... 

Histogram: NQE.RTT.Error.IsZero recorded 43 samples, mean = 0.0 (flags = 0x41)
0  -------------------------------------------O                              (43 = 100.0%)
1  ... 

Histogram: NQE.RTT.Error.Negative recorded 13 samples, mean = 48.2 (flags = 0x41)
0    -O                                                                        (1 = 7.7%)
1    -O                                                                        (1 = 7.7%) {7.7%}
2    -O                                                                        (1 = 7.7%) {15.4%}
3    ... 
14   --O                                                                       (2 = 15.4%) {23.1%}
17   ... 
34   ---O                                                                      (3 = 23.1%) {38.5%}
40   ... 
57   -O                                                                        (1 = 7.7%) {61.5%}
68   O                                                                         (0 = 0.0%) {69.2%}
81   --O                                                                       (2 = 15.4%) {69.2%}
96   O                                                                         (0 = 0.0%) {84.6%}
114  --O                                                                       (2 = 15.4%) {84.6%}
135  ... 

Histogram: NQE.RTT.Error.Positive recorded 30 samples, mean = 51.1 (flags = 0x41)
0   ... 
2   -O                                                                        (1 = 3.3%) {0.0%}
3   ... 
10  -O                                                                        (1 = 3.3%) {3.3%}
12  O                                                                         (0 = 0.0%) {6.7%}
14  -O                                                                        (1 = 3.3%) {6.7%}
17  --O                                                                       (2 = 6.7%) {10.0%}
20  O                                                                         (0 = 0.0%) {16.7%}
24  --O                                                                       (2 = 6.7%) {16.7%}
29  -O                                                                        (1 = 3.3%) {23.3%}
34  -O                                                                        (1 = 3.3%) {26.7%}
40  O                                                                         (0 = 0.0%) {30.0%}
48  ----O                                                                     (4 = 13.3%) {30.0%}
57  --------------O                                                           (14 = 46.7%) {43.3%}
68  O                                                                         (0 = 0.0%) {90.0%}
81  -O                                                                        (1 = 3.3%) {90.0%}
96  --O                                                                       (2 = 6.7%) {93.3%}
114 ... 

Histogram: NQE.RTT.HittingThreshold.EndToEnd.FallbackSuccess recorded 5 samples, mean = 0.0 (flags = 0x41)
0  -----O                                                                    (5 = 100.0%)
1  ... 

Histogram: NQE.RTT.HittingThreshold.Transport.FallbackSuccess recorded 1 samples, mean = 0.0 (flags = 0x41)
0  -O                                                                        (1 = 100.0%)
1  ... 

Histogram: NQE.RTT.ObservationSource recorded 57 samples, mean = 0.7 (flags = 0x41)
0  -------------------------------------------O                              (43 = 75.4%)
1  O                                                                         (0 = 0.0%) {75.4%}
2  ----------O                                                               (10 = 17.5%) {75.4%}
3  -O                                                                        (1 = 1.8%) {93.0%}
4  -O                                                                        (1 = 1.8%) {94.7%}
5  O                                                                         (0 = 0.0%) {96.5%}
6  -O                                                                        (1 = 1.8%) {96.5%}
7  -O                                                                        (1 = 1.8%) {98.2%}
8  ... 

Histogram: NQE.RTT.OnECTComputation recorded 16 samples, mean = 115.2 (flags = 0x41)
0    ... 
48   ---O                                                                      (3 = 18.8%) {0.0%}
57   --O                                                                       (2 = 12.5%) {18.8%}
68   ... 
96   -O                                                                        (1 = 6.2%) {31.2%}
114  -----O                                                                    (5 = 31.2%) {37.5%}
135  O                                                                         (0 = 0.0%) {68.8%}
160  -----O                                                                    (5 = 31.2%) {68.8%}
190  ... 

Histogram: NQE.RenderThreadNotified recorded 21 samples, mean = 1.0 (flags = 0x40)
0  O                                                                         (0 = 0.0%)
1  ---------------------O                                                    (21 = 100.0%) {0.0%}
2  O                                                                         (0 = 0.0%) {100.0%}

Histogram: NQE.TransportRTT.OnECTComputation recorded 15 samples, mean = 36.1 (flags = 0x41)
0    ... 
17   -O                                                                        (1 = 6.7%) {0.0%}
20   ----------O                                                               (10 = 66.7%) {6.7%}
24   ... 
57   ---O                                                                      (3 = 20.0%) {73.3%}
68   ... 
114  -O                                                                        (1 = 6.7%) {93.3%}
135  ... 

Histogram: Navigation.BeginNavigationImpl.MainFrame recorded 2 samples, mean = 0.0 (flags = 0x41)
0  --O                                                                       (2 = 100.0%)
1  ... 

Histogram: Navigation.BrowserInitiatedSessionHistoryCount recorded 1 samples, mean = 0.0 (flags = 0x41)
0  -O                                                                        (1 = 100.0%)
1  ... 

Histogram: Navigation.CommitRenderFrame recorded 1 samples, mean = 11.0 (flags = 0x41)
0   ... 
10  -O                                                                        (1 = 100.0%) {0.0%}
12  ... 

Histogram: Navigation.CommitToCompositorCreation recorded 1 samples, mean = 90.0 (flags = 0x41)
0   ... 
78  -O                                                                        (1 = 100.0%) {0.0%}
101 ... 

Histogram: Navigation.CompositorRequestedBeforeCommit2 recorded 1 samples, mean = 0.0 (flags = 0x41)
0  -O                                                                        (1 = 100.0%)
1  ... 

Histogram: Navigation.CompositorRequestedBeforeSwapRFH2 recorded 1 samples, mean = 0.0 (flags = 0x41)
0  -O                                                                        (1 = 100.0%)
1  ... 

Histogram: Navigation.CreateSpeculativeRFH recorded 1 samples, mean = 4.0 (flags = 0x41)
0  ... 
4  -O                                                                        (1 = 100.0%) {0.0%}
5  ... 

Histogram: Navigation.DidCommitSameDocumentNavigation.Duration recorded 1 samples, mean = 0.0 (flags = 0x41)
0  -O                                                                        (1 = 100.0%)
1  ... 

Histogram: Navigation.DidStartLoading.MainFrame recorded 3 samples, mean = 0.0 (flags = 0x41)
0  ---O                                                                      (3 = 100.0%)
1  ... 

Histogram: Navigation.DidStartLoading.Subframe recorded 2 samples, mean = 0.0 (flags = 0x41)
0  --O                                                                       (2 = 100.0%)
1  ... 

Histogram: Navigation.EarlyRenderFrameHostSwapType recorded 6 samples, mean = 0.0 (flags = 0x41)
0  ------O                                                                   (6 = 100.0%)
1  ... 

Histogram: Navigation.EngagementTime.HTTPS recorded 1 samples, mean = 3496072.0 (flags = 0x41)
0        ... 
3118920  -O                                                                        (1 = 100.0%) {0.0%}
3600000  O                                                                         (0 = 0.0%) {100.0%}

Histogram: Navigation.GetFrameHostForNavigation recorded 4 samples, mean = 3.2 (flags = 0x41)
0  --O                                                                       (2 = 50.0%)
1  ... 
4  -O                                                                        (1 = 25.0%) {50.0%}
5  ... 
8  -O                                                                        (1 = 25.0%) {75.0%}
10 ... 

Histogram: Navigation.GetFrameHostForNavigationTime.InDidCreateNavigationRequest.IsHTTPOrHTTPS recorded 3 samples, mean = 3258.0 (flags = 0x41)
0     ... 
105   -O                                                                        (1 = 33.3%) {0.0%}
146   -O                                                                        (1 = 33.3%) {33.3%}
203   ... 
7439  -O                                                                        (1 = 33.3%) {66.7%}
10321 ... 

Histogram: Navigation.IsGuest recorded 1 samples, mean = 0.0 (flags = 0x41)
0  -O                                                                        (1 = 100.0%)
1  ... 

Histogram: Navigation.IsLockedProcess recorded 1 samples, mean = 1.0 (flags = 0x41)
0  O                                                                         (0 = 0.0%)
1  -O                                                                        (1 = 100.0%) {0.0%}
2  O                                                                         (0 = 0.0%) {100.0%}

Histogram: Navigation.IsLockedProcess.HTTPOrHTTPS recorded 1 samples, mean = 1.0 (flags = 0x41)
0  O                                                                         (0 = 0.0%)
1  -O                                                                        (1 = 100.0%) {0.0%}
2  O                                                                         (0 = 0.0%) {100.0%}

Histogram: Navigation.IsProcessBackgrounded.OnCommit recorded 1 samples, mean = 0.0 (flags = 0x41)
0  -O                                                                        (1 = 100.0%)
1  ... 

Histogram: Navigation.IsProcessBackgrounded.OnDOMContentLoaded recorded 1 samples, mean = 0.0 (flags = 0x41)
0  -O                                                                        (1 = 100.0%)
1  ... 

Histogram: Navigation.IsSameBrowsingInstance recorded 1 samples, mean = 0.0 (flags = 0x41)
0  -O                                                                        (1 = 100.0%)
1  ... 

Histogram: Navigation.IsSameSiteInstance recorded 1 samples, mean = 0.0 (flags = 0x41)
0  -O                                                                        (1 = 100.0%)
1  ... 

Histogram: Navigation.IsSameSiteInstance.MainFrame recorded 1 samples, mean = 0.0 (flags = 0x41)
0  -O                                                                        (1 = 100.0%)
1  ... 

Histogram: Navigation.LoaderCreateToRequestStart.MainFrame recorded 1 samples, mean = 0.0 (flags = 0x41)
0  -O                                                                        (1 = 100.0%)
1  ... 

Histogram: Navigation.MainFrame.FrameCount recorded 1 samples, mean = 2.0 (flags = 0x41)
0  ... 
2  -O                                                                        (1 = 100.0%) {0.0%}
3  ... 

Histogram: Navigation.MainFrame.MaxFrameCount recorded 3 samples, mean = 2.0 (flags = 0x41)
0  O                                                                         (0 = 0.0%)
1  -O                                                                        (1 = 33.3%) {0.0%}
2  -O                                                                        (1 = 33.3%) {33.3%}
3  -O                                                                        (1 = 33.3%) {66.7%}
4  ... 

Histogram: Navigation.MainFrame.NewNavigation.IgnoreRestore.IsHTTPOrHTTPS.BeginNavigationToLoaderStart.Time2 recorded 1 samples, mean = 1.0 (flags = 0x41)
0  O                                                                         (0 = 0.0%)
1  -O                                                                        (1 = 100.0%) {0.0%}
2  ... 

Histogram: Navigation.MainFrame.NewNavigation.IgnoreRestore.IsHTTPOrHTTPS.FetchStart.Time2 recorded 1 samples, mean = 106.0 (flags = 0x41)
0   ... 
96  -O                                                                        (1 = 100.0%) {0.0%}
114 ... 

Histogram: Navigation.MainFrame.NewNavigation.IgnoreRestore.IsHTTPOrHTTPS.LoaderStartToFetchStart.Time2 recorded 1 samples, mean = 712.0 (flags = 0x41)
0    ... 
633  -O                                                                        (1 = 100.0%) {0.0%}
752  ... 

Histogram: Navigation.MainFrame.NewNavigation.IgnoreRestore.IsHTTPOrHTTPS.LoaderStartToReceiveResponse.Time2 recorded 1 samples, mean = 1163.0 (flags = 0x41)
0     ... 
1062  -O                                                                        (1 = 100.0%) {0.0%}
1262  ... 

Histogram: Navigation.MainFrame.NewNavigation.IgnoreRestore.IsHTTPOrHTTPS.NavigationStartToBeginNavigation.Time2 recorded 1 samples, mean = 2366.0 (flags = 0x41)
0     ... 
2117  -O                                                                        (1 = 100.0%) {0.0%}
2516  ... 

Histogram: Navigation.MainFrame.NewNavigation.IgnoreRestore.IsHTTPOrHTTPS.ReceiveHeaders.Time2 recorded 1 samples, mean = 335.0 (flags = 0x41)
0    ... 
318  -O                                                                        (1 = 100.0%) {0.0%}
378  ... 

Histogram: Navigation.MainFrame.NewNavigation.IgnoreRestore.IsHTTPOrHTTPS.ReceiveHeadersToReceiveResponse.Time2 recorded 1 samples, mean = 7.0 (flags = 0x41)
0  ... 
7  -O                                                                        (1 = 100.0%) {0.0%}
8  ... 

Histogram: Navigation.MainFrame.NewNavigation.IgnoreRestore.IsHTTPOrHTTPS.ReceiveResponseToCommitNavigation.Time2 recorded 1 samples, mean = 6.0 (flags = 0x41)
0  ... 
6  -O                                                                        (1 = 100.0%) {0.0%}
7  ... 

Histogram: Navigation.MainFrame.RendererInitiated.InitiatorFramePresentAtStart recorded 1 samples, mean = 0.0 (flags = 0x41)
0  -O                                                                        (1 = 100.0%)
1  ... 

Histogram: Navigation.MainFrame.SiteEngagementLevel recorded 1 samples, mean = 2.0 (flags = 0x41)
0  ... 
2  -O                                                                        (1 = 100.0%) {0.0%}
3  ... 

Histogram: Navigation.MainFrame.ThirdPartyCookieBlockingEnabled recorded 2 samples, mean = 0.0 (flags = 0x41)
0  --O                                                                       (2 = 100.0%)
1  ... 

Histogram: Navigation.MainFrameHasRTLDomain2 recorded 2 samples, mean = 0.0 (flags = 0x41)
0  --O                                                                       (2 = 100.0%)
1  ... 

Histogram: Navigation.MainFrameHasRTLDomainDifferentPage2 recorded 1 samples, mean = 0.0 (flags = 0x41)
0  -O                                                                        (1 = 100.0%)
1  ... 

Histogram: Navigation.MainFrameProfileType2 recorded 2 samples, mean = 0.0 (flags = 0x41)
0  --O                                                                       (2 = 100.0%)
1  ... 

Histogram: Navigation.MainFrameScheme2 recorded 2 samples, mean = 2.0 (flags = 0x41)
0  ... 
2  --O                                                                       (2 = 100.0%) {0.0%}
3  ... 

Histogram: Navigation.MainFrameSchemeDifferentPage2 recorded 1 samples, mean = 2.0 (flags = 0x41)
0  ... 
2  -O                                                                        (1 = 100.0%) {0.0%}
3  ... 

Histogram: Navigation.OnBeforeUnloadOverheadTime recorded 2 samples, mean = 1188.0 (flags = 0x41)
0     ... 
10    -O                                                                        (1 = 50.0%) {0.0%}
12    ... 
2117  -O                                                                        (1 = 50.0%) {50.0%}
2516  ... 

Histogram: Navigation.OnBeforeUnloadTotalTime recorded 2 samples, mean = 0.0 (flags = 0x41)
0  --O                                                                       (2 = 100.0%)
1  ... 

Histogram: Navigation.OriginAgentCluster.Result recorded 1 samples, mean = 9.0 (flags = 0x41)
0  ... 
9  -O                                                                        (1 = 100.0%) {0.0%}
10 O                                                                         (0 = 0.0%) {100.0%}

Histogram: Navigation.PendingCommit.DidBlockGetFrameHostForNavigation.Regular recorded 1 samples, mean = 0.0 (flags = 0x41)
0  -O                                                                        (1 = 100.0%)
1  ... 

Histogram: Navigation.PendingCommit.Duration.Regular recorded 1 samples, mean = 12.0 (flags = 0x41)
0   ... 
12  -O                                                                        (1 = 100.0%) {0.0%}
14  ... 

Histogram: Navigation.Preconnect.PreresolveJobQueueLength recorded 14 samples, mean = 0.5 (flags = 0x41)
0  -------O                                                                  (7 = 50.0%)
1  -------O                                                                  (7 = 50.0%) {50.0%}
2  ... 

Histogram: Navigation.Preconnect.PreresolveJobQueueingTime recorded 7 samples, mean = 0.0 (flags = 0x41)
0  -------O                                                                  (7 = 100.0%)
1  ... 

Histogram: Navigation.Preconnect.ProxyLookupCallbackQueueingTime recorded 7 samples, mean = 63.3 (flags = 0x41)
0    -O                                                                        (1 = 14.3%)
1    ... 
3    -O                                                                        (1 = 14.3%) {14.3%}
4    ... 
7    -O                                                                        (1 = 14.3%) {28.6%}
8    -O                                                                        (1 = 14.3%) {42.9%}
10   O                                                                         (0 = 0.0%) {57.1%}
12   -O                                                                        (1 = 14.3%) {57.1%}
14   ... 
57   -O                                                                        (1 = 14.3%) {71.4%}
68   ... 
318  -O                                                                        (1 = 14.3%) {85.7%}
378  ... 

Histogram: Navigation.Preconnect.ProxyLookupLatency recorded 7 samples, mean = 519.3 (flags = 0x41)
0     -O                                                                        (1 = 14.3%)
1     ... 
7     --O                                                                       (2 = 28.6%) {14.3%}
8     ... 
14    -O                                                                        (1 = 14.3%) {42.9%}
17    ... 
57    -O                                                                        (1 = 14.3%) {57.1%}
68    ... 
633   -O                                                                        (1 = 14.3%) {71.4%}
752   ... 
2516  -O                                                                        (1 = 14.3%) {85.7%}
2990  ... 

Histogram: Navigation.Preconnect.ResolveHostCallbackQueueingTime recorded 7 samples, mean = 49.3 (flags = 0x41)
0    --O                                                                       (2 = 28.6%)
1    --O                                                                       (2 = 28.6%) {28.6%}
2    O                                                                         (0 = 0.0%) {57.1%}
3    -O                                                                        (1 = 14.3%) {57.1%}
4    ... 
14   -O                                                                        (1 = 14.3%) {71.4%}
17   ... 
318  -O                                                                        (1 = 14.3%) {85.7%}
378  ... 

Histogram: Navigation.Preconnect.ResolveHostLatency recorded 7 samples, mean = 54.0 (flags = 0x41)
0    --O                                                                       (2 = 28.6%)
1    -O                                                                        (1 = 14.3%) {28.6%}
2    ... 
7    -O                                                                        (1 = 14.3%) {42.9%}
8    ... 
14   --O                                                                       (2 = 28.6%) {57.1%}
17   ... 
318  -O                                                                        (1 = 14.3%) {85.7%}
378  ... 

Histogram: Navigation.ProcessNavigationThrottlesTime.WillStartRequest.MainFrame recorded 2 samples, mean = 0.5 (flags = 0x41)
0  -O                                                                        (1 = 50.0%)
1  -O                                                                        (1 = 50.0%) {50.0%}
2  ... 

Histogram: Navigation.QueueTime.OnReceiveRedirect.MainFrame recorded 1 samples, mean = 2.0 (flags = 0x41)
0  ... 
2  -O                                                                        (1 = 100.0%) {0.0%}
3  ... 

Histogram: Navigation.QueueTime.OnReceiveResponse.MainFrame recorded 1 samples, mean = 6.0 (flags = 0x41)
0  ... 
6  -O                                                                        (1 = 100.0%) {0.0%}
7  ... 

Histogram: Navigation.ReadyToCommitUntilCommit2 recorded 1 samples, mean = 12.0 (flags = 0x41)
0   ... 
10  -O                                                                        (1 = 100.0%) {0.0%}
13  ... 

Histogram: Navigation.ReadyToCommitUntilCommit2.ForegroundProcessPriority recorded 1 samples, mean = 12.0 (flags = 0x41)
0   ... 
10  -O                                                                        (1 = 100.0%) {0.0%}
13  ... 

Histogram: Navigation.ReadyToCommitUntilCommit2.NewNavigation recorded 1 samples, mean = 12.0 (flags = 0x41)
0   ... 
10  -O                                                                        (1 = 100.0%) {0.0%}
13  ... 

Histogram: Navigation.RegisterNavigationThrottlesTime.MainFrame recorded 2 samples, mean = 0.0 (flags = 0x41)
0  --O                                                                       (2 = 100.0%)
1  ... 

Histogram: Navigation.RenderFrameDelete recorded 1 samples, mean = 0.0 (flags = 0x41)
0  -O                                                                        (1 = 100.0%)
1  ... 

Histogram: Navigation.RenderFrameHostConstructor recorded 4 samples, mean = 0.0 (flags = 0x41)
0  ----O                                                                     (4 = 100.0%)
1  ... 

Histogram: Navigation.RenderFrameHostDestructor recorded 4 samples, mean = 0.0 (flags = 0x41)
0  ----O                                                                     (4 = 100.0%)
1  ... 

Histogram: Navigation.RenderViewHostConstructor recorded 2 samples, mean = 0.0 (flags = 0x41)
0  --O                                                                       (2 = 100.0%)
1  ... 

Histogram: Navigation.RenderViewHostDestructor recorded 2 samples, mean = 0.0 (flags = 0x41)
0  --O                                                                       (2 = 100.0%)
1  ... 

Histogram: Navigation.RenderWidgetHostConstructor recorded 2 samples, mean = 0.0 (flags = 0x41)
0  --O                                                                       (2 = 100.0%)
1  ... 

Histogram: Navigation.RenderWidgetHostDestructor recorded 2 samples, mean = 0.0 (flags = 0x41)
0  --O                                                                       (2 = 100.0%)
1  ... 

Histogram: Navigation.RendererCommitDelay.MainFrame recorded 1 samples, mean = 4.0 (flags = 0x41)
0  ... 
4  -O                                                                        (1 = 100.0%) {0.0%}
5  ... 

Histogram: Navigation.RendererCommitQueueTime.MainFrame recorded 1 samples, mean = 3.0 (flags = 0x41)
0  ... 
3  -O                                                                        (1 = 100.0%) {0.0%}
4  ... 

Histogram: Navigation.RendererDidNavigateTime.MainFrame recorded 1 samples, mean = 0.0 (flags = 0x41)
0  -O                                                                        (1 = 100.0%)
1  ... 

Histogram: Navigation.RendererDidNavigateTime.Subframe recorded 2 samples, mean = 0.0 (flags = 0x41)
0  --O                                                                       (2 = 100.0%)
1  ... 

Histogram: Navigation.RequiresDedicatedProcess recorded 1 samples, mean = 1.0 (flags = 0x41)
0  O                                                                         (0 = 0.0%)
1  -O                                                                        (1 = 100.0%) {0.0%}
2  O                                                                         (0 = 0.0%) {100.0%}

Histogram: Navigation.RequiresDedicatedProcess.HTTPOrHTTPS recorded 1 samples, mean = 1.0 (flags = 0x41)
0  O                                                                         (0 = 0.0%)
1  -O                                                                        (1 = 100.0%) {0.0%}
2  O                                                                         (0 = 0.0%) {100.0%}

Histogram: Navigation.SameDocumentNavigationWithScreenshot recorded 1 samples, mean = 0.0 (flags = 0x41)
0  -O                                                                        (1 = 100.0%)
1  ... 

Histogram: Navigation.SendCommitNavigationTime.MainFrame recorded 1 samples, mean = 0.0 (flags = 0x41)
0  -O                                                                        (1 = 100.0%)
1  ... 

Histogram: Navigation.StartToCommit recorded 3 samples, mean = 1182.3 (flags = 0x41)
0     --O                                                                       (2 = 66.7%)
1     ... 
3069  -O                                                                        (1 = 33.3%) {66.7%}
3900  ... 

Histogram: Navigation.StartToCommit.CrossProcess recorded 1 samples, mean = 3547.0 (flags = 0x41)
0     ... 
3069  -O                                                                        (1 = 100.0%) {0.0%}
3900  ... 

Histogram: Navigation.StartToCommit.CrossProcess.ForegroundProcessPriority recorded 1 samples, mean = 3547.0 (flags = 0x41)
0     ... 
3069  -O                                                                        (1 = 100.0%) {0.0%}
3900  ... 

Histogram: Navigation.StartToCommit.CrossProcess.MainFrame recorded 1 samples, mean = 3547.0 (flags = 0x41)
0     ... 
3069  -O                                                                        (1 = 100.0%) {0.0%}
3900  ... 

Histogram: Navigation.StartToCommit.CrossProcess.MainFrame.ForegroundProcessPriority recorded 1 samples, mean = 3547.0 (flags = 0x41)
0     ... 
3069  -O                                                                        (1 = 100.0%) {0.0%}
3900  ... 

Histogram: Navigation.StartToCommit.CrossProcess.MainFrame.NewNavigation recorded 1 samples, mean = 3547.0 (flags = 0x41)
0     ... 
3069  -O                                                                        (1 = 100.0%) {0.0%}
3900  ... 

Histogram: Navigation.StartToCommit.CrossProcess.NewNavigation recorded 1 samples, mean = 3547.0 (flags = 0x41)
0     ... 
3069  -O                                                                        (1 = 100.0%) {0.0%}
3900  ... 

Histogram: Navigation.StartToCommit.ForegroundProcessPriority recorded 3 samples, mean = 1182.3 (flags = 0x41)
0     --O                                                                       (2 = 66.7%)
1     ... 
3069  -O                                                                        (1 = 33.3%) {66.7%}
3900  ... 

Histogram: Navigation.StartToCommit.MainFrame recorded 1 samples, mean = 3547.0 (flags = 0x41)
0     ... 
3069  -O                                                                        (1 = 100.0%) {0.0%}
3900  ... 

Histogram: Navigation.StartToCommit.MainFrame.ForegroundProcessPriority recorded 1 samples, mean = 3547.0 (flags = 0x41)
0     ... 
3069  -O                                                                        (1 = 100.0%) {0.0%}
3900  ... 

Histogram: Navigation.StartToCommit.MainFrame.NewNavigation recorded 1 samples, mean = 3547.0 (flags = 0x41)
0     ... 
3069  -O                                                                        (1 = 100.0%) {0.0%}
3900  ... 

Histogram: Navigation.StartToCommit.NewNavigation recorded 3 samples, mean = 1182.3 (flags = 0x41)
0     --O                                                                       (2 = 66.7%)
1     ... 
3069  -O                                                                        (1 = 33.3%) {66.7%}
3900  ... 

Histogram: Navigation.StartToCommit.SameProcess recorded 2 samples, mean = 0.0 (flags = 0x41)
0  --O                                                                       (2 = 100.0%)
1  ... 

Histogram: Navigation.StartToCommit.SameProcess.ForegroundProcessPriority recorded 2 samples, mean = 0.0 (flags = 0x41)
0  --O                                                                       (2 = 100.0%)
1  ... 

Histogram: Navigation.StartToCommit.SameProcess.NewNavigation recorded 2 samples, mean = 0.0 (flags = 0x41)
0  --O                                                                       (2 = 100.0%)
1  ... 

Histogram: Navigation.StartToCommit.SameProcess.Subframe recorded 2 samples, mean = 0.0 (flags = 0x41)
0  --O                                                                       (2 = 100.0%)
1  ... 

Histogram: Navigation.StartToCommit.SameProcess.Subframe.ForegroundProcessPriority recorded 2 samples, mean = 0.0 (flags = 0x41)
0  --O                                                                       (2 = 100.0%)
1  ... 

Histogram: Navigation.StartToCommit.SameProcess.Subframe.NewNavigation recorded 2 samples, mean = 0.0 (flags = 0x41)
0  --O                                                                       (2 = 100.0%)
1  ... 

Histogram: Navigation.StartToCommit.Subframe recorded 2 samples, mean = 0.0 (flags = 0x41)
0  --O                                                                       (2 = 100.0%)
1  ... 

Histogram: Navigation.StartToCommit.Subframe.ForegroundProcessPriority recorded 2 samples, mean = 0.0 (flags = 0x41)
0  --O                                                                       (2 = 100.0%)
1  ... 

Histogram: Navigation.StartToCommit.Subframe.NewNavigation recorded 2 samples, mean = 0.0 (flags = 0x41)
0  --O                                                                       (2 = 100.0%)
1  ... 

Histogram: Navigation.SuddenTerminationDisabler.AllOrigins recorded 1 samples, mean = 13.0 (flags = 0x41)
0   ... 
13  -O                                                                        (1 = 100.0%) {0.0%}
14  ... 

Histogram: Navigation.SuddenTerminationDisabler.SameOrigin recorded 1 samples, mean = 13.0 (flags = 0x41)
0   ... 
13  -O                                                                        (1 = 100.0%) {0.0%}
14  ... 

Histogram: Navigation.SwapRFHToCompositorCreation recorded 1 samples, mean = 81.0 (flags = 0x41)
0   ... 
78  -O                                                                        (1 = 100.0%) {0.0%}
101 ... 

Histogram: Navigation.ThrottleCount recorded 2 samples, mean = 20.0 (flags = 0x41)
0   ... 
20  --O                                                                       (2 = 100.0%) {0.0%}
21  ... 

Histogram: Navigation.ThrottleEventDurationTime.WillProcessResponse recorded 1 samples, mean = 0.0 (flags = 0x41)
0  -O                                                                        (1 = 100.0%)
1  ... 

Histogram: Navigation.ThrottleEventDurationTime.WillRedirectRequest recorded 1 samples, mean = 0.0 (flags = 0x41)
0  -O                                                                        (1 = 100.0%)
1  ... 

Histogram: Navigation.ThrottleEventDurationTime.WillStartRequest recorded 2 samples, mean = 0.0 (flags = 0x41)
0  --O                                                                       (2 = 100.0%)
1  ... 

Histogram: Navigation.ThrottleEventExecutionTime.WillProcessResponse recorded 1 samples, mean = 0.0 (flags = 0x41)
0  -O                                                                        (1 = 100.0%)
1  ... 

Histogram: Navigation.ThrottleEventExecutionTime.WillRedirectRequest recorded 1 samples, mean = 0.0 (flags = 0x41)
0  -O                                                                        (1 = 100.0%)
1  ... 

Histogram: Navigation.ThrottleEventExecutionTime.WillStartRequest recorded 2 samples, mean = 0.0 (flags = 0x41)
0  --O                                                                       (2 = 100.0%)
1  ... 

Histogram: Navigation.ThrottleExecutionTime.WillProcessResponse recorded 20 samples, mean = 0.0 (flags = 0x41)
0  --------------------O                                                     (20 = 100.0%)
1  ... 

Histogram: Navigation.ThrottleExecutionTime.WillRedirectRequest recorded 20 samples, mean = 0.0 (flags = 0x41)
0  --------------------O                                                     (20 = 100.0%)
1  ... 

Histogram: Navigation.ThrottleExecutionTime.WillStartRequest recorded 40 samples, mean = 0.0 (flags = 0x41)
0  ----------------------------------------O                                 (40 = 100.0%)
1  ... 

Histogram: Navigation.ThrottleTotalDeferCount recorded 5 samples, mean = 0.0 (flags = 0x41)
0  -----O                                                                    (5 = 100.0%)
1  ... 

Histogram: Navigation.ThrottleTotalDeferCount.Request recorded 5 samples, mean = 0.0 (flags = 0x41)
0  -----O                                                                    (5 = 100.0%)
1  ... 

Histogram: Navigation.ThrottleTotalDeferTime recorded 5 samples, mean = 0.0 (flags = 0x41)
0  -----O                                                                    (5 = 100.0%)
1  ... 

Histogram: Navigation.ThrottleTotalDeferTime.Request recorded 5 samples, mean = 0.0 (flags = 0x41)
0  -----O                                                                    (5 = 100.0%)
1  ... 

Histogram: Navigation.Throttles.PolicyBlocklist.DeferDurationTime recorded 2 samples, mean = 0.0 (flags = 0x41)
0  --O                                                                       (2 = 100.0%)
1  ... 

Histogram: Navigation.Throttles.PolicyBlocklist.RequestThrottleAction recorded 2 samples, mean = 2.5 (flags = 0x41)
0  O                                                                         (0 = 0.0%)
1  -O                                                                        (1 = 50.0%) {0.0%}
2  ... 
4  -O                                                                        (1 = 50.0%) {50.0%}
5  ... 

Histogram: Navigation.Throttles.PolicyBlocklist.RequestToResponseTime recorded 1 samples, mean = 0.0 (flags = 0x41)
0  -O                                                                        (1 = 100.0%)
1  ... 

Histogram: Navigation.TimeToReadyToCommit2 recorded 1 samples, mean = 3535.0 (flags = 0x41)
0     ... 
3069  -O                                                                        (1 = 100.0%) {0.0%}
3900  ... 

Histogram: Navigation.TimeToReadyToCommit2.CrossProcess recorded 1 samples, mean = 3535.0 (flags = 0x41)
0     ... 
3069  -O                                                                        (1 = 100.0%) {0.0%}
3900  ... 

Histogram: Navigation.TimeToReadyToCommit2.CrossProcess.NewNavigation recorded 1 samples, mean = 3535.0 (flags = 0x41)
0     ... 
3069  -O                                                                        (1 = 100.0%) {0.0%}
3900  ... 

Histogram: Navigation.TimeToReadyToCommit2.MainFrame recorded 1 samples, mean = 3535.0 (flags = 0x41)
0     ... 
3069  -O                                                                        (1 = 100.0%) {0.0%}
3900  ... 

Histogram: Navigation.TimeToReadyToCommit2.MainFrame.NewNavigation recorded 1 samples, mean = 3535.0 (flags = 0x41)
0     ... 
3069  -O                                                                        (1 = 100.0%) {0.0%}
3900  ... 

Histogram: Navigation.TimeToReadyToCommit2.NewNavigation recorded 1 samples, mean = 3535.0 (flags = 0x41)
0     ... 
3069  -O                                                                        (1 = 100.0%) {0.0%}
3900  ... 

Histogram: Navigation.Unload recorded 1 samples, mean = 0.0 (flags = 0x41)
0  -O                                                                        (1 = 100.0%)
1  ... 

Histogram: Navigation.UserAgentStringType recorded 4 samples, mean = 1.0 (flags = 0x41)
0  O                                                                         (0 = 0.0%)
1  ----O                                                                     (4 = 100.0%) {0.0%}
2  ... 

Histogram: Navigation.WillStartRequestToLoaderStart.MainFrame recorded 2 samples, mean = 0.5 (flags = 0x41)
0  -O                                                                        (1 = 50.0%)
1  -O                                                                        (1 = 50.0%) {50.0%}
2  ... 

Histogram: NavigationPredictor.SearchEnginePreconnector.IsBrowserAppLikelyInForeground recorded 59 samples, mean = 0.0 (flags = 0x41)
0  ---------------------------------------------------------O                (57 = 96.6%)
1  --O                                                                       (2 = 3.4%) {96.6%}
2  O                                                                         (0 = 0.0%) {100.0%}

Histogram: NavigationSuggestion.GetDomainInfoDelayBeforeAllowingNavigation recorded 1 samples, mean = 0.0 (flags = 0x41)
0  -O                                                                        (1 = 100.0%)
1  ... 

Histogram: NavigationSuggestion.IsLookalikeUrlDelayBeforeAllowingNavigation recorded 1 samples, mean = 0.0 (flags = 0x41)
0  -O                                                                        (1 = 100.0%)
1  ... 

Histogram: NavigationSuggestion.PerformChecksDelayBeforeAllowingNavigation recorded 1 samples, mean = 0.0 (flags = 0x41)
0  -O                                                                        (1 = 100.0%)
1  ... 

Histogram: Net.AlternateProtocolUsage recorded 56 samples, mean = 5.8 (flags = 0x41)
0  ------O                                                                   (6 = 10.7%)
1  --O                                                                       (2 = 3.6%) {10.7%}
2  -O                                                                        (1 = 1.8%) {14.3%}
3  --O                                                                       (2 = 3.6%) {16.1%}
4  ... 
6  -O                                                                        (1 = 1.8%) {19.6%}
7  --------------------------------------------O                             (44 = 78.6%) {21.4%}
8  O                                                                         (0 = 0.0%) {100.0%}

Histogram: Net.AlternateProtocolUsageGoogle recorded 1 samples, mean = 1.0 (flags = 0x41)
0  O                                                                         (0 = 0.0%)
1  -O                                                                        (1 = 100.0%) {0.0%}
2  ... 

Histogram: Net.AlternativeServiceTypeForRequest recorded 63 samples, mean = 0.2 (flags = 0x41)
0  -----------------------------------------------------O                    (53 = 84.1%)
1  ----------O                                                               (10 = 15.9%) {84.1%}
2  ... 

Histogram: Net.CertVerifier.PathBuilderIterationCount recorded 10 samples, mean = 2.0 (flags = 0x41)
0  ... 
2  ----------O                                                               (10 = 100.0%) {0.0%}
3  ... 

Histogram: Net.CertVerifier_First_Job_Latency recorded 1 samples, mean = 293.0 (flags = 0x41)
0    ... 
271  -O                                                                        (1 = 100.0%) {0.0%}
307  ... 

Histogram: Net.CertVerifier_Job_Latency recorded 10 samples, mean = 99.5 (flags = 0x41)
0    O                                                                         (0 = 0.0%)
1    -O                                                                        (1 = 10.0%) {0.0%}
2    ... 
5    -O                                                                        (1 = 10.0%) {10.0%}
6    -O                                                                        (1 = 10.0%) {20.0%}
7    ... 
10   -O                                                                        (1 = 10.0%) {30.0%}
11   O                                                                         (0 = 0.0%) {40.0%}
12   ---O                                                                      (3 = 30.0%) {40.0%}
14   ... 
239  -O                                                                        (1 = 10.0%) {70.0%}
271  -O                                                                        (1 = 10.0%) {80.0%}
307  ... 
394  -O                                                                        (1 = 10.0%) {90.0%}
446  ... 

Histogram: Net.Certificate.TrustAnchor.Request recorded 51 samples (flags = 0x41)
200  -O                                                                        (1 = 2.0%)
210  ---------------------------------------O                                  (39 = 76.5%)
483  -O                                                                        (1 = 2.0%)
486  ----------O                                                               (10 = 19.6%)

Histogram: Net.Certificate.TrustAnchor.Verify recorded 10 samples (flags = 0x41)
200  -O                                                                        (1 = 10.0%)
210  ---O                                                                      (3 = 30.0%)
483  ---O                                                                      (3 = 30.0%)
486  ---O                                                                      (3 = 30.0%)

Histogram: Net.ConnectionInfo.MainFrame recorded 1 samples, mean = 4.0 (flags = 0x41)
0  ... 
4  -O                                                                        (1 = 100.0%) {0.0%}
5  ... 

Histogram: Net.ConnectionInfo.SubResource recorded 46 samples, mean = 9.4 (flags = 0x41)
0   O                                                                         (0 = 0.0%)
1   -O                                                                        (1 = 2.2%) {0.0%}
2   ... 
4   --------------------------------------O                                   (38 = 82.6%) {2.2%}
5   ... 
40  -------O                                                                  (7 = 15.2%) {84.8%}
41  ... 

Histogram: Net.ContentEncodingType recorded 51 samples, mean = 0.8 (flags = 0x41)
0  ---------------O                                                          (15 = 29.4%)
1  ---------------------------------O                                        (33 = 64.7%) {29.4%}
2  ---O                                                                      (3 = 5.9%) {94.1%}
3  ... 

Histogram: Net.Cors.AccessCheckResult recorded 9 samples, mean = 0.0 (flags = 0x41)
0  ---------O                                                                (9 = 100.0%)
1  ... 

Histogram: Net.CountOfBrokenAlternativeServices recorded 1 samples, mean = 0.0 (flags = 0x41)
0  -O                                                                        (1 = 100.0%)
1  ... 

Histogram: Net.CountOfQuicServerInfos recorded 1 samples, mean = 0.0 (flags = 0x41)
0  -O                                                                        (1 = 100.0%)
1  ... 

Histogram: Net.CountOfRecentlyBrokenAlternativeServices recorded 1 samples, mean = 1.0 (flags = 0x41)
0  O                                                                         (0 = 0.0%)
1  -O                                                                        (1 = 100.0%) {0.0%}
2  ... 

Histogram: Net.DNS.DnsConfig.DnsClientCapability recorded 64 samples, mean = 1.0 (flags = 0x41)
0  O                                                                         (0 = 0.0%)
1  ----------------------------------------------------------------O         (64 = 100.0%) {0.0%}
2  ... 

Histogram: Net.DNS.DnsConfig.SecureDnsMode recorded 1 samples, mean = 4.0 (flags = 0x41)
0  ... 
4  -O                                                                        (1 = 100.0%) {0.0%}
5  ... 

Histogram: Net.DNS.DnsConfig.Windows.Compatibility recorded 4 samples, mean = 0.0 (flags = 0x41)
0  ----O                                                                     (4 = 100.0%)
1  ... 

Histogram: Net.DNS.DnsConfig.Windows.ReadSystemSettings0 recorded 4 samples, mean = 0.0 (flags = 0x41)
0  ----O                                                                     (4 = 100.0%)
1  ... 

Histogram: Net.DNS.DnsHosts.Count recorded 2 samples, mean = 0.0 (flags = 0x41)
0  --O                                                                       (2 = 100.0%)
1  ... 

Histogram: Net.DNS.DnsHosts.EstimateMemoryUsage recorded 2 samples, mean = 0.0 (flags = 0x41)
0  --O                                                                       (2 = 100.0%)
1000... 

Histogram: Net.DNS.DnsHosts.FileSize recorded 2 samples, mean = 824.0 (flags = 0x41)
0    ... 
737  --O                                                                       (2 = 100.0%) {0.0%}
1065 ... 

Histogram: Net.DNS.DnsTask.SuccessTime recorded 8 samples, mean = 32.5 (flags = 0x41)
0   ... 
14  --O                                                                       (2 = 25.0%) {0.0%}
16  ... 
21  --O                                                                       (2 = 25.0%) {25.0%}
24  O                                                                         (0 = 0.0%) {50.0%}
28  -O                                                                        (1 = 12.5%) {50.0%}
32  O                                                                         (0 = 0.0%) {62.5%}
37  -O                                                                        (1 = 12.5%) {62.5%}
43  O                                                                         (0 = 0.0%) {75.0%}
50  -O                                                                        (1 = 12.5%) {75.0%}
58  -O                                                                        (1 = 12.5%) {87.5%}
67  ... 

Histogram: Net.DNS.DnsTask.SvcbHttpsTransactionError recorded 6 samples, mean = 0.0 (flags = 0x41)
0  ------O                                                                   (6 = 100.0%)
1  ... 

Histogram: Net.DNS.DnsTransaction.AttemptType recorded 16 samples, mean = 0.0 (flags = 0x41)
0  ----------------O                                                         (16 = 100.0%)
1  ... 

Histogram: Net.DNS.DnsTransaction.Insecure.Other.SuccessTime recorded 14 samples, mean = 31.1 (flags = 0x41)
0   ... 
8   -O                                                                        (1 = 7.1%) {0.0%}
10  O                                                                         (0 = 0.0%) {7.1%}
13  --O                                                                       (2 = 14.3%) {7.1%}
16  --O                                                                       (2 = 14.3%) {21.4%}
20  -O                                                                        (1 = 7.1%) {35.7%}
25  --O                                                                       (2 = 14.3%) {42.9%}
32  --O                                                                       (2 = 14.3%) {57.1%}
41  -O                                                                        (1 = 7.1%) {71.4%}
52  ---O                                                                      (3 = 21.4%) {78.6%}
66  ... 

Histogram: Net.DNS.H3SupportedGoogleHost.TaskTypeMetadataAvailability2 recorded 1 samples, mean = 3.0 (flags = 0x41)
0  ... 
3  -O                                                                        (1 = 100.0%) {0.0%}
4  ... 

Histogram: Net.DNS.HTTPSSVC.RecordHttps.Insecure.ExpectNoerror.DnsRcode recorded 8 samples, mean = 2.2 (flags = 0x41)
0  --O                                                                       (2 = 25.0%)
1  ... 
3  ------O                                                                   (6 = 75.0%) {25.0%}
4  ... 

Histogram: Net.DNS.HTTPSSVC.RecordHttps.Insecure.ExpectNoerror.Parsable recorded 3 samples, mean = 1.0 (flags = 0x41)
0  O                                                                         (0 = 0.0%)
1  ---O                                                                      (3 = 100.0%) {0.0%}
2  O                                                                         (0 = 0.0%) {100.0%}

Histogram: Net.DNS.HTTPSSVC.RecordHttps.Insecure.ExpectNoerror.ResolveTimeAddress recorded 8 samples, mean = 28.0 (flags = 0x41)
0   ... 
8   -O                                                                        (1 = 12.5%) {0.0%}
10  O                                                                         (0 = 0.0%) {12.5%}
13  -O                                                                        (1 = 12.5%) {12.5%}
16  -O                                                                        (1 = 12.5%) {25.0%}
20  -O                                                                        (1 = 12.5%) {37.5%}
25  -O                                                                        (1 = 12.5%) {50.0%}
32  -O                                                                        (1 = 12.5%) {62.5%}
41  -O                                                                        (1 = 12.5%) {75.0%}
52  -O                                                                        (1 = 12.5%) {87.5%}
66  ... 

Histogram: Net.DNS.HTTPSSVC.RecordHttps.Insecure.ExpectNoerror.ResolveTimeExperimental recorded 8 samples, mean = 31.5 (flags = 0x41)
0   ... 
13  --O                                                                       (2 = 25.0%) {0.0%}
16  -O                                                                        (1 = 12.5%) {25.0%}
20  -O                                                                        (1 = 12.5%) {37.5%}
25  -O                                                                        (1 = 12.5%) {50.0%}
32  -O                                                                        (1 = 12.5%) {62.5%}
41  O                                                                         (0 = 0.0%) {75.0%}
52  --O                                                                       (2 = 25.0%) {75.0%}
66  ... 

Histogram: Net.DNS.HTTPSSVC.RecordHttps.Insecure.ExpectNoerror.ResolveTimeRatio recorded 8 samples, mean = 11.0 (flags = 0x41)
0   ... 
7   -O                                                                        (1 = 12.5%) {0.0%}
8   O                                                                         (0 = 0.0%) {12.5%}
9   --O                                                                       (2 = 25.0%) {12.5%}
10  -O                                                                        (1 = 12.5%) {37.5%}
11  -O                                                                        (1 = 12.5%) {50.0%}
12  O                                                                         (0 = 0.0%) {62.5%}
13  --O                                                                       (2 = 25.0%) {62.5%}
14  ... 
16  -O                                                                        (1 = 12.5%) {87.5%}
17  ... 

Histogram: Net.DNS.JobQueueTime.PerTransaction recorded 16 samples, mean = 0.0 (flags = 0x41)
0  ----------------O                                                         (16 = 100.0%)
1  ... 

Histogram: Net.DNS.JobQueueTime.Success recorded 8 samples, mean = 0.0 (flags = 0x41)
0  --------O                                                                 (8 = 100.0%)
1  ... 

Histogram: Net.DNS.Request.TotalTime recorded 168 samples, mean = 13.0 (flags = 0x41)
0    ------------------------------------------------------------------------O (156 = 92.9%)
10   ... 
15   O                                                                         (1 = 0.6%) {92.9%}
18   O                                                                         (0 = 0.0%) {93.5%}
22   -O                                                                        (2 = 1.2%) {93.5%}
27   O                                                                         (1 = 0.6%) {94.6%}
33   -O                                                                        (2 = 1.2%) {95.2%}
41   O                                                                         (0 = 0.0%) {96.4%}
50   O                                                                         (1 = 0.6%) {96.4%}
61   O                                                                         (1 = 0.6%) {97.0%}
75   ... 
317  -O                                                                        (3 = 1.8%) {97.6%}
389  ... 
718  O                                                                         (1 = 0.6%) {99.4%}
881  ... 

Histogram: Net.DNS.Request.TotalTimeAsync recorded 12 samples, mean = 181.3 (flags = 0x41)
0    ... 
15   -O                                                                        (1 = 8.3%) {0.0%}
18   O                                                                         (0 = 0.0%) {8.3%}
22   --O                                                                       (2 = 16.7%) {8.3%}
27   -O                                                                        (1 = 8.3%) {25.0%}
33   --O                                                                       (2 = 16.7%) {33.3%}
41   O                                                                         (0 = 0.0%) {50.0%}
50   -O                                                                        (1 = 8.3%) {50.0%}
61   -O                                                                        (1 = 8.3%) {58.3%}
75   ... 
317  ---O                                                                      (3 = 25.0%) {66.7%}
389  ... 
718  -O                                                                        (1 = 8.3%) {91.7%}
881  ... 

Histogram: Net.DNS.ResolveCategory recorded 12 samples, mean = 1.2 (flags = 0x41)
0  -------O                                                                  (7 = 58.3%)
1  -O                                                                        (1 = 8.3%) {58.3%}
2  -O                                                                        (1 = 8.3%) {66.7%}
3  O                                                                         (0 = 0.0%) {75.0%}
4  ---O                                                                      (3 = 25.0%) {75.0%}
5  ... 

Histogram: Net.DNS.ResolveError.Slow recorded 4 samples (flags = 0x41)
21   ---O                                                                      (3 = 75.0%)
105  -O                                                                        (1 = 25.0%)

Histogram: Net.DNS.ResolveFailureTime recorded 1 samples, mean = 839.0 (flags = 0x41)
0    ... 
761  -O                                                                        (1 = 100.0%) {0.0%}
878  ... 

Histogram: Net.DNS.ResolveSuccessTime recorded 7 samples, mean = 35.1 (flags = 0x41)
0   ... 
14  -O                                                                        (1 = 14.3%) {0.0%}
16  ... 
21  --O                                                                       (2 = 28.6%) {14.3%}
24  O                                                                         (0 = 0.0%) {42.9%}
28  -O                                                                        (1 = 14.3%) {42.9%}
32  O                                                                         (0 = 0.0%) {57.1%}
37  -O                                                                        (1 = 14.3%) {57.1%}
43  O                                                                         (0 = 0.0%) {71.4%}
50  -O                                                                        (1 = 14.3%) {71.4%}
58  -O                                                                        (1 = 14.3%) {85.7%}
67  ... 

Histogram: Net.DNS.SystemTask.FailureTime recorded 1 samples, mean = 839.0 (flags = 0x41)
0    ... 
761  -O                                                                        (1 = 100.0%) {0.0%}
878  ... 

Histogram: Net.DNS.UpgradeConfig.HasPublicInsecureNameserver recorded 1 samples, mean = 1.0 (flags = 0x41)
0  O                                                                         (0 = 0.0%)
1  -O                                                                        (1 = 100.0%) {0.0%}
2  O                                                                         (0 = 0.0%) {100.0%}

Histogram: Net.DNS.UpgradeConfig.Ineligible.DohSpecified recorded 2 samples, mean = 0.0 (flags = 0x41)
0  --O                                                                       (2 = 100.0%)
1  ... 

Histogram: Net.DNS.UpgradeConfig.Ineligible.UnhandledOptions recorded 2 samples, mean = 0.0 (flags = 0x41)
0  --O                                                                       (2 = 100.0%)
1  ... 

Histogram: Net.DNS.UpgradeConfig.InsecureUpgradeSucceeded recorded 1 samples, mean = 0.0 (flags = 0x41)
0  -O                                                                        (1 = 100.0%)
1  ... 

Histogram: Net.DNS_Resolution_And_TCP_Connection_Latency2 recorded 11 samples, mean = 33.1 (flags = 0x41)
0    ... 
4    -O                                                                        (1 = 9.1%) {0.0%}
5    ... 
8    --O                                                                       (2 = 18.2%) {9.1%}
9    ... 
11   --O                                                                       (2 = 18.2%) {27.3%}
12   --O                                                                       (2 = 18.2%) {45.5%}
14   ... 
26   --O                                                                       (2 = 18.2%) {63.6%}
29   ... 
113  -O                                                                        (1 = 9.1%) {81.8%}
128  -O                                                                        (1 = 9.1%) {90.9%}
145  ... 

Histogram: Net.ErrorCodesForMainFrame4 recorded 2 samples (flags = 0x41)
0  -O                                                                        (1 = 50.0%)
3  -O                                                                        (1 = 50.0%)

Histogram: Net.ErrorCodesForSubresources3 recorded 50 samples (flags = 0x41)
0    ----------------------------------------------O                           (46 = 92.0%)
400  ----O                                                                     (4 = 8.0%)

Histogram: Net.HttpJob.BytesReceived2 recorded 58 samples, mean = 24619.0 (flags = 0x41)
0       ----O                                                                     (4 = 6.9%)
1       ... 
56      -O                                                                        (1 = 1.7%) {6.9%}
80      ... 
340     --O                                                                       (2 = 3.4%) {8.6%}
488     ----O                                                                     (4 = 6.9%) {12.1%}
700     --O                                                                       (2 = 3.4%) {19.0%}
1004    -------O                                                                  (7 = 12.1%) {22.4%}
1440    ---O                                                                      (3 = 5.2%) {34.5%}
2065    --O                                                                       (2 = 3.4%) {39.7%}
2961    -------O                                                                  (7 = 12.1%) {43.1%}
4246    --O                                                                       (2 = 3.4%) {55.2%}
6089    -O                                                                        (1 = 1.7%) {58.6%}
8732    ---O                                                                      (3 = 5.2%) {60.3%}
12523   O                                                                         (0 = 0.0%) {65.5%}
17959   -----O                                                                    (5 = 8.6%) {65.5%}
25755   ---O                                                                      (3 = 5.2%) {74.1%}
36935   ----O                                                                     (4 = 6.9%) {79.3%}
52968   O                                                                         (0 = 0.0%) {86.2%}
75961   -----O                                                                    (5 = 8.6%) {86.2%}
108935  --O                                                                       (2 = 3.4%) {94.8%}
156223  -O                                                                        (1 = 1.7%) {98.3%}
224038  ... 

Histogram: Net.HttpJob.BytesSent2 recorded 58 samples, mean = 530.8 (flags = 0x41)
0      ----O                                                                     (4 = 6.9%)
1      ... 
19     -O                                                                        (1 = 1.7%) {6.9%}
27     ... 
56     ----------------O                                                         (16 = 27.6%) {8.6%}
80     --------------O                                                           (14 = 24.1%) {36.2%}
115    -O                                                                        (1 = 1.7%) {60.3%}
165    --O                                                                       (2 = 3.4%) {62.1%}
237    ---O                                                                      (3 = 5.2%) {65.5%}
340    ----O                                                                     (4 = 6.9%) {70.7%}
488    ----------O                                                               (10 = 17.2%) {77.6%}
700    -O                                                                        (1 = 1.7%) {94.8%}
1004   -O                                                                        (1 = 1.7%) {96.6%}
1440   ... 
12523  -O                                                                        (1 = 1.7%) {98.3%}
17959  ... 

Histogram: Net.HttpJob.MainJobWaitTimeWithAvailableSpdySession recorded 1 samples, mean = 0.0 (flags = 0x41)
0  -O                                                                        (1 = 100.0%)
1  ... 

Histogram: Net.HttpJob.MainJobWaitTimeWithoutAvailableSpdySession recorded 13 samples, mean = 280.0 (flags = 0x41)
0    ... 
40   -O                                                                        (1 = 7.7%) {0.0%}
48   ... 
268  ------------O                                                             (12 = 92.3%) {7.7%}
318  ... 

Histogram: Net.HttpJob.PrefilterBytesRead recorded 58 samples, mean = 23951.8 (flags = 0x41)
0       ---------O                                                                (9 = 15.5%)
1       ... 
13      -O                                                                        (1 = 1.7%) {15.5%}
19      -O                                                                        (1 = 1.7%) {17.2%}
27      O                                                                         (0 = 0.0%) {19.0%}
39      -O                                                                        (1 = 1.7%) {19.0%}
56      -O                                                                        (1 = 1.7%) {20.7%}
80      -O                                                                        (1 = 1.7%) {22.4%}
115     O                                                                         (0 = 0.0%) {24.1%}
165     -O                                                                        (1 = 1.7%) {24.1%}
237     O                                                                         (0 = 0.0%) {25.9%}
340     -O                                                                        (1 = 1.7%) {25.9%}
488     ----O                                                                     (4 = 6.9%) {27.6%}
700     --O                                                                       (2 = 3.4%) {34.5%}
1004    -----O                                                                    (5 = 8.6%) {37.9%}
1440    -O                                                                        (1 = 1.7%) {46.6%}
2065    ---O                                                                      (3 = 5.2%) {48.3%}
2961    -O                                                                        (1 = 1.7%) {53.4%}
4246    --O                                                                       (2 = 3.4%) {55.2%}
6089    -O                                                                        (1 = 1.7%) {58.6%}
8732    ---O                                                                      (3 = 5.2%) {60.3%}
12523   -O                                                                        (1 = 1.7%) {65.5%}
17959   -----O                                                                    (5 = 8.6%) {67.2%}
25755   --O                                                                       (2 = 3.4%) {75.9%}
36935   ----O                                                                     (4 = 6.9%) {79.3%}
52968   O                                                                         (0 = 0.0%) {86.2%}
75961   -----O                                                                    (5 = 8.6%) {86.2%}
108935  --O                                                                       (2 = 3.4%) {94.8%}
156223  -O                                                                        (1 = 1.7%) {98.3%}
224038  ... 

Histogram: Net.HttpJob.PrefilterBytesRead.Cache recorded 1 samples, mean = 415.0 (flags = 0x41)
0    ... 
340  -O                                                                        (1 = 100.0%) {0.0%}
488  ... 

Histogram: Net.HttpJob.PrefilterBytesRead.Net recorded 57 samples, mean = 24364.7 (flags = 0x41)
0       ---------O                                                                (9 = 15.8%)
1       ... 
13      -O                                                                        (1 = 1.8%) {15.8%}
19      -O                                                                        (1 = 1.8%) {17.5%}
27      O                                                                         (0 = 0.0%) {19.3%}
39      -O                                                                        (1 = 1.8%) {19.3%}
56      -O                                                                        (1 = 1.8%) {21.1%}
80      -O                                                                        (1 = 1.8%) {22.8%}
115     O                                                                         (0 = 0.0%) {24.6%}
165     -O                                                                        (1 = 1.8%) {24.6%}
237     ... 
488     ----O                                                                     (4 = 7.0%) {26.3%}
700     --O                                                                       (2 = 3.5%) {33.3%}
1004    -----O                                                                    (5 = 8.8%) {36.8%}
1440    -O                                                                        (1 = 1.8%) {45.6%}
2065    ---O                                                                      (3 = 5.3%) {47.4%}
2961    -O                                                                        (1 = 1.8%) {52.6%}
4246    --O                                                                       (2 = 3.5%) {54.4%}
6089    -O                                                                        (1 = 1.8%) {57.9%}
8732    ---O                                                                      (3 = 5.3%) {59.6%}
12523   -O                                                                        (1 = 1.8%) {64.9%}
17959   -----O                                                                    (5 = 8.8%) {66.7%}
25755   --O                                                                       (2 = 3.5%) {75.4%}
36935   ----O                                                                     (4 = 7.0%) {78.9%}
52968   O                                                                         (0 = 0.0%) {86.0%}
75961   -----O                                                                    (5 = 8.8%) {86.0%}
108935  --O                                                                       (2 = 3.5%) {94.7%}
156223  -O                                                                        (1 = 1.8%) {98.2%}
224038  ... 

Histogram: Net.HttpJob.ProxyTypeSuccess recorded 54 samples, mean = 1.0 (flags = 0x41)
0  O                                                                         (0 = 0.0%)
1  ------------------------------------------------------O                   (54 = 100.0%) {0.0%}
2  ... 

Histogram: Net.HttpJob.TotalTime recorded 58 samples, mean = 133.2 (flags = 0x41)
0    ----O                                                                     (4 = 6.9%)
1    ... 
8    -O                                                                        (1 = 1.7%) {6.9%}
10   ... 
17   -O                                                                        (1 = 1.7%) {8.6%}
20   -O                                                                        (1 = 1.7%) {10.3%}
24   O                                                                         (0 = 0.0%) {12.1%}
29   --O                                                                       (2 = 3.4%) {12.1%}
34   --O                                                                       (2 = 3.4%) {15.5%}
40   ---O                                                                      (3 = 5.2%) {19.0%}
48   -O                                                                        (1 = 1.7%) {24.1%}
57   O                                                                         (0 = 0.0%) {25.9%}
68   --O                                                                       (2 = 3.4%) {25.9%}
81   --O                                                                       (2 = 3.4%) {29.3%}
96   ---O                                                                      (3 = 5.2%) {32.8%}
114  --------O                                                                 (8 = 13.8%) {37.9%}
135  -----O                                                                    (5 = 8.6%) {51.7%}
160  ------------O                                                             (12 = 20.7%) {60.3%}
190  -----O                                                                    (5 = 8.6%) {81.0%}
226  ---O                                                                      (3 = 5.2%) {89.7%}
268  O                                                                         (0 = 0.0%) {94.8%}
318  -O                                                                        (1 = 1.7%) {94.8%}
378  --O                                                                       (2 = 3.4%) {96.6%}
449  ... 

Histogram: Net.HttpJob.TotalTime.Secure.Quic recorded 1 samples, mean = 387.0 (flags = 0x41)
0    ... 
356  -O                                                                        (1 = 100.0%) {0.0%}
452  ... 

Histogram: Net.HttpJob.TotalTimeCached recorded 1 samples, mean = 132.0 (flags = 0x41)
0    ... 
114  -O                                                                        (1 = 100.0%) {0.0%}
135  ... 

Histogram: Net.HttpJob.TotalTimeCancel recorded 4 samples, mean = 0.0 (flags = 0x41)
0  ----O                                                                     (4 = 100.0%)
1  ... 

Histogram: Net.HttpJob.TotalTimeNotCached recorded 57 samples, mean = 133.2 (flags = 0x41)
0    ----O                                                                     (4 = 7.0%)
1    ... 
8    -O                                                                        (1 = 1.8%) {7.0%}
10   ... 
17   -O                                                                        (1 = 1.8%) {8.8%}
20   -O                                                                        (1 = 1.8%) {10.5%}
24   O                                                                         (0 = 0.0%) {12.3%}
29   --O                                                                       (2 = 3.5%) {12.3%}
34   --O                                                                       (2 = 3.5%) {15.8%}
40   ---O                                                                      (3 = 5.3%) {19.3%}
48   -O                                                                        (1 = 1.8%) {24.6%}
57   O                                                                         (0 = 0.0%) {26.3%}
68   --O                                                                       (2 = 3.5%) {26.3%}
81   --O                                                                       (2 = 3.5%) {29.8%}
96   ---O                                                                      (3 = 5.3%) {33.3%}
114  -------O                                                                  (7 = 12.3%) {38.6%}
135  -----O                                                                    (5 = 8.8%) {50.9%}
160  ------------O                                                             (12 = 21.1%) {59.6%}
190  -----O                                                                    (5 = 8.8%) {80.7%}
226  ---O                                                                      (3 = 5.3%) {89.5%}
268  O                                                                         (0 = 0.0%) {94.7%}
318  -O                                                                        (1 = 1.8%) {94.7%}
378  --O                                                                       (2 = 3.5%) {96.5%}
449  ... 

Histogram: Net.HttpJob.TotalTimeNotCached.Secure.Quic recorded 1 samples, mean = 387.0 (flags = 0x41)
0    ... 
356  -O                                                                        (1 = 100.0%) {0.0%}
452  ... 

Histogram: Net.HttpJob.TotalTimeSuccess recorded 54 samples, mean = 143.1 (flags = 0x41)
0    ... 
8    -O                                                                        (1 = 1.9%) {0.0%}
10   ... 
17   -O                                                                        (1 = 1.9%) {1.9%}
20   -O                                                                        (1 = 1.9%) {3.7%}
24   O                                                                         (0 = 0.0%) {5.6%}
29   --O                                                                       (2 = 3.7%) {5.6%}
34   --O                                                                       (2 = 3.7%) {9.3%}
40   ---O                                                                      (3 = 5.6%) {13.0%}
48   -O                                                                        (1 = 1.9%) {18.5%}
57   O                                                                         (0 = 0.0%) {20.4%}
68   --O                                                                       (2 = 3.7%) {20.4%}
81   --O                                                                       (2 = 3.7%) {24.1%}
96   ---O                                                                      (3 = 5.6%) {27.8%}
114  --------O                                                                 (8 = 14.8%) {33.3%}
135  -----O                                                                    (5 = 9.3%) {48.1%}
160  ------------O                                                             (12 = 22.2%) {57.4%}
190  -----O                                                                    (5 = 9.3%) {79.6%}
226  ---O                                                                      (3 = 5.6%) {88.9%}
268  O                                                                         (0 = 0.0%) {94.4%}
318  -O                                                                        (1 = 1.9%) {94.4%}
378  --O                                                                       (2 = 3.7%) {96.3%}
449  ... 

Histogram: Net.HttpJob.TotalTimeSuccess.Priority1 recorded 5 samples, mean = 123.8 (flags = 0x41)
0    ... 
8    -O                                                                        (1 = 20.0%) {0.0%}
10   ... 
34   --O                                                                       (2 = 40.0%) {20.0%}
40   ... 
135  -O                                                                        (1 = 20.0%) {60.0%}
160  ... 
378  -O                                                                        (1 = 20.0%) {80.0%}
449  ... 

Histogram: Net.HttpJob.TotalTimeSuccess.Priority2 recorded 29 samples, mean = 138.2 (flags = 0x41)
0    ... 
17   -O                                                                        (1 = 3.4%) {0.0%}
20   -O                                                                        (1 = 3.4%) {3.4%}
24   O                                                                         (0 = 0.0%) {6.9%}
29   -O                                                                        (1 = 3.4%) {6.9%}
34   O                                                                         (0 = 0.0%) {10.3%}
40   --O                                                                       (2 = 6.9%) {10.3%}
48   -O                                                                        (1 = 3.4%) {17.2%}
57   ... 
81   -O                                                                        (1 = 3.4%) {20.7%}
96   --O                                                                       (2 = 6.9%) {24.1%}
114  -----O                                                                    (5 = 17.2%) {31.0%}
135  ---O                                                                      (3 = 10.3%) {48.3%}
160  ---------O                                                                (9 = 31.0%) {58.6%}
190  -O                                                                        (1 = 3.4%) {89.7%}
226  -O                                                                        (1 = 3.4%) {93.1%}
268  ... 
378  -O                                                                        (1 = 3.4%) {96.6%}
449  ... 

Histogram: Net.HttpJob.TotalTimeSuccess.Priority3 recorded 1 samples, mean = 206.0 (flags = 0x41)
0    ... 
190  -O                                                                        (1 = 100.0%) {0.0%}
226  ... 

Histogram: Net.HttpJob.TotalTimeSuccess.Priority4 recorded 6 samples, mean = 156.7 (flags = 0x41)
0    ... 
29   -O                                                                        (1 = 16.7%) {0.0%}
34   ... 
81   -O                                                                        (1 = 16.7%) {16.7%}
96   ... 
135  -O                                                                        (1 = 16.7%) {33.3%}
160  --O                                                                       (2 = 33.3%) {50.0%}
190  ... 
318  -O                                                                        (1 = 16.7%) {83.3%}
378  ... 

Histogram: Net.HttpJob.TotalTimeSuccess.Priority5 recorded 13 samples, mean = 150.2 (flags = 0x41)
0    ... 
40   -O                                                                        (1 = 7.7%) {0.0%}
48   ... 
68   --O                                                                       (2 = 15.4%) {7.7%}
81   O                                                                         (0 = 0.0%) {23.1%}
96   -O                                                                        (1 = 7.7%) {23.1%}
114  ---O                                                                      (3 = 23.1%) {30.8%}
135  O                                                                         (0 = 0.0%) {53.8%}
160  -O                                                                        (1 = 7.7%) {53.8%}
190  ---O                                                                      (3 = 23.1%) {61.5%}
226  --O                                                                       (2 = 15.4%) {84.6%}
268  ... 

Histogram: Net.HttpRequestSSLUpgradeDecision recorded 2 samples, mean = 5.0 (flags = 0x41)
0  ... 
5  --O                                                                       (2 = 100.0%) {0.0%}
6  O                                                                         (0 = 0.0%) {100.0%}

Histogram: Net.HttpRequestStsState recorded 2 samples, mean = 2.0 (flags = 0x41)
0  ... 
2  --O                                                                       (2 = 100.0%) {0.0%}
3  ... 

Histogram: Net.HttpResponseCode recorded 793 samples, mean = 200.9 (flags = 0x41)
0    ... 
200  ------------------------------------------------------------------------O (784 = 98.9%) {0.0%}
201  ... 
204  O                                                                         (2 = 0.3%) {98.9%}
205  ... 
302  O                                                                         (4 = 0.5%) {99.1%}
303  O                                                                         (0 = 0.0%) {99.6%}
304  O                                                                         (1 = 0.1%) {99.6%}
305  ... 
308  O                                                                         (2 = 0.3%) {99.7%}
309  ... 

Histogram: Net.HttpTimeToFirstByte recorded 58 samples, mean = 132.2 (flags = 0x41)
0    -----O                                                                    (5 = 8.6%)
10   ... 
18   ---O                                                                      (3 = 5.2%) {8.6%}
22   -O                                                                        (1 = 1.7%) {13.8%}
27   -O                                                                        (1 = 1.7%) {15.5%}
33   ---O                                                                      (3 = 5.2%) {17.2%}
41   --O                                                                       (2 = 3.4%) {22.4%}
50   --O                                                                       (2 = 3.4%) {25.9%}
61   -O                                                                        (1 = 1.7%) {29.3%}
75   ---O                                                                      (3 = 5.2%) {31.0%}
92   -O                                                                        (1 = 1.7%) {36.2%}
113  -----------O                                                              (11 = 19.0%) {37.9%}
139  -------O                                                                  (7 = 12.1%) {56.9%}
171  --------------O                                                           (14 = 24.1%) {69.0%}
210  -O                                                                        (1 = 1.7%) {93.1%}
258  O                                                                         (0 = 0.0%) {94.8%}
317  -O                                                                        (1 = 1.7%) {94.8%}
389  -O                                                                        (1 = 1.7%) {96.6%}
477  ... 
718  -O                                                                        (1 = 1.7%) {98.3%}
881  ... 

Histogram: Net.NetworkChangeNotifier.NewConnectionCost recorded 2 samples, mean = 1.0 (flags = 0x41)
0  O                                                                         (0 = 0.0%)
1  --O                                                                       (2 = 100.0%) {0.0%}
2  ... 

Histogram: Net.NumQuicSessionsAtShutdown recorded 3 samples, mean = 0.0 (flags = 0x41)
0  ---O                                                                      (3 = 100.0%)
1  ... 

Histogram: Net.OnTransferSizeUpdated.Experimental.OverridenBy recorded 139 samples, mean = 13.2 (flags = 0x41)
0   O                                                                         (0 = 0.0%)
1   ------------------------------------------------O                         (48 = 34.5%) {0.0%}
2   ... 
11  -------------------------------------------O                              (43 = 30.9%) {34.5%}
12  -O                                                                        (1 = 0.7%) {65.5%}
13  ... 
26  ----O                                                                     (4 = 2.9%) {66.2%}
27  O                                                                         (0 = 0.0%) {69.1%}
28  -------------------------------------------O                              (43 = 30.9%) {69.1%}
29  ... 

Histogram: Net.QuicActiveSessions recorded 6 samples, mean = 1.7 (flags = 0x41)
0  --O                                                                       (2 = 33.3%)
1  -O                                                                        (1 = 16.7%) {33.3%}
2  -O                                                                        (1 = 16.7%) {50.0%}
3  -O                                                                        (1 = 16.7%) {66.7%}
4  -O                                                                        (1 = 16.7%) {83.3%}
5  ... 

Histogram: Net.QuicChromiumClientStream.HandleOnCloseConnectionError recorded 9 samples (flags = 0x41)
0  ---------O                                                                (9 = 100.0%)

Histogram: Net.QuicChromiumClientStream.HandleOnCloseNetError recorded 9 samples (flags = 0x41)
100  ---------O                                                                (9 = 100.0%)

Histogram: Net.QuicChromiumClientStream.HandleOnCloseStreamError recorded 9 samples (flags = 0x41)
0  ---------O                                                                (9 = 100.0%)

Histogram: Net.QuicChromiumClientStream.HeaderDecodingDelay recorded 9 samples, mean = 0.0 (flags = 0x41)
0  ---------O                                                                (9 = 100.0%)
1  ... 

Histogram: Net.QuicChromiumClientStream.HeaderDecodingDelayGoogle recorded 1 samples, mean = 0.0 (flags = 0x41)
0  -O                                                                        (1 = 100.0%)
1  ... 

Histogram: Net.QuicConnection.WritePacketStatus recorded 140 samples, mean = 0.0 (flags = 0x41)
0  ------------------------------------------------------------------------O (140 = 100.0%)
1  ... 

Histogram: Net.QuicCryptoClientConfig.PopulatedFromCanonicalConfig recorded 5 samples, mean = 0.0 (flags = 0x41)
0  -----O                                                                    (5 = 100.0%)
1  ... 

Histogram: Net.QuicDroppedPacketReason recorded 6 samples, mean = 6.0 (flags = 0x41)
0  ... 
6  ------O                                                                   (6 = 100.0%) {0.0%}
7  O                                                                         (0 = 0.0%) {100.0%}

Histogram: Net.QuicHandshakeState recorded 18 samples, mean = 1.0 (flags = 0x41)
0  ------O                                                                   (6 = 33.3%)
1  ------O                                                                   (6 = 33.3%) {33.3%}
2  ------O                                                                   (6 = 33.3%) {66.7%}
3  ... 

Histogram: Net.QuicHttpStream.ProcessResponseHeaderSuccess recorded 9 samples, mean = 1.0 (flags = 0x41)
0  O                                                                         (0 = 0.0%)
1  ---------O                                                                (9 = 100.0%) {0.0%}
2  O                                                                         (0 = 0.0%) {100.0%}

Histogram: Net.QuicSession.AbortedPendingStreamRequests recorded 6 samples, mean = 0.0 (flags = 0x41)
0  ------O                                                                   (6 = 100.0%)
1  ... 

Histogram: Net.QuicSession.AcceptChForOrigin recorded 9 samples, mean = 0.1 (flags = 0x41)
0  --------O                                                                 (8 = 88.9%)
1  -O                                                                        (1 = 11.1%) {88.9%}
2  O                                                                         (0 = 0.0%) {100.0%}

Histogram: Net.QuicSession.AcceptChFrameReceivedViaAlps recorded 3 samples, mean = 1.0 (flags = 0x41)
0  O                                                                         (0 = 0.0%)
1  ---O                                                                      (3 = 100.0%) {0.0%}
2  ... 

Histogram: Net.QuicSession.AsyncRead recorded 189 samples, mean = 0.4 (flags = 0x41)
0  ------------------------------------------------------------------------O (105 = 55.6%)
1  ----------------------------------------------------------O               (84 = 44.4%) {55.6%}
2  O                                                                         (0 = 0.0%) {100.0%}

Histogram: Net.QuicSession.BlockedFrames.Received recorded 6 samples, mean = 0.0 (flags = 0x41)
0  ------O                                                                   (6 = 100.0%)
1  ... 

Histogram: Net.QuicSession.BlockedFrames.Sent recorded 6 samples, mean = 0.0 (flags = 0x41)
0  ------O                                                                   (6 = 100.0%)
1  ... 

Histogram: Net.QuicSession.CertVerificationResult recorded 6 samples (flags = 0x41)
0  ------O                                                                   (6 = 100.0%)

Histogram: Net.QuicSession.ClientSideMtu recorded 6 samples (flags = 0x41)
1250  ------O                                                                   (6 = 100.0%)

Histogram: Net.QuicSession.CloseAllSessionsError recorded 3 samples (flags = 0x41)
3  ---O                                                                      (3 = 100.0%)

Histogram: Net.QuicSession.ClosedDuringInitializeSession recorded 6 samples, mean = 0.0 (flags = 0x41)
0  ------O                                                                   (6 = 100.0%)
1  ... 

Histogram: Net.QuicSession.CoalesceStreamFrameStatus recorded 31 samples, mean = 0.2 (flags = 0x41)
0  ------------------------O                                                 (24 = 77.4%)
1  -------O                                                                  (7 = 22.6%) {77.4%}
2  O                                                                         (0 = 0.0%) {100.0%}

Histogram: Net.QuicSession.ConnectRandomPortForHTTPS recorded 6 samples, mean = 0.0 (flags = 0x41)
0  ------O                                                                   (6 = 100.0%)
1  ... 

Histogram: Net.QuicSession.ConnectionClose.NumOpenStreams.TimedOut recorded 6 samples, mean = 0.0 (flags = 0x41)
0  ------O                                                                   (6 = 100.0%)
1  ... 

Histogram: Net.QuicSession.ConnectionCloseErrorCodeClient recorded 6 samples (flags = 0x41)
25  ------O                                                                   (6 = 100.0%)

Histogram: Net.QuicSession.ConnectionCloseErrorCodeClient.HandshakeConfirmed recorded 6 samples (flags = 0x41)
25  ------O                                                                   (6 = 100.0%)

Histogram: Net.QuicSession.ConnectionCloseErrorCodeClientGoogle recorded 3 samples (flags = 0x41)
25  ---O                                                                      (3 = 100.0%)

Histogram: Net.QuicSession.ConnectionCloseErrorCodeClientGoogle.HandshakeConfirmed recorded 3 samples (flags = 0x41)
25  ---O                                                                      (3 = 100.0%)

Histogram: Net.QuicSession.ConnectionDuration recorded 6 samples, mean = 30121.3 (flags = 0x41)
0      ... 
27425  -----O                                                                    (5 = 83.3%) {0.0%}
31655  -O                                                                        (1 = 16.7%) {83.3%}
36538  ... 

Histogram: Net.QuicSession.ConnectionFlowControlBlocked recorded 4 samples, mean = 1.0 (flags = 0x41)
0  O                                                                         (0 = 0.0%)
1  ----O                                                                     (4 = 100.0%) {0.0%}
2  O                                                                         (0 = 0.0%) {100.0%}

Histogram: Net.QuicSession.ConnectionIpPooled recorded 6 samples, mean = 0.0 (flags = 0x41)
0  ------O                                                                   (6 = 100.0%)
1  ... 

Histogram: Net.QuicSession.ConnectionTypeFromSelf recorded 6 samples, mean = 1.0 (flags = 0x41)
0  O                                                                         (0 = 0.0%)
1  ------O                                                                   (6 = 100.0%) {0.0%}
2  O                                                                         (0 = 0.0%) {100.0%}

Histogram: Net.QuicSession.CryptoRetransmitCount.HandshakeConfirmed recorded 6 samples, mean = 0.5 (flags = 0x41)
0  ---O                                                                      (3 = 50.0%)
1  ---O                                                                      (3 = 50.0%) {50.0%}
2  ... 

Histogram: Net.QuicSession.DuplicatePacketsReceived recorded 6 samples, mean = 0.0 (flags = 0x41)
0  ------O                                                                   (6 = 100.0%)
1  ... 

Histogram: Net.QuicSession.EcnMarksObserved recorded 6 samples, mean = 1.0 (flags = 0x41)
0  O                                                                         (0 = 0.0%)
1  ------O                                                                   (6 = 100.0%) {0.0%}
2  ... 

Histogram: Net.QuicSession.EncryptionEstablishedTime recorded 6 samples, mean = 79.0 (flags = 0x41)
0    -O                                                                        (1 = 16.7%)
1    ... 
24   -O                                                                        (1 = 16.7%) {16.7%}
29   O                                                                         (0 = 0.0%) {33.3%}
34   -O                                                                        (1 = 16.7%) {33.3%}
40   --O                                                                       (2 = 33.3%) {50.0%}
48   ... 
318  -O                                                                        (1 = 16.7%) {83.3%}
378  ... 

Histogram: Net.QuicSession.FinchConfigIsValid recorded 3 samples, mean = 1.0 (flags = 0x41)
0  O                                                                         (0 = 0.0%)
1  ---O                                                                      (3 = 100.0%) {0.0%}
2  O                                                                         (0 = 0.0%) {100.0%}

Histogram: Net.QuicSession.FindMatchingIpSessionResult recorded 12 samples, mean = 2.0 (flags = 0x41)
0  ... 
2  ------------O                                                             (12 = 100.0%) {0.0%}
3  O                                                                         (0 = 0.0%) {100.0%}

Histogram: Net.QuicSession.FindMatchingIpSessionResultGoogle recorded 6 samples, mean = 2.0 (flags = 0x41)
0  ... 
2  ------O                                                                   (6 = 100.0%) {0.0%}
3  O                                                                         (0 = 0.0%) {100.0%}

Histogram: Net.QuicSession.HandshakeConfirmedTime recorded 6 samples, mean = 83.5 (flags = 0x41)
0    ... 
24   --O                                                                       (2 = 33.3%) {0.0%}
29   O                                                                         (0 = 0.0%) {33.3%}
34   -O                                                                        (1 = 16.7%) {33.3%}
40   --O                                                                       (2 = 33.3%) {50.0%}
48   ... 
318  -O                                                                        (1 = 16.7%) {83.3%}
378  ... 

Histogram: Net.QuicSession.HeaderCompressionRatioQpackReceived recorded 9 samples, mean = 61.1 (flags = 0x41)
0   O                                                                         (0 = 0.0%)
1   -O                                                                        (1 = 11.1%) {0.0%}
2   ... 
62  -O                                                                        (1 = 11.1%) {11.1%}
63  ... 
67  -O                                                                        (1 = 11.1%) {22.2%}
68  O                                                                         (0 = 0.0%) {33.3%}
69  ----O                                                                     (4 = 44.4%) {33.3%}
70  -O                                                                        (1 = 11.1%) {77.8%}
71  ... 
74  -O                                                                        (1 = 11.1%) {88.9%}
75  ... 

Histogram: Net.QuicSession.HeaderCompressionRatioQpackSent recorded 9 samples, mean = 70.9 (flags = 0x41)
0   ... 
63  -O                                                                        (1 = 11.1%) {0.0%}
64  ... 
69  -O                                                                        (1 = 11.1%) {11.1%}
70  -O                                                                        (1 = 11.1%) {22.2%}
71  -O                                                                        (1 = 11.1%) {33.3%}
72  -O                                                                        (1 = 11.1%) {44.4%}
73  ---O                                                                      (3 = 33.3%) {55.6%}
74  -O                                                                        (1 = 11.1%) {88.9%}
75  ... 

Histogram: Net.QuicSession.HostResolution.HandshakeConfirmedTime recorded 6 samples, mean = 83.7 (flags = 0x41)
0    ... 
24   --O                                                                       (2 = 33.3%) {0.0%}
29   O                                                                         (0 = 0.0%) {33.3%}
34   -O                                                                        (1 = 16.7%) {33.3%}
40   --O                                                                       (2 = 33.3%) {50.0%}
48   ... 
318  -O                                                                        (1 = 16.7%) {83.3%}
378  ... 

Histogram: Net.QuicSession.IncorrectConnectionIDsReceived recorded 6 samples, mean = 0.0 (flags = 0x41)
0  ------O                                                                   (6 = 100.0%)
1  ... 

Histogram: Net.QuicSession.InitialRttEsitmateSource recorded 6 samples, mean = 0.5 (flags = 0x41)
0  ---O                                                                      (3 = 50.0%)
1  ---O                                                                      (3 = 50.0%) {50.0%}
2  ... 

Histogram: Net.QuicSession.KeyUpdate.PerConnection2 recorded 6 samples, mean = 0.0 (flags = 0x41)
0  ------O                                                                   (6 = 100.0%)
1  ... 

Histogram: Net.QuicSession.KeyUpdate.PotentialPeerKeyUpdateAttemptCount recorded 6 samples, mean = 0.0 (flags = 0x41)
0  ------O                                                                   (6 = 100.0%)
1  ... 

Histogram: Net.QuicSession.MaxConsecutiveRtoWithForwardProgress recorded 6 samples, mean = 0.3 (flags = 0x41)
0  ----O                                                                     (4 = 66.7%)
1  --O                                                                       (2 = 33.3%) {66.7%}
2  ... 

Histogram: Net.QuicSession.MinRTT recorded 6 samples, mean = 16.2 (flags = 0x41)
0   ... 
14  ----O                                                                     (4 = 66.7%) {0.0%}
17  --O                                                                       (2 = 33.3%) {66.7%}
20  ... 

Histogram: Net.QuicSession.MtuProbesSent recorded 6 samples, mean = 0.0 (flags = 0x41)
0  ------O                                                                   (6 = 100.0%)
1  ... 

Histogram: Net.QuicSession.NumDefaultPathDegrading recorded 6 samples, mean = 0.0 (flags = 0x41)
0  ------O                                                                   (6 = 100.0%)
1  ... 

Histogram: Net.QuicSession.NumMigrations recorded 6 samples, mean = 0.0 (flags = 0x41)
0  ------O                                                                   (6 = 100.0%)
1  ... 

Histogram: Net.QuicSession.NumOpenStreams recorded 9 samples, mean = 1.2 (flags = 0x41)
0  O                                                                         (0 = 0.0%)
1  -------O                                                                  (7 = 77.8%) {0.0%}
2  --O                                                                       (2 = 22.2%) {77.8%}
3  ... 

Histogram: Net.QuicSession.NumPingsSent recorded 6 samples, mean = 0.5 (flags = 0x41)
0  ---O                                                                      (3 = 50.0%)
1  ---O                                                                      (3 = 50.0%) {50.0%}
2  ... 

Histogram: Net.QuicSession.NumQueuedPacketsBeforeWrite recorded 185 samples, mean = 0.0 (flags = 0x41)
0  ------------------------------------------------------------------------O (185 = 100.0%)
1  ... 

Histogram: Net.QuicSession.NumTotalStreams recorded 6 samples, mean = 1.5 (flags = 0x41)
0  --O                                                                       (2 = 33.3%)
1  ---O                                                                      (3 = 50.0%) {33.3%}
2  ... 
5  -O                                                                        (1 = 16.7%) {83.3%}
7  ... 

Histogram: Net.QuicSession.OutOfOrderGapReceived recorded 1 samples, mean = 1.0 (flags = 0x41)
0  O                                                                         (0 = 0.0%)
1  -O                                                                        (1 = 100.0%) {0.0%}
2  ... 

Histogram: Net.QuicSession.OutOfOrderLargePacketsReceived recorded 6 samples, mean = 0.0 (flags = 0x41)
0  ------O                                                                   (6 = 100.0%)
1  ... 

Histogram: Net.QuicSession.OutOfOrderPacketsReceived recorded 6 samples, mean = 0.2 (flags = 0x41)
0  -----O                                                                    (5 = 83.3%)
1  -O                                                                        (1 = 16.7%) {83.3%}
2  ... 

Histogram: Net.QuicSession.PacketGapReceived recorded 4 samples, mean = 1.0 (flags = 0x41)
0  O                                                                         (0 = 0.0%)
1  ----O                                                                     (4 = 100.0%) {0.0%}
2  ... 

Histogram: Net.QuicSession.PacketGapReceivedNearPing recorded 3 samples, mean = 1.3 (flags = 0x41)
0  O                                                                         (0 = 0.0%)
1  --O                                                                       (2 = 66.7%) {0.0%}
2  -O                                                                        (1 = 33.3%) {66.7%}
3  ... 

Histogram: Net.QuicSession.PacketLossRate_CONNECTION_WIFI recorded 2 samples, mean = 16.5 (flags = 0x41)
0   ... 
10  -O                                                                        (1 = 50.0%) {0.0%}
11  ... 
22  -O                                                                        (1 = 50.0%) {50.0%}
24  ... 

Histogram: Net.QuicSession.PacketWriteTime.Synchronous recorded 138 samples, mean = 0.0 (flags = 0x41)
0  ------------------------------------------------------------------------O (138 = 100.0%)
1  ... 

Histogram: Net.QuicSession.PacketsBeforeEcnTransition recorded 6 samples, mean = 0.0 (flags = 0x41)
0  ------O                                                                   (6 = 100.0%)
1  ... 

Histogram: Net.QuicSession.PreferAesGcm recorded 1 samples, mean = 1.0 (flags = 0x41)
0  O                                                                         (0 = 0.0%)
1  -O                                                                        (1 = 100.0%) {0.0%}
2  O                                                                         (0 = 0.0%) {100.0%}

Histogram: Net.QuicSession.Qpack.HeaderListCountWhenBlockedStreamLimited recorded 8 samples, mean = 2.9 (flags = 0x41)
0  O                                                                         (0 = 0.0%)
1  ---O                                                                      (3 = 37.5%) {0.0%}
2  -O                                                                        (1 = 12.5%) {37.5%}
3  -O                                                                        (1 = 12.5%) {50.0%}
4  -O                                                                        (1 = 12.5%) {62.5%}
5  -O                                                                        (1 = 12.5%) {75.0%}
6  -O                                                                        (1 = 12.5%) {87.5%}
7  ... 

Histogram: Net.QuicSession.Qpack.HeaderListCountWhenInsertionNotBlocked recorded 9 samples, mean = 2.7 (flags = 0x41)
0  O                                                                         (0 = 0.0%)
1  ----O                                                                     (4 = 44.4%) {0.0%}
2  -O                                                                        (1 = 11.1%) {44.4%}
3  -O                                                                        (1 = 11.1%) {55.6%}
4  -O                                                                        (1 = 11.1%) {66.7%}
5  -O                                                                        (1 = 11.1%) {77.8%}
6  -O                                                                        (1 = 11.1%) {88.9%}
7  ... 

Histogram: Net.QuicSession.Qpack.HeaderListCountWhenNotBlockedStreamLimited recorded 1 samples, mean = 1.0 (flags = 0x41)
0  O                                                                         (0 = 0.0%)
1  -O                                                                        (1 = 100.0%) {0.0%}
2  ... 

Histogram: Net.QuicSession.QuicVersion recorded 6 samples (flags = 0x41)
80  ------O                                                                   (6 = 100.0%)

Histogram: Net.QuicSession.ReceivedSettings.BlockedStreams recorded 3 samples, mean = 100.0 (flags = 0x41)
0   ... 
95  ---O                                                                      (3 = 100.0%) {0.0%}
107 ... 

Histogram: Net.QuicSession.ReceivedSettings.CountPlusOne recorded 6 samples, mean = 5.0 (flags = 0x41)
0  ... 
3  ---O                                                                      (3 = 50.0%) {0.0%}
4  ... 
7  ---O                                                                      (3 = 50.0%) {50.0%}
8  ... 

Histogram: Net.QuicSession.ReceivedSettings.MaxHeaderListSize2 recorded 6 samples, mean = 98304.0 (flags = 0x41)
0       ... 
63662   ---O                                                                      (3 = 50.0%) {0.0%}
83848   O                                                                         (0 = 0.0%) {50.0%}
110434  ---O                                                                      (3 = 50.0%) {50.0%}
145450  ... 

Histogram: Net.QuicSession.ReceivedSettings.MaxTableCapacity2 recorded 3 samples, mean = 65536.0 (flags = 0x41)
0      ... 
63662  ---O                                                                      (3 = 100.0%) {0.0%}
83848  ... 

Histogram: Net.QuicSession.ReceivedSettings.ReservedCountPlusOne recorded 6 samples, mean = 2.0 (flags = 0x41)
0  ... 
2  ------O                                                                   (6 = 100.0%) {0.0%}
3  ... 

Histogram: Net.QuicSession.RstStreamErrorCodeServer recorded 3 samples (flags = 0x41)
20  ---O                                                                      (3 = 100.0%)

Histogram: Net.QuicSession.SendPacketSize.0RTT recorded 1 samples, mean = 76.0 (flags = 0x41)
0   ... 
68  -O                                                                        (1 = 100.0%) {0.0%}
77  ... 

Histogram: Net.QuicSession.SendPacketSize.ForwardSecure recorded 106 samples, mean = 256.0 (flags = 0x41)
0     ... 
28    --O                                                                       (2 = 1.9%) {0.0%}
32    --------O                                                                 (8 = 7.5%) {1.9%}
36    -O                                                                        (1 = 0.9%) {9.4%}
41    -------------------------------------------------------------O            (61 = 57.5%) {10.4%}
47    -----O                                                                    (5 = 4.7%) {67.9%}
53    ... 
68    --O                                                                       (2 = 1.9%) {72.6%}
77    ---O                                                                      (3 = 2.8%) {74.5%}
87    ... 
128   -O                                                                        (1 = 0.9%) {77.4%}
145   ... 
406   --O                                                                       (2 = 1.9%) {78.3%}
461   -O                                                                        (1 = 0.9%) {80.2%}
524   -O                                                                        (1 = 0.9%) {81.1%}
595   ---O                                                                      (3 = 2.8%) {82.1%}
676   ... 
991   --O                                                                       (2 = 1.9%) {84.9%}
1126  --------------O                                                           (14 = 13.2%) {86.8%}
1279  ... 

Histogram: Net.QuicSession.SendPacketSize.Handshake recorded 15 samples, mean = 58.8 (flags = 0x41)
0   ... 
36  ------O                                                                   (6 = 40.0%) {0.0%}
41  O                                                                         (0 = 0.0%) {40.0%}
47  ---O                                                                      (3 = 20.0%) {40.0%}
53  ... 
77  ------O                                                                   (6 = 40.0%) {60.0%}
87  ... 

Histogram: Net.QuicSession.SendPacketSize.Initial recorded 18 samples, mean = 662.7 (flags = 0x41)
0     ... 
41    --O                                                                       (2 = 11.1%) {0.0%}
47    --O                                                                       (2 = 11.1%) {11.1%}
53    --O                                                                       (2 = 11.1%) {22.2%}
60    ... 
524   -O                                                                        (1 = 5.6%) {33.3%}
595   ----O                                                                     (4 = 22.2%) {38.9%}
676   ... 
1126  -------O                                                                  (7 = 38.9%) {61.1%}
1279  ... 

Histogram: Net.QuicSession.ServerSideMtu recorded 6 samples (flags = 0x41)
1200  ---O                                                                      (3 = 50.0%)
1250  ---O                                                                      (3 = 50.0%)

Histogram: Net.QuicSession.SmoothedRTT recorded 6 samples, mean = 19.5 (flags = 0x41)
0   ... 
17  ---O                                                                      (3 = 50.0%) {0.0%}
20  ---O                                                                      (3 = 50.0%) {50.0%}
24  ... 

Histogram: Net.QuicSession.StopSendingErrorCodeClient recorded 3 samples (flags = 0x41)
20  ---O                                                                      (3 = 100.0%)

Histogram: Net.QuicSession.StreamFlowControlBlocked recorded 4 samples, mean = 1.0 (flags = 0x41)
0  O                                                                         (0 = 0.0%)
1  ----O                                                                     (4 = 100.0%) {0.0%}
2  O                                                                         (0 = 0.0%) {100.0%}

Histogram: Net.QuicSession.StreamFrameDuplicatedShortConnection recorded 4 samples, mean = 0.0 (flags = 0x41)
0  ----O                                                                     (4 = 100.0%)
1  ... 

Histogram: Net.QuicSession.TimeFromResolveHostToConfirmConnection recorded 6 samples, mean = 93.0 (flags = 0x41)
0    O                                                                         (0 = 0.0%)
1    -O                                                                        (1 = 16.7%) {0.0%}
2    ... 
24   -O                                                                        (1 = 16.7%) {16.7%}
29   O                                                                         (0 = 0.0%) {33.3%}
34   -O                                                                        (1 = 16.7%) {33.3%}
40   -O                                                                        (1 = 16.7%) {50.0%}
48   ... 
96   -O                                                                        (1 = 16.7%) {66.7%}
114  ... 
318  -O                                                                        (1 = 16.7%) {83.3%}
378  ... 

Histogram: Net.QuicSession.TooManyOpenStreams recorded 9 samples, mean = 0.0 (flags = 0x41)
0  ---------O                                                                (9 = 100.0%)
1  ... 

Histogram: Net.QuicSession.TooSmallInitialSentPacket recorded 12 samples, mean = 830.9 (flags = 0x41)
0     ... 
12    -O                                                                        (1 = 8.3%) {0.0%}
14    ... 
571   ----O                                                                     (4 = 33.3%) {8.3%}
646   -O                                                                        (1 = 8.3%) {41.7%}
731   ... 
1060  ------O                                                                   (6 = 50.0%) {50.0%}
1200  O                                                                         (0 = 0.0%) {100.0%}

Histogram: Net.QuicSession.UndecryptablePacketsReceived recorded 6 samples, mean = 1.0 (flags = 0x41)
0  ---O                                                                      (3 = 50.0%)
1  -O                                                                        (1 = 16.7%) {50.0%}
2  -O                                                                        (1 = 16.7%) {66.7%}
3  -O                                                                        (1 = 16.7%) {83.3%}
4  ... 

Histogram: Net.QuicSession.UndecryptablePacketsReceivedWithDecrypter recorded 6 samples, mean = 0.0 (flags = 0x41)
0  ------O                                                                   (6 = 100.0%)
1  ... 

Histogram: Net.QuicSession.ValidConnectionTime recorded 1 samples, mean = 1.0 (flags = 0x41)
0  O                                                                         (0 = 0.0%)
1  -O                                                                        (1 = 100.0%) {0.0%}
2  ... 

Histogram: Net.QuicSession.VerifyProofTime recorded 6 samples, mean = 53.5 (flags = 0x41)
0    --O                                                                       (2 = 33.3%)
1    -O                                                                        (1 = 16.7%) {33.3%}
2    ... 
12   -O                                                                        (1 = 16.7%) {50.0%}
14   -O                                                                        (1 = 16.7%) {66.7%}
17   ... 
268  -O                                                                        (1 = 16.7%) {83.3%}
318  ... 

Histogram: Net.QuicSession.VerifyProofTime.google recorded 2 samples, mean = 6.0 (flags = 0x41)
0   -O                                                                        (1 = 50.0%)
1   ... 
12  -O                                                                        (1 = 50.0%) {50.0%}
14  ... 

Histogram: Net.QuicSession.ZeroRttReason recorded 6 samples, mean = 4.5 (flags = 0x41)
0  ... 
2  -O                                                                        (1 = 16.7%) {0.0%}
3  ... 
5  -----O                                                                    (5 = 83.3%) {16.7%}
6  ... 

Histogram: Net.QuicSession.ZeroRttReasonGoogle recorded 3 samples, mean = 4.0 (flags = 0x41)
0  ... 
2  -O                                                                        (1 = 33.3%) {0.0%}
3  ... 
5  --O                                                                       (2 = 66.7%) {33.3%}
6  ... 

Histogram: Net.QuicSession.ZeroRttReasonNonGoogle recorded 3 samples, mean = 5.0 (flags = 0x41)
0  ... 
5  ---O                                                                      (3 = 100.0%) {0.0%}
6  ... 

Histogram: Net.QuicSession.ZeroRttState recorded 6 samples, mean = 1.7 (flags = 0x41)
0  -O                                                                        (1 = 16.7%)
1  O                                                                         (0 = 0.0%) {16.7%}
2  -----O                                                                    (5 = 83.3%) {16.7%}
3  O                                                                         (0 = 0.0%) {100.0%}

Histogram: Net.RestrictedCookieManager.GetCookiesString.Count30Seconds recorded 116 samples, mean = 0.0 (flags = 0x41)
0  ------------------------------------------------------------------------O (115 = 99.1%)
1  O                                                                         (0 = 0.0%) {99.1%}
2  -O                                                                        (1 = 0.9%) {99.1%}
3  ... 

Histogram: Net.RestrictedCookieManager.SiteForCookiesOK recorded 2 samples, mean = 1.0 (flags = 0x41)
0  O                                                                         (0 = 0.0%)
1  --O                                                                       (2 = 100.0%) {0.0%}
2  O                                                                         (0 = 0.0%) {100.0%}

Histogram: Net.RestrictedCookieManager.TopFrameOriginOK recorded 2 samples, mean = 1.0 (flags = 0x41)
0  O                                                                         (0 = 0.0%)
1  --O                                                                       (2 = 100.0%) {0.0%}
2  O                                                                         (0 = 0.0%) {100.0%}

Histogram: Net.SSLHandshakeDetails recorded 10 samples, mean = 5.4 (flags = 0x41)
0  -O                                                                        (1 = 10.0%)
1  ... 
6  ---------O                                                                (9 = 90.0%) {10.0%}
7  ... 

Histogram: Net.SSLNegotiatedAlpnProtocol recorded 10 samples, mean = 1.5 (flags = 0x41)
0  --O                                                                       (2 = 20.0%)
1  -O                                                                        (1 = 10.0%) {20.0%}
2  -------O                                                                  (7 = 70.0%) {30.0%}
3  ... 

Histogram: Net.SSLRenegotiationInfoSupported recorded 10 samples, mean = 1.0 (flags = 0x41)
0  O                                                                         (0 = 0.0%)
1  ----------O                                                               (10 = 100.0%) {0.0%}
2  O                                                                         (0 = 0.0%) {100.0%}

Histogram: Net.SSLSignatureAlgorithm recorded 10 samples (flags = 0x41)
1027  ---O                                                                      (3 = 30.0%)
2052  -------O                                                                  (7 = 70.0%)

Histogram: Net.SSLVersion recorded 8 samples, mean = 6.0 (flags = 0x41)
0  ... 
6  --------O                                                                 (8 = 100.0%) {0.0%}
7  ... 

Histogram: Net.SSL_CipherSuite recorded 8 samples (flags = 0x41)
4865  --------O                                                                 (8 = 100.0%)

Histogram: Net.SSL_Connection_Error recorded 8 samples (flags = 0x41)
0  --------O                                                                 (8 = 100.0%)

Histogram: Net.SSL_Connection_Latency_2 recorded 8 samples, mean = 129.6 (flags = 0x41)
0    ... 
25   -O                                                                        (1 = 12.5%) {0.0%}
28   -O                                                                        (1 = 12.5%) {12.5%}
31   -O                                                                        (1 = 12.5%) {25.0%}
34   -O                                                                        (1 = 12.5%) {37.5%}
38   ... 
101  -O                                                                        (1 = 12.5%) {50.0%}
111  -O                                                                        (1 = 12.5%) {62.5%}
122  ... 
244  -O                                                                        (1 = 12.5%) {75.0%}
269  ... 
399  -O                                                                        (1 = 12.5%) {87.5%}
440  ... 

Histogram: Net.SSL_KeyExchange.ECDHE recorded 8 samples (flags = 0x41)
29     ------O                                                                   (6 = 75.0%)
25497  --O                                                                       (2 = 25.0%)

Histogram: Net.SharedDictionaryStorageOnDisk.IsMetadataReadyOnFirstUse recorded 1 samples, mean = 1.0 (flags = 0x41)
0  O                                                                         (0 = 0.0%)
1  -O                                                                        (1 = 100.0%) {0.0%}
2  O                                                                         (0 = 0.0%) {100.0%}

Histogram: Net.SharedDictionaryStorageOnDisk.MetadataReadTime.Empty recorded 1 samples, mean = 0.0 (flags = 0x41)
0  -O                                                                        (1 = 100.0%)
1  ... 

Histogram: Net.SharedDictionaryStore.DeleteExpiredDictionaries.Error recorded 2 samples, mean = 0.0 (flags = 0x41)
0  --O                                                                       (2 = 100.0%)
1  ... 

Histogram: Net.SharedDictionaryStore.GetDictionaries.Error recorded 1 samples, mean = 0.0 (flags = 0x41)
0  -O                                                                        (1 = 100.0%)
1  ... 

Histogram: Net.SharedDictionaryStore.ProcessEviction.Error recorded 1 samples, mean = 0.0 (flags = 0x41)
0  -O                                                                        (1 = 100.0%)
1  ... 

Histogram: Net.SpdyHeadersCompressionPercentage recorded 41 samples, mean = 82.9 (flags = 0x41)
0   ... 
37  -O                                                                        (1 = 2.4%) {0.0%}
38  -O                                                                        (1 = 2.4%) {2.4%}
39  -O                                                                        (1 = 2.4%) {4.9%}
40  -O                                                                        (1 = 2.4%) {7.3%}
41  --O                                                                       (2 = 4.9%) {9.8%}
42  ... 
60  -O                                                                        (1 = 2.4%) {14.6%}
61  ... 
76  -O                                                                        (1 = 2.4%) {17.1%}
77  O                                                                         (0 = 0.0%) {19.5%}
78  -O                                                                        (1 = 2.4%) {19.5%}
79  -O                                                                        (1 = 2.4%) {22.0%}
80  ... 
84  -O                                                                        (1 = 2.4%) {24.4%}
85  ... 
90  -O                                                                        (1 = 2.4%) {26.8%}
91  O                                                                         (0 = 0.0%) {29.3%}
92  ---------O                                                                (9 = 22.0%) {29.3%}
93  --------------O                                                           (14 = 34.1%) {51.2%}
94  -----O                                                                    (5 = 12.2%) {85.4%}
95  -O                                                                        (1 = 2.4%) {97.6%}
96  ... 

Histogram: Net.SpdyResponseCode recorded 41 samples (flags = 0x41)
200  -------------------------------------O                                    (37 = 90.2%)
204  -O                                                                        (1 = 2.4%)
302  -O                                                                        (1 = 2.4%)
304  -O                                                                        (1 = 2.4%)
308  -O                                                                        (1 = 2.4%)

Histogram: Net.SpdySession.AcceptChForOrigin recorded 41 samples, mean = 0.0 (flags = 0x41)
0  -----------------------------------------O                                (41 = 100.0%)
1  ... 

Histogram: Net.SpdySession.ClosedOnError recorded 6 samples (flags = 0x41)
0  ------O                                                                   (6 = 100.0%)

Histogram: Net.SpdySession.CreateStreamWithSocketConnected recorded 41 samples, mean = 1.0 (flags = 0x41)
0  O                                                                         (0 = 0.0%)
1  -----------------------------------------O                                (41 = 100.0%) {0.0%}
2  O                                                                         (0 = 0.0%) {100.0%}

Histogram: Net.SpdySession.GoAwayReceived recorded 6 samples (flags = 0x41)
0  ------O                                                                   (6 = 100.0%)

Histogram: Net.SpdySession.OnSettings.ActiveStreamCount2 recorded 6 samples, mean = 5.2 (flags = 0x41)
0   O                                                                         (0 = 0.0%)
1   -----O                                                                    (5 = 83.3%) {0.0%}
2   ... 
26  -O                                                                        (1 = 16.7%) {83.3%}
29  ... 

Histogram: Net.SpdySession.OnSettings.CreatedAndActiveStreamCount2 recorded 6 samples, mean = 5.2 (flags = 0x41)
0   O                                                                         (0 = 0.0%)
1   -----O                                                                    (5 = 83.3%) {0.0%}
2   ... 
26  -O                                                                        (1 = 16.7%) {83.3%}
29  ... 

Histogram: Net.SpdySession.OnSettings.CreatedStreamCount2 recorded 6 samples, mean = 0.0 (flags = 0x41)
0  ------O                                                                   (6 = 100.0%)
1  ... 

Histogram: Net.SpdySession.OnSettings.PendingStreamCount2 recorded 6 samples, mean = 0.0 (flags = 0x41)
0  ------O                                                                   (6 = 100.0%)
1  ... 

Histogram: Net.SpdySession.ServerSupportsWebSocket recorded 6 samples, mean = 0.0 (flags = 0x41)
0  ------O                                                                   (6 = 100.0%)
1  ... 

Histogram: Net.SpdySessionGet recorded 37 samples, mean = 1.3 (flags = 0x41)
0  O                                                                         (0 = 0.0%)
1  -------------------------------O                                          (31 = 83.8%) {0.0%}
2  O                                                                         (0 = 0.0%) {83.8%}
3  ------O                                                                   (6 = 16.2%) {83.8%}
4  O                                                                         (0 = 0.0%) {100.0%}

Histogram: Net.SpdyStreamsAbandonedPerSession recorded 6 samples, mean = 0.0 (flags = 0x41)
0  ------O                                                                   (6 = 100.0%)
1  ... 

Histogram: Net.SpdyStreamsPerSession recorded 6 samples, mean = 6.8 (flags = 0x41)
0   O                                                                         (0 = 0.0%)
1   -O                                                                        (1 = 16.7%) {0.0%}
2   ---O                                                                      (3 = 50.0%) {16.7%}
3   ... 
5   -O                                                                        (1 = 16.7%) {66.7%}
6   ... 
27  -O                                                                        (1 = 16.7%) {83.3%}
30  ... 

Histogram: Net.TCP_Connection_Latency recorded 11 samples, mean = 33.1 (flags = 0x41)
0    ... 
4    -O                                                                        (1 = 9.1%) {0.0%}
5    ... 
8    --O                                                                       (2 = 18.2%) {9.1%}
9    ... 
11   --O                                                                       (2 = 18.2%) {27.3%}
12   --O                                                                       (2 = 18.2%) {45.5%}
14   ... 
26   --O                                                                       (2 = 18.2%) {63.6%}
29   ... 
113  -O                                                                        (1 = 9.1%) {81.8%}
128  -O                                                                        (1 = 9.1%) {90.9%}
145  ... 

Histogram: Net.TcpConnectAttempt.Latency.Success recorded 13 samples, mean = 29.2 (flags = 0x41)
0    ----O                                                                     (4 = 30.8%)
10   ----O                                                                     (4 = 30.8%) {30.8%}
12   -O                                                                        (1 = 7.7%) {61.5%}
15   ... 
27   --O                                                                       (2 = 15.4%) {69.2%}
33   ... 
113  --O                                                                       (2 = 15.4%) {84.6%}
139  ... 

Histogram: Net.UDPSocketWinClose recorded 58 samples, mean = 0.0 (flags = 0x41)
0  ----------------------------------------------------------O               (58 = 100.0%)
1  ... 

Histogram: Net.URLLoaderThrottle.OnReceiveResponseTime recorded 47 samples, mean = 0.1 (flags = 0x41)
0  ----------------------------------------------O                           (46 = 97.9%)
1  ... 
6  -O                                                                        (1 = 2.1%) {97.9%}
7  ... 

Histogram: Net.URLLoaderThrottleExecutionTime.BeforeWillProcessResponse recorded 237 samples, mean = 0.0 (flags = 0x41)
0  ------------------------------------------------------------------------O (237 = 100.0%)
1  ... 

Histogram: Net.URLLoaderThrottleExecutionTime.WillOnCompleteWithError recorded 20 samples, mean = 0.0 (flags = 0x41)
0  --------------------O                                                     (20 = 100.0%)
1  ... 

Histogram: Net.URLLoaderThrottleExecutionTime.WillProcessResponse recorded 237 samples, mean = 0.0 (flags = 0x41)
0  ------------------------------------------------------------------------O (237 = 100.0%)
1  ... 

Histogram: Net.URLLoaderThrottleExecutionTime.WillRedirectRequest recorded 21 samples, mean = 0.0 (flags = 0x41)
0  ---------------------O                                                    (21 = 100.0%)
1  ... 

Histogram: Net.URLLoaderThrottleExecutionTime.WillStartRequest recorded 257 samples, mean = 0.0 (flags = 0x41)
0  ------------------------------------------------------------------------O (257 = 100.0%)
1  ... 

Histogram: Net.URLRequest.ReferrerHasInformativePath.CrossOrigin recorded 46 samples, mean = 0.0 (flags = 0x41)
0  ----------------------------------------------O                           (46 = 100.0%)
1  ... 

Histogram: Net.URLRequest.ReferrerHasInformativePath.SameOrigin recorded 12 samples, mean = 1.0 (flags = 0x41)
0  O                                                                         (0 = 0.0%)
1  ------------O                                                             (12 = 100.0%) {0.0%}
2  O                                                                         (0 = 0.0%) {100.0%}

Histogram: Net.URLRequest.ReferrerPolicyForRequest.CrossOrigin recorded 46 samples, mean = 1.2 (flags = 0x41)
0  O                                                                         (0 = 0.0%)
1  ------------------------------------------O                               (42 = 91.3%) {0.0%}
2  O                                                                         (0 = 0.0%) {91.3%}
3  ----O                                                                     (4 = 8.7%) {91.3%}
4  ... 

Histogram: Net.URLRequest.ReferrerPolicyForRequest.SameOrigin recorded 12 samples, mean = 1.0 (flags = 0x41)
0  O                                                                         (0 = 0.0%)
1  ------------O                                                             (12 = 100.0%) {0.0%}
2  ... 

Histogram: Network.Mdns.Googlecast recorded 29 samples, mean = 0.9 (flags = 0x41)
0  ---O                                                                      (3 = 10.3%)
1  --------------------------O                                               (26 = 89.7%) {10.3%}
2  O                                                                         (0 = 0.0%) {100.0%}

Histogram: NetworkService.DeletedOldCacheData recorded 1 samples, mean = 0.0 (flags = 0x41)
0  -O                                                                        (1 = 100.0%)
1  ... 

Histogram: NetworkService.GrantSandboxResult recorded 3 samples, mean = 9.0 (flags = 0x41)
0   ... 
7   -O                                                                        (1 = 33.3%) {0.0%}
8   ... 
10  --O                                                                       (2 = 66.7%) {33.3%}
11  ... 

Histogram: NetworkService.NetworkLoaderCompletionTime2.DiskCache recorded 1 samples, mean = 133.0 (flags = 0x41)
0    ... 
114  -O                                                                        (1 = 100.0%) {0.0%}
135  ... 

Histogram: NetworkService.NetworkLoaderCompletionTime2.Network recorded 50 samples, mean = 147.3 (flags = 0x41)
0    ... 
10   -O                                                                        (1 = 2.0%) {0.0%}
12   ... 
20   -O                                                                        (1 = 2.0%) {2.0%}
24   O                                                                         (0 = 0.0%) {4.0%}
29   -O                                                                        (1 = 2.0%) {4.0%}
34   ---O                                                                      (3 = 6.0%) {6.0%}
40   ---O                                                                      (3 = 6.0%) {12.0%}
48   O                                                                         (0 = 0.0%) {18.0%}
57   -O                                                                        (1 = 2.0%) {18.0%}
68   --O                                                                       (2 = 4.0%) {20.0%}
81   --O                                                                       (2 = 4.0%) {24.0%}
96   --O                                                                       (2 = 4.0%) {28.0%}
114  ------O                                                                   (6 = 12.0%) {32.0%}
135  -------O                                                                  (7 = 14.0%) {44.0%}
160  ------------O                                                             (12 = 24.0%) {58.0%}
190  -----O                                                                    (5 = 10.0%) {82.0%}
226  --O                                                                       (2 = 4.0%) {92.0%}
268  O                                                                         (0 = 0.0%) {96.0%}
318  -O                                                                        (1 = 2.0%) {96.0%}
378  ... 
633  -O                                                                        (1 = 2.0%) {98.0%}
752  ... 

Histogram: NetworkService.TimeToGrantCacheAccess recorded 1 samples, mean = 2.0 (flags = 0x41)
0  ... 
2  -O                                                                        (1 = 100.0%) {0.0%}
3  ... 

Histogram: NetworkService.TimeToGrantDataAccess recorded 2 samples, mean = 30.5 (flags = 0x41)
0   O                                                                         (0 = 0.0%)
1   -O                                                                        (1 = 50.0%) {0.0%}
2   ... 
57  -O                                                                        (1 = 50.0%) {50.0%}
68  ... 

Histogram: NetworkService.TimeToGrantSharedDictionaryAccess recorded 1 samples, mean = 0.0 (flags = 0x41)
0  -O                                                                        (1 = 100.0%)
1  ... 

Histogram: NetworkedProfile.Check recorded 1 samples, mean = 4.0 (flags = 0x41)
0  ... 
4  -O                                                                        (1 = 100.0%) {0.0%}
5  ... 

Histogram: NewTabPage.MostVisited.DeciScore.0.Local recorded 1 samples, mean = 142.0 (flags = 0x41)
0    ... 
113  -O                                                                        (1 = 100.0%) {0.0%}
149  ... 

Histogram: NewTabPage.MostVisited.DeciScore.1.Local recorded 1 samples, mean = 136.0 (flags = 0x41)
0    ... 
113  -O                                                                        (1 = 100.0%) {0.0%}
149  ... 

Histogram: Notifications.UsingSystemNotificationCenter recorded 1 samples, mean = 0.0 (flags = 0x41)
0  -O                                                                        (1 = 100.0%)
1  ... 

Histogram: Notifications.Windows.GetDisplayedStatus recorded 1 samples, mean = 0.0 (flags = 0x41)
0  -O                                                                        (1 = 100.0%)
1  ... 

Histogram: Notifications.Windows.GetSettingStatusStartup recorded 1 samples, mean = 1.0 (flags = 0x41)
0  O                                                                         (0 = 0.0%)
1  -O                                                                        (1 = 100.0%) {0.0%}
2  O                                                                         (0 = 0.0%) {100.0%}

Histogram: Notifications.Windows.HistoryStatus recorded 1 samples, mean = 0.0 (flags = 0x41)
0  -O                                                                        (1 = 100.0%)
1  ... 

Histogram: Notifications.Windows.SetReadyCallbackStatus2 recorded 1 samples, mean = 3.0 (flags = 0x41)
0  ... 
3  -O                                                                        (1 = 100.0%) {0.0%}
4  ... 

Histogram: Notifications.Windows.StartMenuShortcutStatus recorded 1 samples, mean = 2.0 (flags = 0x41)
0  ... 
2  -O                                                                        (1 = 100.0%) {0.0%}
3  ... 

Histogram: OSCrypt.AppBoundEncryption.SupportLevel recorded 1 samples, mean = 1.0 (flags = 0x41)
0  O                                                                         (0 = 0.0%)
1  -O                                                                        (1 = 100.0%) {0.0%}
2  ... 

Histogram: OSCrypt.AppBoundProvider.KeyRetrieval.Status recorded 1 samples, mean = 1.0 (flags = 0x41)
0  O                                                                         (0 = 0.0%)
1  -O                                                                        (1 = 100.0%) {0.0%}
2  ... 

Histogram: OSCrypt.AsyncInitialization.Result recorded 1 samples, mean = 1.0 (flags = 0x41)
0  O                                                                         (0 = 0.0%)
1  -O                                                                        (1 = 100.0%) {0.0%}
2  O                                                                         (0 = 0.0%) {100.0%}

Histogram: OSCrypt.AsyncInitialization.Time recorded 1 samples, mean = 0.0 (flags = 0x41)
0  -O                                                                        (1 = 100.0%)
1  ... 

Histogram: OSCrypt.DPAPIProvider.Status recorded 1 samples, mean = 0.0 (flags = 0x41)
0  -O                                                                        (1 = 100.0%)
1  ... 

Histogram: OSCrypt.Win.Decrypt.Result recorded 1 samples, mean = 0.0 (flags = 0x41)
0  -O                                                                        (1 = 100.0%)
1  ... 

Histogram: OSCrypt.Win.Decrypt.Time recorded 1 samples, mean = 1.0 (flags = 0x41)
0  O                                                                         (0 = 0.0%)
1  -O                                                                        (1 = 100.0%) {0.0%}
2  ... 

Histogram: OSCrypt.Win.Encrypt.Result recorded 1 samples, mean = 1.0 (flags = 0x41)
0  O                                                                         (0 = 0.0%)
1  -O                                                                        (1 = 100.0%) {0.0%}
2  O                                                                         (0 = 0.0%) {100.0%}

Histogram: OSCrypt.Win.Encrypt.Time recorded 1 samples, mean = 0.0 (flags = 0x41)
0  -O                                                                        (1 = 100.0%)
1  ... 

Histogram: OSCrypt.Win.KeyDecryptionError recorded 1 samples (flags = 0x41)
-2146893813-O                                                                        (1 = 100.0%)

Histogram: Omnibox.TemplateUrl.RlzPresent recorded 70 samples, mean = 0.0 (flags = 0x41)
0  ----------------------------------------------------------------------O   (70 = 100.0%)
1  ... 

Histogram: Omnibox.TemplateUrl.SearchClientPresent recorded 70 samples, mean = 0.0 (flags = 0x41)
0  ----------------------------------------------------------------------O   (70 = 100.0%)
1  ... 

Histogram: OptimizationGuide.ApplyDecision.AboutThisSite recorded 1 samples, mean = 8.0 (flags = 0x41)
0  ... 
8  -O                                                                        (1 = 100.0%) {0.0%}
9  ... 

Histogram: OptimizationGuide.ApplyDecision.HistoryClusters recorded 4 samples, mean = 8.0 (flags = 0x41)
0  ... 
8  ----O                                                                     (4 = 100.0%) {0.0%}
9  ... 

Histogram: OptimizationGuide.ApplyDecision.V8CompileHints recorded 1 samples, mean = 8.0 (flags = 0x41)
0  ... 
8  -O                                                                        (1 = 100.0%) {0.0%}
9  ... 

Histogram: OptimizationGuide.HintCacheLevelDBStore.Status recorded 3 samples, mean = 1.3 (flags = 0x41)
0  -O                                                                        (1 = 33.3%)
1  -O                                                                        (1 = 33.3%) {33.3%}
2  O                                                                         (0 = 0.0%) {66.7%}
3  -O                                                                        (1 = 33.3%) {66.7%}
4  O                                                                         (0 = 0.0%) {100.0%}

Histogram: OptimizationGuide.HintsManager.HintCacheInitialized recorded 1 samples, mean = 1.0 (flags = 0x40)
0  O                                                                         (0 = 0.0%)
1  -O                                                                        (1 = 100.0%) {0.0%}
2  O                                                                         (0 = 0.0%) {100.0%}

Histogram: OptimizationGuide.LoadedHint.Result recorded 4 samples, mean = 0.0 (flags = 0x40)
0  ----O                                                                     (4 = 100.0%)
1  ... 

Histogram: OptimizationGuide.ModelExecution.FeatureCurrentlyEnabledResult.Compose recorded 1 samples, mean = 1.0 (flags = 0x41)
0  O                                                                         (0 = 0.0%)
1  -O                                                                        (1 = 100.0%) {0.0%}
2  ... 

Histogram: OptimizationGuide.ModelExecution.FeatureCurrentlyEnabledResult.HistorySearch recorded 2 samples, mean = 3.0 (flags = 0x41)
0  ... 
3  --O                                                                       (2 = 100.0%) {0.0%}
4  ... 

Histogram: OptimizationGuide.ModelExecution.FeatureCurrentlyEnabledResult.TabOrganization recorded 1 samples, mean = 3.0 (flags = 0x41)
0  ... 
3  -O                                                                        (1 = 100.0%) {0.0%}
4  ... 

Histogram: OptimizationGuide.ModelExecution.FeatureCurrentlyEnabledResult.WallpaperSearch recorded 1 samples, mean = 1.0 (flags = 0x41)
0  O                                                                         (0 = 0.0%)
1  -O                                                                        (1 = 100.0%) {0.0%}
2  ... 

Histogram: OptimizationGuide.ModelExecution.FeatureEnabledAtStartup.Compose recorded 1 samples, mean = 0.0 (flags = 0x41)
0  -O                                                                        (1 = 100.0%)
1  ... 

Histogram: OptimizationGuide.ModelExecution.FeatureEnabledAtStartup.HistorySearch recorded 1 samples, mean = 0.0 (flags = 0x41)
0  -O                                                                        (1 = 100.0%)
1  ... 

Histogram: OptimizationGuide.ModelExecution.FeatureEnabledAtStartup.TabOrganization recorded 1 samples, mean = 0.0 (flags = 0x41)
0  -O                                                                        (1 = 100.0%)
1  ... 

Histogram: OptimizationGuide.ModelExecution.FeatureEnabledAtStartup.WallpaperSearch recorded 1 samples, mean = 0.0 (flags = 0x41)
0  -O                                                                        (1 = 100.0%)
1  ... 

Histogram: OptimizationGuide.ModelExecution.OnDeviceModelInstallCriteria.AtRegistration.All recorded 1 samples, mean = 0.0 (flags = 0x41)
0  -O                                                                        (1 = 100.0%)
1  ... 

Histogram: OptimizationGuide.ModelExecution.OnDeviceModelInstallCriteria.AtRegistration.DeviceCapability recorded 1 samples, mean = 0.0 (flags = 0x41)
0  -O                                                                        (1 = 100.0%)
1  ... 

Histogram: OptimizationGuide.ModelExecution.OnDeviceModelInstallCriteria.AtRegistration.DiskSpace recorded 1 samples, mean = 1.0 (flags = 0x41)
0  O                                                                         (0 = 0.0%)
1  -O                                                                        (1 = 100.0%) {0.0%}
2  O                                                                         (0 = 0.0%) {100.0%}

Histogram: OptimizationGuide.ModelExecution.OnDeviceModelInstallCriteria.AtRegistration.EnabledByEnterprisePolicy recorded 1 samples, mean = 1.0 (flags = 0x41)
0  O                                                                         (0 = 0.0%)
1  -O                                                                        (1 = 100.0%) {0.0%}
2  O                                                                         (0 = 0.0%) {100.0%}

Histogram: OptimizationGuide.ModelExecution.OnDeviceModelInstallCriteria.AtRegistration.EnabledByFeature recorded 1 samples, mean = 0.0 (flags = 0x41)
0  -O                                                                        (1 = 100.0%)
1  ... 

Histogram: OptimizationGuide.ModelExecution.OnDeviceModelInstallCriteria.AtRegistration.FeatureUse recorded 1 samples, mean = 0.0 (flags = 0x41)
0  -O                                                                        (1 = 100.0%)
1  ... 

Histogram: OptimizationGuide.ModelExecutor.ExecutionStatus.PageVisibility recorded 4 samples, mean = 3.0 (flags = 0x41)
0  ... 
3  ----O                                                                     (4 = 100.0%) {0.0%}
4  ... 

Histogram: OptimizationGuide.ModelExecutor.ModelAvailableToLoad.PageVisibility recorded 4 samples, mean = 0.0 (flags = 0x41)
0  ----O                                                                     (4 = 100.0%)
1  ... 

Histogram: OptimizationGuide.ModelExecutor.TaskExecutionLatency.PageVisibility recorded 4 samples, mean = 37.0 (flags = 0x41)
0   ... 
32  ----O                                                                     (4 = 100.0%) {0.0%}
41  ... 

Histogram: OptimizationGuide.ModelExecutor.TaskSchedulingLatency.PageVisibility recorded 4 samples, mean = 0.0 (flags = 0x41)
0  ----O                                                                     (4 = 100.0%)
1  ... 

Histogram: OptimizationGuide.ModelHandler.HandlerCreated.GeolocationPermissions recorded 1 samples, mean = 1.0 (flags = 0x41)
0  O                                                                         (0 = 0.0%)
1  -O                                                                        (1 = 100.0%) {0.0%}
2  O                                                                         (0 = 0.0%) {100.0%}

Histogram: OptimizationGuide.ModelHandler.HandlerCreated.NewTabPageHistoryClustersModuleRanking recorded 1 samples, mean = 1.0 (flags = 0x41)
0  O                                                                         (0 = 0.0%)
1  -O                                                                        (1 = 100.0%) {0.0%}
2  O                                                                         (0 = 0.0%) {100.0%}

Histogram: OptimizationGuide.ModelHandler.HandlerCreated.NotificationPermissions recorded 1 samples, mean = 1.0 (flags = 0x41)
0  O                                                                         (0 = 0.0%)
1  -O                                                                        (1 = 100.0%) {0.0%}
2  O                                                                         (0 = 0.0%) {100.0%}

Histogram: OptimizationGuide.ModelHandler.HandlerCreated.OmniboxUrlScoring recorded 1 samples, mean = 1.0 (flags = 0x41)
0  O                                                                         (0 = 0.0%)
1  -O                                                                        (1 = 100.0%) {0.0%}
2  O                                                                         (0 = 0.0%) {100.0%}

Histogram: OptimizationGuide.ModelHandler.HandlerCreated.PageTopicsV2 recorded 1 samples, mean = 1.0 (flags = 0x41)
0  O                                                                         (0 = 0.0%)
1  -O                                                                        (1 = 100.0%) {0.0%}
2  O                                                                         (0 = 0.0%) {100.0%}

Histogram: OptimizationGuide.ModelHandler.HandlerCreated.PageVisibility recorded 1 samples, mean = 1.0 (flags = 0x41)
0  O                                                                         (0 = 0.0%)
1  -O                                                                        (1 = 100.0%) {0.0%}
2  O                                                                         (0 = 0.0%) {100.0%}

Histogram: OptimizationGuide.PageContentAnnotations.AnnotateVisitResultCached recorded 4 samples, mean = 0.0 (flags = 0x41)
0  ----O                                                                     (4 = 100.0%)
1  ... 

Histogram: OptimizationGuide.PageContentAnnotations.BatchRequestedSize.ContentVisibility recorded 1 samples, mean = 4.0 (flags = 0x41)
0  ... 
4  -O                                                                        (1 = 100.0%) {0.0%}
5  ... 

Histogram: OptimizationGuide.PageContentAnnotations.BatchSuccess.ContentVisibility recorded 1 samples, mean = 0.0 (flags = 0x41)
0  -O                                                                        (1 = 100.0%)
1  ... 

Histogram: OptimizationGuide.PageContentAnnotations.JobExecutionTime.ContentVisibility recorded 1 samples, mean = 37.0 (flags = 0x41)
0   ... 
32  -O                                                                        (1 = 100.0%) {0.0%}
41  ... 

Histogram: OptimizationGuide.PageContentAnnotations.JobScheduleTime.ContentVisibility recorded 1 samples, mean = 0.0 (flags = 0x41)
0  -O                                                                        (1 = 100.0%)
1  ... 

Histogram: OptimizationGuide.PageContentAnnotationsService.ContentAnnotated recorded 4 samples, mean = 0.0 (flags = 0x41)
0  ----O                                                                     (4 = 100.0%)
1  ... 

Histogram: OptimizationGuide.PredictionManager.DownloadServiceAvailabilityBlockedFetch recorded 1 samples, mean = 1.0 (flags = 0x41)
0  O                                                                         (0 = 0.0%)
1  -O                                                                        (1 = 100.0%) {0.0%}
2  O                                                                         (0 = 0.0%) {100.0%}

Histogram: OptimizationGuide.PredictionManager.FirstModelFetchSinceServiceInit recorded 1 samples, mean = 10023.0 (flags = 0x41)
0     ... 
8000  -O                                                                        (1 = 100.0%) {0.0%}
10165 ... 

Histogram: OptimizationGuide.PredictionManager.ModelAvailableAtRegistration.ClientSidePhishing recorded 1 samples, mean = 0.0 (flags = 0x41)
0  -O                                                                        (1 = 100.0%)
1  ... 

Histogram: OptimizationGuide.PredictionManager.ModelAvailableAtRegistration.GeolocationPermissions recorded 1 samples, mean = 0.0 (flags = 0x41)
0  -O                                                                        (1 = 100.0%)
1  ... 

Histogram: OptimizationGuide.PredictionManager.ModelAvailableAtRegistration.LanguageDetection recorded 2 samples, mean = 0.0 (flags = 0x41)
0  --O                                                                       (2 = 100.0%)
1  ... 

Histogram: OptimizationGuide.PredictionManager.ModelAvailableAtRegistration.NewTabPageHistoryClustersModuleRanking recorded 1 samples, mean = 0.0 (flags = 0x41)
0  -O                                                                        (1 = 100.0%)
1  ... 

Histogram: OptimizationGuide.PredictionManager.ModelAvailableAtRegistration.NotificationPermissions recorded 1 samples, mean = 0.0 (flags = 0x41)
0  -O                                                                        (1 = 100.0%)
1  ... 

Histogram: OptimizationGuide.PredictionManager.ModelAvailableAtRegistration.OmniboxUrlScoring recorded 1 samples, mean = 0.0 (flags = 0x41)
0  -O                                                                        (1 = 100.0%)
1  ... 

Histogram: OptimizationGuide.PredictionManager.ModelAvailableAtRegistration.PageTopicsV2 recorded 1 samples, mean = 0.0 (flags = 0x41)
0  -O                                                                        (1 = 100.0%)
1  ... 

Histogram: OptimizationGuide.PredictionManager.ModelAvailableAtRegistration.PageVisibility recorded 1 samples, mean = 0.0 (flags = 0x41)
0  -O                                                                        (1 = 100.0%)
1  ... 

Histogram: OptimizationGuide.PredictionManager.ModelAvailableAtRegistration.TextSafety recorded 1 samples, mean = 0.0 (flags = 0x41)
0  -O                                                                        (1 = 100.0%)
1  ... 

Histogram: OptimizationGuide.PredictionManager.ModelAvailableAtRegistration.VisualSearchClassification recorded 1 samples, mean = 0.0 (flags = 0x41)
0  -O                                                                        (1 = 100.0%)
1  ... 

Histogram: OptimizationGuide.PredictionManager.ModelDeliveryEvents.ClientSidePhishing recorded 1 samples, mean = 7.0 (flags = 0x41)
0  ... 
7  -O                                                                        (1 = 100.0%) {0.0%}
8  ... 

Histogram: OptimizationGuide.PredictionManager.ModelDeliveryEvents.GeolocationPermissions recorded 1 samples, mean = 7.0 (flags = 0x41)
0  ... 
7  -O                                                                        (1 = 100.0%) {0.0%}
8  ... 

Histogram: OptimizationGuide.PredictionManager.ModelDeliveryEvents.LanguageDetection recorded 1 samples, mean = 7.0 (flags = 0x41)
0  ... 
7  -O                                                                        (1 = 100.0%) {0.0%}
8  ... 

Histogram: OptimizationGuide.PredictionManager.ModelDeliveryEvents.NewTabPageHistoryClustersModuleRanking recorded 1 samples, mean = 7.0 (flags = 0x41)
0  ... 
7  -O                                                                        (1 = 100.0%) {0.0%}
8  ... 

Histogram: OptimizationGuide.PredictionManager.ModelDeliveryEvents.NotificationPermissions recorded 1 samples, mean = 7.0 (flags = 0x41)
0  ... 
7  -O                                                                        (1 = 100.0%) {0.0%}
8  ... 

Histogram: OptimizationGuide.PredictionManager.ModelDeliveryEvents.OmniboxUrlScoring recorded 1 samples, mean = 7.0 (flags = 0x41)
0  ... 
7  -O                                                                        (1 = 100.0%) {0.0%}
8  ... 

Histogram: OptimizationGuide.PredictionManager.ModelDeliveryEvents.PageTopicsV2 recorded 1 samples, mean = 7.0 (flags = 0x41)
0  ... 
7  -O                                                                        (1 = 100.0%) {0.0%}
8  ... 

Histogram: OptimizationGuide.PredictionManager.ModelDeliveryEvents.PageVisibility recorded 1 samples, mean = 7.0 (flags = 0x41)
0  ... 
7  -O                                                                        (1 = 100.0%) {0.0%}
8  ... 

Histogram: OptimizationGuide.PredictionManager.ModelDeliveryEvents.TextSafety recorded 1 samples, mean = 7.0 (flags = 0x41)
0  ... 
7  -O                                                                        (1 = 100.0%) {0.0%}
8  ... 

Histogram: OptimizationGuide.PredictionManager.ModelDeliveryEvents.VisualSearchClassification recorded 1 samples, mean = 7.0 (flags = 0x41)
0  ... 
7  -O                                                                        (1 = 100.0%) {0.0%}
8  ... 

Histogram: OptimizationGuide.PredictionManager.RegistrationTimeSinceServiceInit.ClientSidePhishing recorded 1 samples, mean = 0.0 (flags = 0x41)
0  -O                                                                        (1 = 100.0%)
1  ... 

Histogram: OptimizationGuide.PredictionManager.RegistrationTimeSinceServiceInit.GeolocationPermissions recorded 1 samples, mean = 0.0 (flags = 0x41)
0  -O                                                                        (1 = 100.0%)
1  ... 

Histogram: OptimizationGuide.PredictionManager.RegistrationTimeSinceServiceInit.LanguageDetection recorded 2 samples, mean = 4.0 (flags = 0x41)
0  -O                                                                        (1 = 50.0%)
1  ... 
8  -O                                                                        (1 = 50.0%) {50.0%}
10 ... 

Histogram: OptimizationGuide.PredictionManager.RegistrationTimeSinceServiceInit.NewTabPageHistoryClustersModuleRanking recorded 1 samples, mean = 0.0 (flags = 0x41)
0  -O                                                                        (1 = 100.0%)
1  ... 

Histogram: OptimizationGuide.PredictionManager.RegistrationTimeSinceServiceInit.NotificationPermissions recorded 1 samples, mean = 0.0 (flags = 0x41)
0  -O                                                                        (1 = 100.0%)
1  ... 

Histogram: OptimizationGuide.PredictionManager.RegistrationTimeSinceServiceInit.OmniboxUrlScoring recorded 1 samples, mean = 0.0 (flags = 0x41)
0  -O                                                                        (1 = 100.0%)
1  ... 

Histogram: OptimizationGuide.PredictionManager.RegistrationTimeSinceServiceInit.PageTopicsV2 recorded 1 samples, mean = 0.0 (flags = 0x41)
0  -O                                                                        (1 = 100.0%)
1  ... 

Histogram: OptimizationGuide.PredictionManager.RegistrationTimeSinceServiceInit.PageVisibility recorded 1 samples, mean = 0.0 (flags = 0x41)
0  -O                                                                        (1 = 100.0%)
1  ... 

Histogram: OptimizationGuide.PredictionManager.RegistrationTimeSinceServiceInit.TextSafety recorded 1 samples, mean = 0.0 (flags = 0x41)
0  -O                                                                        (1 = 100.0%)
1  ... 

Histogram: OptimizationGuide.PredictionManager.RegistrationTimeSinceServiceInit.VisualSearchClassification recorded 1 samples, mean = 0.0 (flags = 0x41)
0  -O                                                                        (1 = 100.0%)
1  ... 

Histogram: OptimizationGuide.PredictionManager.StoreInitialized recorded 1 samples, mean = 1.0 (flags = 0x40)
0  O                                                                         (0 = 0.0%)
1  -O                                                                        (1 = 100.0%) {0.0%}
2  O                                                                         (0 = 0.0%) {100.0%}

Histogram: OptimizationGuide.PredictionManager.SupportedModelEngineVersion recorded 1 samples, mean = 18.0 (flags = 0x40)
0   ... 
18  -O                                                                        (1 = 100.0%) {0.0%}
19  ... 

Histogram: OptimizationGuide.ProcessingComponentAtShutdown recorded 1 samples, mean = 0.0 (flags = 0x41)
0  -O                                                                        (1 = 100.0%)
1  ... 

Histogram: OptimizationGuide.RemoteFetchingEnabled recorded 1 samples, mean = 0.0 (flags = 0x41)
0  -O                                                                        (1 = 100.0%)
1  ... 

Histogram: OriginTrials.PersistentOriginTrial.LevelDbInitSuccess recorded 1 samples, mean = 0.0 (flags = 0x41)
0  -O                                                                        (1 = 100.0%)
1  ... 

Histogram: PageActionController.ExtensionsWithPageActions recorded 1 samples, mean = 0.0 (flags = 0x41)
0  -O                                                                        (1 = 100.0%)
1  ... 

Histogram: PageContentAnnotations.AnnotateVisit.AnnotationRequestQueued recorded 4 samples, mean = 1.0 (flags = 0x40)
0  O                                                                         (0 = 0.0%)
1  ----O                                                                     (4 = 100.0%) {0.0%}
2  O                                                                         (0 = 0.0%) {100.0%}

Histogram: PageContentAnnotations.AnnotateVisit.AnnotationRequested recorded 4 samples, mean = 1.0 (flags = 0x40)
0  O                                                                         (0 = 0.0%)
1  ----O                                                                     (4 = 100.0%) {0.0%}
2  O                                                                         (0 = 0.0%) {100.0%}

Histogram: PageContentAnnotations.AnnotateVisit.BatchAnnotationStarted recorded 1 samples, mean = 1.0 (flags = 0x40)
0  O                                                                         (0 = 0.0%)
1  -O                                                                        (1 = 100.0%) {0.0%}
2  O                                                                         (0 = 0.0%) {100.0%}

Histogram: PageLoad.Clients.Ads.AllPages.NonAdNetworkBytes recorded 1 samples, mean = 1388.0 (flags = 0x41)
0     ... 
1174  -O                                                                        (1 = 100.0%) {0.0%}
1529  ... 

Histogram: PageLoad.Clients.Ads.AllPages.PercentNetworkBytesAds recorded 1 samples, mean = 0.0 (flags = 0x41)
0  -O                                                                        (1 = 100.0%)
1  ... 

Histogram: PageLoad.Clients.Ads.AllPages.PercentTotalBytesAds recorded 1 samples, mean = 0.0 (flags = 0x41)
0  -O                                                                        (1 = 100.0%)
1  ... 

Histogram: PageLoad.Clients.Ads.AverageViewportAdDensity recorded 1 samples, mean = 0.0 (flags = 0x41)
0  -O                                                                        (1 = 100.0%)
1  ... 

Histogram: PageLoad.Clients.Ads.FrameCounts.AdFrames.Total recorded 1 samples, mean = 0.0 (flags = 0x41)
0  -O                                                                        (1 = 100.0%)
1  ... 

Histogram: PageLoad.Clients.Ads.NonVisible.FrameCounts.AdFrames.Total recorded 1 samples, mean = 0.0 (flags = 0x41)
0  -O                                                                        (1 = 100.0%)
1  ... 

Histogram: PageLoad.Clients.Ads.Visible.FrameCounts.AdFrames.Total recorded 1 samples, mean = 0.0 (flags = 0x41)
0  -O                                                                        (1 = 100.0%)
1  ... 

Histogram: PageLoad.Clients.CrossOrigin.LayoutInstability.CumulativeShiftScore recorded 1 samples, mean = 0.0 (flags = 0x41)
0  -O                                                                        (1 = 100.0%)
1  ... 

Histogram: PageLoad.Clients.CrossOrigin.LayoutInstability.CumulativeShiftScore.MainFrame recorded 1 samples, mean = 0.0 (flags = 0x41)
0  -O                                                                        (1 = 100.0%)
1  ... 

Histogram: PageLoad.Clients.Leakage2.AbandonReasonAt.LoaderStart recorded 1 samples, mean = 10.0 (flags = 0x41)
0   ... 
10  -O                                                                        (1 = 100.0%) {0.0%}
11  ... 

Histogram: PageLoad.Clients.Leakage2.LastMilestoneBeforeAbandon.NewReloadNavigation recorded 1 samples, mean = 1.0 (flags = 0x41)
0  O                                                                         (0 = 0.0%)
1  -O                                                                        (1 = 100.0%) {0.0%}
2  ... 

Histogram: PageLoad.Clients.Leakage2.LoaderStartToAbandon.NewReloadNavigation recorded 1 samples, mean = 2460.0 (flags = 0x41)
0     ... 
2435  -O                                                                        (1 = 100.0%) {0.0%}
2725  ... 

Histogram: PageLoad.Clients.Leakage2.NavigationStart recorded 2 samples, mean = 3012.0 (flags = 0x41)
0     ... 
2435  -O                                                                        (1 = 50.0%) {0.0%}
2725  ... 
3412  -O                                                                        (1 = 50.0%) {50.0%}
3818  ... 

Histogram: PageLoad.Clients.Leakage2.NavigationStartToCommitReceived recorded 1 samples, mean = 3540.0 (flags = 0x41)
0     ... 
3412  -O                                                                        (1 = 100.0%) {0.0%}
3818  ... 

Histogram: PageLoad.Clients.Leakage2.NavigationStartToCommitSent recorded 1 samples, mean = 3537.0 (flags = 0x41)
0     ... 
3412  -O                                                                        (1 = 100.0%) {0.0%}
3818  ... 

Histogram: PageLoad.Clients.Leakage2.NavigationStartToDOMContentLoaded recorded 1 samples, mean = 4012.0 (flags = 0x41)
0     ... 
3818  -O                                                                        (1 = 100.0%) {0.0%}
4272  ... 

Histogram: PageLoad.Clients.Leakage2.NavigationStartToDidCommit recorded 1 samples, mean = 3547.0 (flags = 0x41)
0     ... 
3412  -O                                                                        (1 = 100.0%) {0.0%}
3818  ... 

Histogram: PageLoad.Clients.Leakage2.NavigationStartToFirstRedirectResponseLoaderCallback recorded 1 samples, mean = 3331.0 (flags = 0x41)
0     ... 
3049  -O                                                                        (1 = 100.0%) {0.0%}
3412  ... 

Histogram: PageLoad.Clients.Leakage2.NavigationStartToFirstRedirectResponseStart recorded 1 samples, mean = 3328.0 (flags = 0x41)
0     ... 
3049  -O                                                                        (1 = 100.0%) {0.0%}
3412  ... 

Histogram: PageLoad.Clients.Leakage2.NavigationStartToFirstRedirectedRequestStart recorded 1 samples, mean = 3186.0 (flags = 0x41)
0     ... 
3049  -O                                                                        (1 = 100.0%) {0.0%}
3412  ... 

Histogram: PageLoad.Clients.Leakage2.NavigationStartToLoadStarted recorded 1 samples, mean = 4412.0 (flags = 0x41)
0     ... 
4272  -O                                                                        (1 = 100.0%) {0.0%}
4780  ... 

Histogram: PageLoad.Clients.Leakage2.NavigationStartToLoaderStart recorded 2 samples, mean = 1191.0 (flags = 0x41)
0     ... 
15    -O                                                                        (1 = 50.0%) {0.0%}
17    ... 
2176  -O                                                                        (1 = 50.0%) {50.0%}
2435  ... 

Histogram: PageLoad.Clients.Leakage2.NavigationStartToNonRedirectResponseLoaderCallback recorded 1 samples, mean = 3530.0 (flags = 0x41)
0     ... 
3412  -O                                                                        (1 = 100.0%) {0.0%}
3818  ... 

Histogram: PageLoad.Clients.Leakage2.NavigationStartToNonRedirectResponseStart recorded 1 samples, mean = 3521.0 (flags = 0x41)
0     ... 
3412  -O                                                                        (1 = 100.0%) {0.0%}
3818  ... 

Histogram: PageLoad.Clients.Leakage2.NavigationStartToNonRedirectedRequestStart recorded 1 samples, mean = 3350.0 (flags = 0x41)
0     ... 
3049  -O                                                                        (1 = 100.0%) {0.0%}
3412  ... 

Histogram: PageLoad.Clients.Leakage2.NavigationStartToParseStart recorded 1 samples, mean = 3545.0 (flags = 0x41)
0     ... 
3412  -O                                                                        (1 = 100.0%) {0.0%}
3818  ... 

Histogram: PageLoad.Clients.Leakage2.RendererProcessCreatedBeforeNav recorded 1 samples, mean = 1.0 (flags = 0x41)
0  O                                                                         (0 = 0.0%)
1  -O                                                                        (1 = 100.0%) {0.0%}
2  O                                                                         (0 = 0.0%) {100.0%}

Histogram: PageLoad.Clients.LinkPreview.Usage recorded 1 samples, mean = 0.0 (flags = 0x41)
0  -O                                                                        (1 = 100.0%)
1  ... 

Histogram: PageLoad.Clients.MultiTabLoading.WithTabCount_0.DocumentTiming.NavigationToDOMContentLoadedEventFired recorded 1 samples, mean = 4012.0 (flags = 0x41)
0     ... 
3818  -O                                                                        (1 = 100.0%) {0.0%}
4272  ... 

Histogram: PageLoad.Clients.MultiTabLoading.WithTabCount_0.DocumentTiming.NavigationToLoadEventFired recorded 1 samples, mean = 4412.0 (flags = 0x41)
0     ... 
4272  -O                                                                        (1 = 100.0%) {0.0%}
4780  ... 

Histogram: PageLoad.Clients.MultiTabLoading.With_0_OtherLoading.DocumentTiming.NavigationToDOMContentLoadedEventFired recorded 1 samples, mean = 4012.0 (flags = 0x41)
0     ... 
3818  -O                                                                        (1 = 100.0%) {0.0%}
4272  ... 

Histogram: PageLoad.Clients.MultiTabLoading.With_0_OtherLoading.DocumentTiming.NavigationToLoadEventFired recorded 1 samples, mean = 4412.0 (flags = 0x41)
0     ... 
4272  -O                                                                        (1 = 100.0%) {0.0%}
4780  ... 

Histogram: PageLoad.Clients.PerformanceManager.LoadedIdleWithoutLCP recorded 1 samples, mean = 7281.0 (flags = 0x41)
0     ... 
6296  -O                                                                        (1 = 100.0%) {0.0%}
8000  ... 

Histogram: PageLoad.Clients.PerformanceManager.LoadedIdleWithoutLCP.Foreground recorded 1 samples, mean = 7281.0 (flags = 0x41)
0     ... 
6296  -O                                                                        (1 = 100.0%) {0.0%}
8000  ... 

Histogram: PageLoad.Clients.Protocol.H2.DocumentTiming.NavigationToDOMContentLoadedEventFired recorded 1 samples, mean = 4012.0 (flags = 0x41)
0     ... 
3818  -O                                                                        (1 = 100.0%) {0.0%}
4272  ... 

Histogram: PageLoad.Clients.Protocol.H2.DocumentTiming.NavigationToLoadEventFired recorded 1 samples, mean = 4412.0 (flags = 0x41)
0     ... 
4272  -O                                                                        (1 = 100.0%) {0.0%}
4780  ... 

Histogram: PageLoad.Clients.Protocol.H2.ParseTiming.NavigationToParseStart recorded 1 samples, mean = 3545.0 (flags = 0x41)
0     ... 
3412  -O                                                                        (1 = 100.0%) {0.0%}
3818  ... 

Histogram: PageLoad.Clients.Scheme.HTTPS.ParseTiming.NavigationToParseStart recorded 1 samples, mean = 3545.0 (flags = 0x41)
0     ... 
3412  -O                                                                        (1 = 100.0%) {0.0%}
3818  ... 

Histogram: PageLoad.Clients.SubresourceLoading.DaysSinceLastVisitToOrigin recorded 1 samples, mean = 0.0 (flags = 0x40)
0  -O                                                                        (1 = 100.0%)
1  ... 

Histogram: PageLoad.Clients.SubresourceLoading.HasPreviousVisitToOrigin recorded 1 samples, mean = 1.0 (flags = 0x40)
0  O                                                                         (0 = 0.0%)
1  -O                                                                        (1 = 100.0%) {0.0%}
2  O                                                                         (0 = 0.0%) {100.0%}

Histogram: PageLoad.Clients.TPCD.CookieAccess.ThirdPartyCookieAllowMechanism3 recorded 1 samples, mean = 2.0 (flags = 0x41)
0  ... 
2  -O                                                                        (1 = 100.0%) {0.0%}
3  ... 

Histogram: PageLoad.Clients.TPCD.ThirdPartyCookieAccessBlockedByExperiment2 recorded 1 samples, mean = 0.0 (flags = 0x41)
0  -O                                                                        (1 = 100.0%)
1  ... 

Histogram: PageLoad.Clients.ThirdParty.Origins.CookieRead2 recorded 1 samples, mean = 0.0 (flags = 0x41)
0  -O                                                                        (1 = 100.0%)
1  ... 

Histogram: PageLoad.Cpu.TotalUsage recorded 1 samples, mean = 395.0 (flags = 0x41)
0    ... 
360  -O                                                                        (1 = 100.0%) {0.0%}
403  ... 

Histogram: PageLoad.Cpu.TotalUsageForegrounded recorded 1 samples, mean = 395.0 (flags = 0x41)
0    ... 
360  -O                                                                        (1 = 100.0%) {0.0%}
403  ... 

Histogram: PageLoad.DocumentTiming.NavigationToDOMContentLoadedEventFired recorded 1 samples, mean = 4012.0 (flags = 0x41)
0     ... 
3818  -O                                                                        (1 = 100.0%) {0.0%}
4272  ... 

Histogram: PageLoad.DocumentTiming.NavigationToLoadEventFired recorded 1 samples, mean = 4412.0 (flags = 0x41)
0     ... 
4272  -O                                                                        (1 = 100.0%) {0.0%}
4780  ... 

Histogram: PageLoad.Experimental.NavigationTiming.FinalLoaderCallbackToNavigationCommitSent recorded 1 samples, mean = 6.0 (flags = 0x41)
0  -O                                                                        (1 = 100.0%)
10 ... 

Histogram: PageLoad.Experimental.NavigationTiming.FinalRequestStartToFinalResponseStart recorded 1 samples, mean = 171.0 (flags = 0x41)
0    ... 
164  -O                                                                        (1 = 100.0%) {0.0%}
184  ... 

Histogram: PageLoad.Experimental.NavigationTiming.FinalResponseStartToFinalLoaderCallback recorded 1 samples, mean = 9.0 (flags = 0x41)
0  -O                                                                        (1 = 100.0%)
10 ... 

Histogram: PageLoad.Experimental.NavigationTiming.FirstRequestStartToFirstResponseStart recorded 1 samples, mean = 141.0 (flags = 0x41)
0    ... 
131  -O                                                                        (1 = 100.0%) {0.0%}
147  ... 

Histogram: PageLoad.Experimental.NavigationTiming.FirstResponseStartToFirstLoaderCallback recorded 1 samples, mean = 3.0 (flags = 0x41)
0  -O                                                                        (1 = 100.0%)
10 ... 

Histogram: PageLoad.Experimental.NavigationTiming.NavigationStartToFinalLoaderCallback recorded 1 samples, mean = 3530.0 (flags = 0x41)
0     ... 
3412  -O                                                                        (1 = 100.0%) {0.0%}
3818  ... 

Histogram: PageLoad.Experimental.NavigationTiming.NavigationStartToFinalRequestStart recorded 1 samples, mean = 3350.0 (flags = 0x41)
0     ... 
3049  -O                                                                        (1 = 100.0%) {0.0%}
3412  ... 

Histogram: PageLoad.Experimental.NavigationTiming.NavigationStartToFinalResponseStart recorded 1 samples, mean = 3521.0 (flags = 0x41)
0     ... 
3412  -O                                                                        (1 = 100.0%) {0.0%}
3818  ... 

Histogram: PageLoad.Experimental.NavigationTiming.NavigationStartToFirstLoaderCallback recorded 1 samples, mean = 3331.0 (flags = 0x41)
0     ... 
3049  -O                                                                        (1 = 100.0%) {0.0%}
3412  ... 

Histogram: PageLoad.Experimental.NavigationTiming.NavigationStartToFirstRequestStart recorded 1 samples, mean = 3186.0 (flags = 0x41)
0     ... 
3049  -O                                                                        (1 = 100.0%) {0.0%}
3412  ... 

Histogram: PageLoad.Experimental.NavigationTiming.NavigationStartToFirstResponseStart recorded 1 samples, mean = 3328.0 (flags = 0x41)
0     ... 
3049  -O                                                                        (1 = 100.0%) {0.0%}
3412  ... 

Histogram: PageLoad.Experimental.NavigationTiming.NavigationStartToNavigationCommitSent recorded 1 samples, mean = 3537.0 (flags = 0x41)
0     ... 
3412  -O                                                                        (1 = 100.0%) {0.0%}
3818  ... 

Histogram: PageLoad.Experimental.PageTiming.CachedResourceLoadTime.style recorded 1 samples, mean = 131.0 (flags = 0x41)
0    ... 
107  -O                                                                        (1 = 100.0%) {0.0%}
136  ... 

Histogram: PageLoad.Experimental.PageTiming.CommitSentToFirstSubresourceLoadStart recorded 1 samples, mean = 17.0 (flags = 0x41)
0   ... 
17  -O                                                                        (1 = 100.0%) {0.0%}
19  ... 

Histogram: PageLoad.Experimental.PageTiming.NavigationToFirstSubresourceLoadStart recorded 1 samples, mean = 3554.0 (flags = 0x41)
0     ... 
3412  -O                                                                        (1 = 100.0%) {0.0%}
3818  ... 

Histogram: PageLoad.Experimental.PageTiming.ResourceLoadTime. recorded 6 samples, mean = 153.7 (flags = 0x41)
0    ... 
32   -O                                                                        (1 = 16.7%) {0.0%}
41   ... 
84   -O                                                                        (1 = 16.7%) {16.7%}
107  O                                                                         (0 = 0.0%) {33.3%}
136  ---O                                                                      (3 = 50.0%) {33.3%}
173  ... 
280  -O                                                                        (1 = 16.7%) {83.3%}
356  ... 

Histogram: PageLoad.Experimental.PageTiming.ResourceLoadTime.document recorded 1 samples, mean = 173.0 (flags = 0x41)
0    ... 
173  -O                                                                        (1 = 100.0%) {0.0%}
220  ... 

Histogram: PageLoad.Experimental.PageTiming.ResourceLoadTime.font recorded 5 samples, mean = 72.6 (flags = 0x41)
0    ... 
20   -O                                                                        (1 = 20.0%) {0.0%}
25   ... 
41   -O                                                                        (1 = 20.0%) {20.0%}
52   O                                                                         (0 = 0.0%) {40.0%}
66   -O                                                                        (1 = 20.0%) {40.0%}
84   -O                                                                        (1 = 20.0%) {60.0%}
107  -O                                                                        (1 = 20.0%) {80.0%}
136  ... 

Histogram: PageLoad.Experimental.PageTiming.ResourceLoadTime.image recorded 1 samples, mean = 108.0 (flags = 0x41)
0    ... 
107  -O                                                                        (1 = 100.0%) {0.0%}
136  ... 

Histogram: PageLoad.Experimental.PageTiming.ResourceLoadTime.manifest recorded 1 samples, mean = 205.0 (flags = 0x41)
0    ... 
173  -O                                                                        (1 = 100.0%) {0.0%}
220  ... 

Histogram: PageLoad.Experimental.PageTiming.ResourceLoadTime.script recorded 26 samples, mean = 124.2 (flags = 0x41)
0    ... 
20   --O                                                                       (2 = 7.7%) {0.0%}
25   -O                                                                        (1 = 3.8%) {7.7%}
32   O                                                                         (0 = 0.0%) {11.5%}
41   -O                                                                        (1 = 3.8%) {11.5%}
52   --O                                                                       (2 = 7.7%) {15.4%}
66   O                                                                         (0 = 0.0%) {23.1%}
84   -O                                                                        (1 = 3.8%) {23.1%}
107  -------O                                                                  (7 = 26.9%) {26.9%}
136  -----O                                                                    (5 = 19.2%) {53.8%}
173  -------O                                                                  (7 = 26.9%) {73.1%}
220  ... 

Histogram: PageLoad.Experimental.PageTiming.ResourceLoadTime.style recorded 6 samples, mean = 172.7 (flags = 0x41)
0    ... 
107  --O                                                                       (2 = 33.3%) {0.0%}
136  O                                                                         (0 = 0.0%) {33.3%}
173  ----O                                                                     (4 = 66.7%) {33.3%}
220  ... 

Histogram: PageLoad.Experimental.PageVisitFinalStatus recorded 1 samples, mean = 1.0 (flags = 0x41)
0  O                                                                         (0 = 0.0%)
1  -O                                                                        (1 = 100.0%) {0.0%}
2  ... 

Histogram: PageLoad.Experimental.PageVisitType2 recorded 1 samples, mean = 6.0 (flags = 0x41)
0  ... 
6  -O                                                                        (1 = 100.0%) {0.0%}
7  ... 

Histogram: PageLoad.Experimental.PaintTiming.FirstEligibleToPaintToFirstPaint recorded 1 samples, mean = 566.0 (flags = 0x41)
0    ... 
565  -O                                                                        (1 = 100.0%) {0.0%}
632  ... 

Histogram: PageLoad.Experimental.TotalForegroundDuration recorded 1 samples, mean = 3498439.0 (flags = 0x41)
0        ... 
3159737  -O                                                                        (1 = 100.0%) {0.0%}
3600000  O                                                                         (0 = 0.0%) {100.0%}

Histogram: PageLoad.Experimental.TotalForegroundDuration.AllVisit recorded 1 samples, mean = 3498439.0 (flags = 0x41)
0        ... 
3159737  -O                                                                        (1 = 100.0%) {0.0%}
3600000  O                                                                         (0 = 0.0%) {100.0%}

Histogram: PageLoad.Experimental.TotalForegroundDuration.IndependentUIVisit recorded 1 samples, mean = 3498439.0 (flags = 0x41)
0        ... 
3159737  -O                                                                        (1 = 100.0%) {0.0%}
3600000  O                                                                         (0 = 0.0%) {100.0%}

Histogram: PageLoad.Expermental.SoftNavigations.Count recorded 1 samples, mean = 0.0 (flags = 0x41)
0  -O                                                                        (1 = 100.0%)
1  ... 

Histogram: PageLoad.Internal.PageLoadTimingStatus recorded 13 samples, mean = 0.0 (flags = 0x41)
0  -------------O                                                            (13 = 100.0%)
1  ... 

Histogram: PageLoad.Internal.PageLoadTimingStatus.AtTimingCallbackDispatch recorded 4 samples, mean = 0.0 (flags = 0x41)
0  ----O                                                                     (4 = 100.0%)
1  ... 

Histogram: PageLoad.Internal.PageType recorded 2 samples, mean = 0.0 (flags = 0x41)
0  --O                                                                       (2 = 100.0%)
1  ... 

Histogram: PageLoad.Internal.SuppressedEventsBeforeMissingFirstPaint recorded 1 samples, mean = 0.0 (flags = 0x41)
0  -O                                                                        (1 = 100.0%)
1  ... 

Histogram: PageLoad.Internal.SuppressedEventsCountBeforePaint3 recorded 1 samples, mean = 0.0 (flags = 0x41)
0  -O                                                                        (1 = 100.0%)
1  ... 

Histogram: PageLoad.Internal.SuppressedEventsTimingBeforePaint3 recorded 1 samples, mean = 0.0 (flags = 0x41)
0  -O                                                                        (1 = 100.0%)
1  ... 

Histogram: PageLoad.Internal.SuppressedInteractionsCountBeforePaint3 recorded 1 samples, mean = 0.0 (flags = 0x41)
0  -O                                                                        (1 = 100.0%)
1  ... 

Histogram: PageLoad.LayoutInstability.CumulativeShiftScore recorded 1 samples, mean = 0.0 (flags = 0x41)
0  -O                                                                        (1 = 100.0%)
1  ... 

Histogram: PageLoad.LayoutInstability.CumulativeShiftScore.MainFrame recorded 1 samples, mean = 0.0 (flags = 0x41)
0  -O                                                                        (1 = 100.0%)
1  ... 

Histogram: PageLoad.LayoutInstability.MaxCumulativeShiftScore.SessionWindow.Gap1000ms.Max5000ms recorded 1 samples, mean = 0.0 (flags = 0x41)
0  -O                                                                        (1 = 100.0%)
1  ... 

Histogram: PageLoad.LayoutInstability.MaxCumulativeShiftScore.SessionWindow.Gap1000ms.Max5000ms2 recorded 1 samples, mean = 0.0 (flags = 0x41)
0  -O                                                                        (1 = 100.0%)
1  ... 

Histogram: PageLoad.PageTiming.ForegroundDuration recorded 1 samples, mean = 3498438.0 (flags = 0x41)
0        ... 
3159737  -O                                                                        (1 = 100.0%) {0.0%}
3600000  O                                                                         (0 = 0.0%) {100.0%}

Histogram: PageLoad.PageTiming.ForegroundDuration.AfterPaint recorded 1 samples, mean = 3494033.0 (flags = 0x41)
0        ... 
3159737  -O                                                                        (1 = 100.0%) {0.0%}
3600000  O                                                                         (0 = 0.0%) {100.0%}

Histogram: PageLoad.PageTiming.ForegroundDuration.NoCommit recorded 1 samples, mean = 108.0 (flags = 0x41)
0    ... 
105  -O                                                                        (1 = 100.0%) {0.0%}
120  ... 

Histogram: PageLoad.PageTiming.ForegroundDuration.WithPaint recorded 1 samples, mean = 3498438.0 (flags = 0x41)
0        ... 
3159737  -O                                                                        (1 = 100.0%) {0.0%}
3600000  O                                                                         (0 = 0.0%) {100.0%}

Histogram: PageLoad.PaintTiming.NavigationToFirstPaint recorded 1 samples, mean = 4405.0 (flags = 0x41)
0     ... 
4272  -O                                                                        (1 = 100.0%) {0.0%}
4780  ... 

Histogram: PageLoad.ParseTiming.NavigationToParseStart recorded 1 samples, mean = 3545.0 (flags = 0x41)
0     ... 
3412  -O                                                                        (1 = 100.0%) {0.0%}
3818  ... 

Histogram: PageLoad.ParseTiming.NavigationToParseStart.LoadType.NewNavigation recorded 1 samples, mean = 3545.0 (flags = 0x41)
0     ... 
3412  -O                                                                        (1 = 100.0%) {0.0%}
3818  ... 

Histogram: PageLoad.ParseTiming.ParseBlockedOnScriptExecution recorded 1 samples, mean = 6.0 (flags = 0x41)
0  -O                                                                        (1 = 100.0%)
10 ... 

Histogram: PageLoad.ParseTiming.ParseBlockedOnScriptExecutionFromDocumentWrite recorded 1 samples, mean = 0.0 (flags = 0x41)
0  -O                                                                        (1 = 100.0%)
10 ... 

Histogram: PageLoad.ParseTiming.ParseBlockedOnScriptLoad recorded 1 samples, mean = 216.0 (flags = 0x41)
0    ... 
206  -O                                                                        (1 = 100.0%) {0.0%}
230  ... 

Histogram: PaintHolding.CommitTrigger2 recorded 1 samples, mean = 3.0 (flags = 0x41)
0  ... 
3  -O                                                                        (1 = 100.0%) {0.0%}
4  ... 

Histogram: PasswordManager.AccountStore.InaccessiblePasswords3 recorded 1 samples, mean = 0.0 (flags = 0x41)
0  -O                                                                        (1 = 100.0%)
1  ... 

Histogram: PasswordManager.AccountStore.LoginDatabaseEncryptionStatus recorded 1 samples, mean = 0.0 (flags = 0x41)
0  -O                                                                        (1 = 100.0%)
1  ... 

Histogram: PasswordManager.AffiliationDatabase.DatabaseSize recorded 1 samples, mean = 52.0 (flags = 0x41)
0  -O                                                                        (1 = 100.0%)
1000... 

Histogram: PasswordManager.BubbleSuppression.AccountsInStatisticsTable2 recorded 1 samples, mean = 0.0 (flags = 0x41)
0  -O                                                                        (1 = 100.0%)
1  ... 

Histogram: PasswordManager.GetAllLogins.TimeSinceInit recorded 2 samples, mean = 30152.5 (flags = 0x41)
0      ... 
26495  --O                                                                       (2 = 100.0%) {0.0%}
33665  ... 

Histogram: PasswordManager.GetAutofillableLogins.TimeSinceInit recorded 2 samples, mean = 3645.5 (flags = 0x41)
0     ... 
3069  --O                                                                       (2 = 100.0%) {0.0%}
3900  ... 

Histogram: PasswordManager.LoginDatabaseInit2 recorded 2 samples, mean = 0.0 (flags = 0x41)
0  --O                                                                       (2 = 100.0%)
1  ... 

Histogram: PasswordManager.OnEncryptorReceived.Success recorded 2 samples, mean = 1.0 (flags = 0x41)
0  O                                                                         (0 = 0.0%)
1  --O                                                                       (2 = 100.0%) {0.0%}
2  O                                                                         (0 = 0.0%) {100.0%}

Histogram: PasswordManager.PasswordStore.InitTime recorded 2 samples, mean = 2483.5 (flags = 0x41)
0     ... 
2117  --O                                                                       (2 = 100.0%) {0.0%}
2516  ... 

Histogram: PasswordManager.PasswordStoreBackend.GetAllLoginsAsync recorded 4 samples, mean = 1.0 (flags = 0x41)
0  --O                                                                       (2 = 50.0%)
1  O                                                                         (0 = 0.0%) {50.0%}
2  --O                                                                       (2 = 50.0%) {50.0%}
3  ... 

Histogram: PasswordManager.PasswordStoreBackend.GetAllLoginsAsync.Latency recorded 2 samples, mean = 333.0 (flags = 0x41)
0    ... 
280  --O                                                                       (2 = 100.0%) {0.0%}
356  ... 

Histogram: PasswordManager.PasswordStoreBackend.GetAllLoginsAsync.Success recorded 2 samples, mean = 1.0 (flags = 0x41)
0  O                                                                         (0 = 0.0%)
1  --O                                                                       (2 = 100.0%) {0.0%}
2  O                                                                         (0 = 0.0%) {100.0%}

Histogram: PasswordManager.PasswordStoreBackend.GetAutofillableLoginsAsync recorded 4 samples, mean = 1.0 (flags = 0x41)
0  --O                                                                       (2 = 50.0%)
1  O                                                                         (0 = 0.0%) {50.0%}
2  --O                                                                       (2 = 50.0%) {50.0%}
3  ... 

Histogram: PasswordManager.PasswordStoreBackend.GetAutofillableLoginsAsync.Latency recorded 2 samples, mean = 2.0 (flags = 0x41)
0  ... 
2  --O                                                                       (2 = 100.0%) {0.0%}
3  ... 

Histogram: PasswordManager.PasswordStoreBackend.GetAutofillableLoginsAsync.Success recorded 2 samples, mean = 1.0 (flags = 0x41)
0  O                                                                         (0 = 0.0%)
1  --O                                                                       (2 = 100.0%) {0.0%}
2  O                                                                         (0 = 0.0%) {100.0%}

Histogram: PasswordManager.PasswordStoreBuiltInBackend.GetAllLoginsAsync recorded 4 samples, mean = 1.0 (flags = 0x41)
0  --O                                                                       (2 = 50.0%)
1  O                                                                         (0 = 0.0%) {50.0%}
2  --O                                                                       (2 = 50.0%) {50.0%}
3  ... 

Histogram: PasswordManager.PasswordStoreBuiltInBackend.GetAllLoginsAsync.Latency recorded 2 samples, mean = 333.0 (flags = 0x41)
0    ... 
280  --O                                                                       (2 = 100.0%) {0.0%}
356  ... 

Histogram: PasswordManager.PasswordStoreBuiltInBackend.GetAllLoginsAsync.Success recorded 2 samples, mean = 1.0 (flags = 0x41)
0  O                                                                         (0 = 0.0%)
1  --O                                                                       (2 = 100.0%) {0.0%}
2  O                                                                         (0 = 0.0%) {100.0%}

Histogram: PasswordManager.PasswordStoreBuiltInBackend.GetAutofillableLoginsAsync recorded 4 samples, mean = 1.0 (flags = 0x41)
0  --O                                                                       (2 = 50.0%)
1  O                                                                         (0 = 0.0%) {50.0%}
2  --O                                                                       (2 = 50.0%) {50.0%}
3  ... 

Histogram: PasswordManager.PasswordStoreBuiltInBackend.GetAutofillableLoginsAsync.Latency recorded 2 samples, mean = 2.0 (flags = 0x41)
0  ... 
2  --O                                                                       (2 = 100.0%) {0.0%}
3  ... 

Histogram: PasswordManager.PasswordStoreBuiltInBackend.GetAutofillableLoginsAsync.Success recorded 2 samples, mean = 1.0 (flags = 0x41)
0  O                                                                         (0 = 0.0%)
1  --O                                                                       (2 = 100.0%) {0.0%}
2  O                                                                         (0 = 0.0%) {100.0%}

Histogram: PasswordManager.ProfileStore.InaccessiblePasswords3 recorded 1 samples, mean = 0.0 (flags = 0x41)
0  -O                                                                        (1 = 100.0%)
1  ... 

Histogram: PasswordManager.ProfileStore.LoginDatabaseEncryptionStatus recorded 1 samples, mean = 0.0 (flags = 0x41)
0  -O                                                                        (1 = 100.0%)
1  ... 

Histogram: PasswordManager.SavedGaiaPasswordHashCount2 recorded 1 samples, mean = 0.0 (flags = 0x41)
0  -O                                                                        (1 = 100.0%)
1  ... 

Histogram: PasswordManager.SyncMetadataReadError2 recorded 2 samples, mean = 0.0 (flags = 0x41)
0  --O                                                                       (2 = 100.0%)
1  ... 

Histogram: PaymentRequest.IsCanMakePaymentAllowedByPref.Startup recorded 1 samples, mean = 1.0 (flags = 0x41)
0  O                                                                         (0 = 0.0%)
1  -O                                                                        (1 = 100.0%) {0.0%}
2  O                                                                         (0 = 0.0%) {100.0%}

Histogram: PerformanceManager.LoadingNotQuiescentPageCount.All recorded 116 samples, mean = 0.0 (flags = 0x41)
0  ------------------------------------------------------------------------O (116 = 100.0%)
1  ... 

Histogram: PerformanceManager.LoadingNotQuiescentPageCount.Hidden recorded 116 samples, mean = 0.0 (flags = 0x41)
0  ------------------------------------------------------------------------O (116 = 100.0%)
1  ... 

Histogram: PerformanceManager.LoadingNotQuiescentPageCount.MixedVisibility recorded 116 samples, mean = 0.0 (flags = 0x41)
0  ------------------------------------------------------------------------O (116 = 100.0%)
1  ... 

Histogram: PerformanceManager.LoadingNotQuiescentPageCount.Visible recorded 116 samples, mean = 0.0 (flags = 0x41)
0  ------------------------------------------------------------------------O (116 = 100.0%)
1  ... 

Histogram: PerformanceManager.QuiescentPageCount recorded 116 samples, mean = 1.0 (flags = 0x41)
0  O                                                                         (0 = 0.0%)
1  ------------------------------------------------------------------------O (116 = 100.0%) {0.0%}
2  ... 

Histogram: PerformanceManager.SiteDB.DatabaseInit recorded 1 samples, mean = 0.0 (flags = 0x41)
0  -O                                                                        (1 = 100.0%)
1  ... 

Histogram: PerformanceManager.SiteDB.OnDiskSize recorded 1 samples, mean = 1.0 (flags = 0x41)
0  -O                                                                        (1 = 100.0%)
1000... 

Histogram: PerformanceManager.SiteDB.WriteCompleted.WriteSiteDataIntoStore recorded 1 samples, mean = 1.0 (flags = 0x41)
0  O                                                                         (0 = 0.0%)
1  -O                                                                        (1 = 100.0%) {0.0%}
2  O                                                                         (0 = 0.0%) {100.0%}

Histogram: PerformanceManager.SiteDB.WriteScheduled.WriteSiteDataIntoStore recorded 1 samples, mean = 1.0 (flags = 0x41)
0  O                                                                         (0 = 0.0%)
1  -O                                                                        (1 = 100.0%) {0.0%}
2  O                                                                         (0 = 0.0%) {100.0%}

Histogram: PerformanceManager.TabRevisitTracker.TimeToClose2 recorded 1 samples, mean = 3498.0 (flags = 0x41)
0     ... 
3424  -O                                                                        (1 = 100.0%) {0.0%}
3603  ... 

Histogram: PerformanceManager.UserTuning.BatterySaverModeEnabledPercent recorded 1 samples, mean = 0.0 (flags = 0x41)
0  -O                                                                        (1 = 100.0%)
1  ... 

Histogram: PerformanceManager.UserTuning.MemorySaverModeEnabledPercent recorded 1 samples, mean = 0.0 (flags = 0x41)
0  -O                                                                        (1 = 100.0%)
1  ... 

Histogram: PerformanceMonitor.AverageCPU8.BrowserProcess recorded 29 samples, mean = 10928.3 (flags = 0x41)
0      ... 
674    --O                                                                       (2 = 6.9%) {0.0%}
814    ---O                                                                      (3 = 10.3%) {6.9%}
983    -O                                                                        (1 = 3.4%) {17.2%}
1187   ... 
2088   -O                                                                        (1 = 3.4%) {20.7%}
2521   -O                                                                        (1 = 3.4%) {24.1%}
3043   O                                                                         (0 = 0.0%) {27.6%}
3673   -O                                                                        (1 = 3.4%) {27.6%}
4434   -O                                                                        (1 = 3.4%) {31.0%}
5353   O                                                                         (0 = 0.0%) {34.5%}
6462   --O                                                                       (2 = 6.9%) {34.5%}
7801   -O                                                                        (1 = 3.4%) {41.4%}
9417   -O                                                                        (1 = 3.4%) {44.8%}
11368  -O                                                                        (1 = 3.4%) {48.3%}
13724  ------O                                                                   (6 = 20.7%) {51.7%}
16567  ----O                                                                     (4 = 13.8%) {72.4%}
20000  ----O                                                                     (4 = 13.8%) {86.2%}

Histogram: PerformanceMonitor.AverageCPU8.GPUProcess recorded 29 samples, mean = 313.7 (flags = 0x41)
0     ... 
8     --O                                                                       (2 = 6.9%) {0.0%}
10    -------O                                                                  (7 = 24.1%) {6.9%}
12    ------------O                                                             (12 = 41.4%) {31.0%}
15    ------O                                                                   (6 = 20.7%) {72.4%}
18    O                                                                         (0 = 0.0%) {93.1%}
22    -O                                                                        (1 = 3.4%) {93.1%}
27    ... 
7801  -O                                                                        (1 = 3.4%) {96.6%}
9417  ... 

Histogram: PerformanceMonitor.AverageCPU8.NetworkProcess recorded 29 samples, mean = 3.0 (flags = 0x41)
0   ... 
2   ------------------------O                                                 (24 = 82.8%) {0.0%}
3   --O                                                                       (2 = 6.9%) {82.8%}
4   O                                                                         (0 = 0.0%) {89.7%}
5   -O                                                                        (1 = 3.4%) {89.7%}
6   -O                                                                        (1 = 3.4%) {93.1%}
7   ... 
22  -O                                                                        (1 = 3.4%) {96.6%}
27  ... 

Histogram: PerformanceMonitor.AverageCPU8.OtherProcess recorded 29 samples, mean = 0.0 (flags = 0x41)
0  -----------------------------O                                            (29 = 100.0%)
1  ... 

Histogram: PerformanceMonitor.AverageCPU8.RendererExtensionEventProcess recorded 29 samples, mean = 0.0 (flags = 0x41)
0  -----------------------------O                                            (29 = 100.0%)
1  ... 

Histogram: PerformanceMonitor.AverageCPU8.RendererExtensionPersistentProcess recorded 29 samples, mean = 0.0 (flags = 0x41)
0  -----------------------------O                                            (29 = 100.0%)
1  ... 

Histogram: PerformanceMonitor.AverageCPU8.RendererProcess recorded 29 samples, mean = 11.8 (flags = 0x41)
0    ----------------------------O                                             (28 = 96.6%)
1    ... 
317  -O                                                                        (1 = 3.4%) {96.6%}
383  ... 

Histogram: PerformanceMonitor.AverageCPU8.Total recorded 29 samples, mean = 10949.7 (flags = 0x41)
0      ... 
814    -----O                                                                    (5 = 17.2%) {0.0%}
983    -O                                                                        (1 = 3.4%) {17.2%}
1187   ... 
2088   -O                                                                        (1 = 3.4%) {20.7%}
2521   -O                                                                        (1 = 3.4%) {24.1%}
3043   O                                                                         (0 = 0.0%) {27.6%}
3673   -O                                                                        (1 = 3.4%) {27.6%}
4434   -O                                                                        (1 = 3.4%) {31.0%}
5353   O                                                                         (0 = 0.0%) {34.5%}
6462   --O                                                                       (2 = 6.9%) {34.5%}
7801   -O                                                                        (1 = 3.4%) {41.4%}
9417   -O                                                                        (1 = 3.4%) {44.8%}
11368  -O                                                                        (1 = 3.4%) {48.3%}
13724  ------O                                                                   (6 = 20.7%) {51.7%}
16567  ----O                                                                     (4 = 13.8%) {72.4%}
20000  ----O                                                                     (4 = 13.8%) {86.2%}

Histogram: PerformanceMonitor.AverageCPU8.Total.ZeroWindow recorded 29 samples, mean = 10949.7 (flags = 0x41)
0      ... 
814    -----O                                                                    (5 = 17.2%) {0.0%}
983    -O                                                                        (1 = 3.4%) {17.2%}
1187   ... 
2088   -O                                                                        (1 = 3.4%) {20.7%}
2521   -O                                                                        (1 = 3.4%) {24.1%}
3043   O                                                                         (0 = 0.0%) {27.6%}
3673   -O                                                                        (1 = 3.4%) {27.6%}
4434   -O                                                                        (1 = 3.4%) {31.0%}
5353   O                                                                         (0 = 0.0%) {34.5%}
6462   --O                                                                       (2 = 6.9%) {34.5%}
7801   -O                                                                        (1 = 3.4%) {41.4%}
9417   -O                                                                        (1 = 3.4%) {44.8%}
11368  -O                                                                        (1 = 3.4%) {48.3%}
13724  ------O                                                                   (6 = 20.7%) {51.7%}
16567  ----O                                                                     (4 = 13.8%) {72.4%}
20000  ----O                                                                     (4 = 13.8%) {86.2%}

Histogram: PerformanceMonitor.AverageCPU8.UtilityProcess recorded 29 samples, mean = 12.4 (flags = 0x41)
0    ----------------------------O                                             (28 = 96.6%)
1    ... 
317  -O                                                                        (1 = 3.4%) {96.6%}
383  ... 

Histogram: PerformanceMonitor.HasPreciseCPUUsage recorded 10 samples, mean = 1.0 (flags = 0x41)
0  O                                                                         (0 = 0.0%)
1  ----------O                                                               (10 = 100.0%) {0.0%}
2  O                                                                         (0 = 0.0%) {100.0%}

Histogram: PerformanceMonitor.UsageScenario.LongInterval recorded 29 samples, mean = 13.0 (flags = 0x41)
0   ... 
13  -----------------------------O                                            (29 = 100.0%) {0.0%}
14  ... 

Histogram: Permissions.API.CreatedPermissionStatusObjects recorded 1 samples, mean = 0.0 (flags = 0x41)
0  -O                                                                        (1 = 100.0%)
1  ... 

Histogram: Permissions.Experimental.PrimaryMainNavigationFinished.AudioCapture.TopLevelHeaderPolicy recorded 1 samples, mean = 0.0 (flags = 0x41)
0  -O                                                                        (1 = 100.0%)
1  ... 

Histogram: Permissions.Experimental.PrimaryMainNavigationFinished.Geolocation.TopLevelHeaderPolicy recorded 1 samples, mean = 0.0 (flags = 0x41)
0  -O                                                                        (1 = 100.0%)
1  ... 

Histogram: Permissions.Experimental.PrimaryMainNavigationFinished.VideoCapture.TopLevelHeaderPolicy recorded 1 samples, mean = 0.0 (flags = 0x41)
0  -O                                                                        (1 = 100.0%)
1  ... 

Histogram: Permissions.QuietNotificationPrompts.RegularProfile.IsEnabledInPrefs recorded 1 samples, mean = 0.0 (flags = 0x41)
0  -O                                                                        (1 = 100.0%)
1  ... 

Histogram: Platform.IntelMaxMicroArchitecture recorded 1 samples, mean = 8.0 (flags = 0x41)
0  ... 
8  -O                                                                        (1 = 100.0%) {0.0%}
9  ... 

Histogram: Power.BatteryDischargeMode5 recorded 58 samples, mean = 4.0 (flags = 0x41)
0  ... 
4  ----------------------------------------------------------O               (58 = 100.0%) {0.0%}
5  ... 

Histogram: Power.BatteryDischargeMode5.Initial recorded 1 samples, mean = 4.0 (flags = 0x41)
0  ... 
4  -O                                                                        (1 = 100.0%) {0.0%}
5  ... 

Histogram: Power.BatteryDischargeMode5.Periodic recorded 57 samples, mean = 4.0 (flags = 0x41)
0  ... 
4  ---------------------------------------------------------O                (57 = 100.0%) {0.0%}
5  ... 

Histogram: Power.BatteryDischargeMode5.TenMinutes recorded 5 samples, mean = 4.0 (flags = 0x41)
0  ... 
4  -----O                                                                    (5 = 100.0%) {0.0%}
5  ... 

Histogram: Power.BatteryDischargeMode5.ZeroWindow recorded 58 samples, mean = 4.0 (flags = 0x41)
0  ... 
4  ----------------------------------------------------------O               (58 = 100.0%) {0.0%}
5  ... 

Histogram: Power.BatteryDischargeMode5.ZeroWindow.Initial recorded 1 samples, mean = 4.0 (flags = 0x41)
0  ... 
4  -O                                                                        (1 = 100.0%) {0.0%}
5  ... 

Histogram: Power.BatteryDischargeMode5.ZeroWindow.Periodic recorded 57 samples, mean = 4.0 (flags = 0x41)
0  ... 
4  ---------------------------------------------------------O                (57 = 100.0%) {0.0%}
5  ... 

Histogram: Power.HasPreciseBatteryDischargeGranularity recorded 58 samples, mean = 0.0 (flags = 0x41)
0  ----------------------------------------------------------O               (58 = 100.0%)
1  ... 

Histogram: Prefs.JSonStore.SetValueKey recorded 26 samples (flags = 0x41)
38959120    -O                                                                        (1 = 3.8%)
58852327    -O                                                                        (1 = 3.8%)
174384190   --O                                                                       (2 = 7.7%)
372921139   --O                                                                       (2 = 7.7%)
376153846   -O                                                                        (1 = 3.8%)
852125461   --O                                                                       (2 = 7.7%)
1031488582  -O                                                                        (1 = 3.8%)
1146220280  -O                                                                        (1 = 3.8%)
1186893056  -O                                                                        (1 = 3.8%)
1333612670  -O                                                                        (1 = 3.8%)
1543709623  -O                                                                        (1 = 3.8%)
1590148671  -O                                                                        (1 = 3.8%)
1923415074  -----O                                                                    (5 = 19.2%)
1927273959  -O                                                                        (1 = 3.8%)
1936820420  --O                                                                       (2 = 7.7%)
1956100443  --O                                                                       (2 = 7.7%)
2082524502  -O                                                                        (1 = 3.8%)

Histogram: Privacy.CookieControlsSetting.RegularProfile recorded 1 samples, mean = 2.0 (flags = 0x41)
0  ... 
2  -O                                                                        (1 = 100.0%) {0.0%}
3  O                                                                         (0 = 0.0%) {100.0%}

Histogram: Privacy.DIPS.BounceCategoryServer.Block3PC recorded 1 samples, mean = 0.0 (flags = 0x41)
0  -O                                                                        (1 = 100.0%)
1  ... 

Histogram: Privacy.DIPS.ClearedSitesCount.Block3PC recorded 1 samples, mean = 0.0 (flags = 0x41)
0  -O                                                                        (1 = 100.0%)
1  ... 

Histogram: Privacy.DIPS.DIPSErrorCodes recorded 3 samples, mean = 4.0 (flags = 0x41)
0  -O                                                                        (1 = 33.3%)
1  ... 
6  --O                                                                       (2 = 66.7%) {33.3%}
7  ... 

Histogram: Privacy.DIPS.Database.Operation.FilterSitesWithProtectiveEventTime recorded 1 samples, mean = 0.0 (flags = 0x41)
0  -O                                                                        (1 = 100.0%)
1  ... 

Histogram: Privacy.DIPS.Database.Operation.GetSitesThatBouncedWithStateTime recorded 1 samples, mean = 0.0 (flags = 0x41)
0  -O                                                                        (1 = 100.0%)
1  ... 

Histogram: Privacy.DIPS.Database.Operation.InitTime recorded 1 samples, mean = 0.0 (flags = 0x41)
0  -O                                                                        (1 = 100.0%)
1  ... 

Histogram: Privacy.DIPS.Database.Operation.ReadPopupTime recorded 1 samples, mean = 0.0 (flags = 0x41)
0  -O                                                                        (1 = 100.0%)
1  ... 

Histogram: Privacy.DIPS.Database.Operation.ReadTime recorded 4 samples, mean = 0.0 (flags = 0x41)
0  ----O                                                                     (4 = 100.0%)
1  ... 

Histogram: Privacy.DIPS.Database.Operation.RemoveRowsTime recorded 1 samples, mean = 455.0 (flags = 0x41)
0    ... 
449  -O                                                                        (1 = 100.0%) {0.0%}
533  ... 

Histogram: Privacy.DIPS.Database.Operation.WriteTime recorded 2 samples, mean = 804.0 (flags = 0x41)
0     ... 
268   -O                                                                        (1 = 50.0%) {0.0%}
318   ... 
1262  -O                                                                        (1 = 50.0%) {50.0%}
1500  ... 

Histogram: Privacy.DIPS.DatabaseEntryCount recorded 1 samples, mean = 0.0 (flags = 0x41)
0  -O                                                                        (1 = 100.0%)
1  ... 

Histogram: Privacy.DIPS.DatabaseHealthMetricsTime recorded 1 samples, mean = 0.0 (flags = 0x41)
0  -O                                                                        (1 = 100.0%)
1  ... 

Histogram: Privacy.DIPS.DatabaseInit recorded 1 samples, mean = 1.0 (flags = 0x41)
0  O                                                                         (0 = 0.0%)
1  -O                                                                        (1 = 100.0%) {0.0%}
2  ... 

Histogram: Privacy.DIPS.DatabaseSize recorded 1 samples, mean = 36.0 (flags = 0x41)
0  -O                                                                        (1 = 100.0%)
1000... 

Histogram: Privacy.DoNotTrackSetting2 recorded 1 samples, mean = 0.0 (flags = 0x41)
0  -O                                                                        (1 = 100.0%)
1  ... 

Histogram: Privacy.ThirdPartyCookieBlockingSetting.RegularProfile recorded 1 samples, mean = 0.0 (flags = 0x41)
0  -O                                                                        (1 = 100.0%)
1  ... 

Histogram: PrivacyBudget.Identifiability.FinchConfigValidationResult recorded 1 samples, mean = 1.0 (flags = 0x41)
0  O                                                                         (0 = 0.0%)
1  -O                                                                        (1 = 100.0%) {0.0%}
2  O                                                                         (0 = 0.0%) {100.0%}

Histogram: PrivacySandbox.NoticeRequirement.IsVariationCountryEmpty recorded 3 samples, mean = 1.0 (flags = 0x41)
0  O                                                                         (0 = 0.0%)
1  ---O                                                                      (3 = 100.0%) {0.0%}
2  O                                                                         (0 = 0.0%) {100.0%}

Histogram: PrivacySandbox.NoticeRequirement.IsVariationServiceReady recorded 3 samples, mean = 1.0 (flags = 0x41)
0  O                                                                         (0 = 0.0%)
1  ---O                                                                      (3 = 100.0%) {0.0%}
2  O                                                                         (0 = 0.0%) {100.0%}

Histogram: PrivacySandbox.TrackingProtection.OnboardingStartup.State recorded 1 samples, mean = 0.0 (flags = 0x41)
0  -O                                                                        (1 = 100.0%)
1  ... 

Histogram: PrivacySandbox.TrackingProtection.SilentOnboardingStartup.State recorded 1 samples, mean = 0.0 (flags = 0x41)
0  -O                                                                        (1 = 100.0%)
1  ... 

Histogram: Profile.AppCount recorded 1 samples, mean = 0.0 (flags = 0x41)
0  -O                                                                        (1 = 100.0%)
1  ... 

Histogram: Profile.BookmarksSize recorded 1 samples, mean = 0.0 (flags = 0x41)
0  -O                                                                        (1 = 100.0%)
1  ... 

Histogram: Profile.CookiesSize recorded 1 samples, mean = 0.0 (flags = 0x41)
0  -O                                                                        (1 = 100.0%)
1  ... 

Histogram: Profile.Destroyer.OffTheRecord recorded 1 samples, mean = 1.0 (flags = 0x41)
0  O                                                                         (0 = 0.0%)
1  -O                                                                        (1 = 100.0%) {0.0%}
2  ... 

Histogram: Profile.DidDestroyProfileBeforeShutdown recorded 1 samples, mean = 0.0 (flags = 0x41)
0  -O                                                                        (1 = 100.0%)
1  ... 

Histogram: Profile.ExtensionSize recorded 1 samples, mean = 0.0 (flags = 0x41)
0  -O                                                                        (1 = 100.0%)
1  ... 

Histogram: Profile.FaviconsSize recorded 1 samples, mean = 0.0 (flags = 0x41)
0  -O                                                                        (1 = 100.0%)
1  ... 

Histogram: Profile.HistorySize recorded 1 samples, mean = 0.0 (flags = 0x41)
0  -O                                                                        (1 = 100.0%)
1  ... 

Histogram: Profile.KeepAliveLeakAtShutdown recorded 2 samples, mean = 3.5 (flags = 0x41)
0  -O                                                                        (1 = 50.0%)
1  ... 
7  -O                                                                        (1 = 50.0%) {50.0%}
8  ... 

Histogram: Profile.LiveProfileCount recorded 1 samples, mean = 1.0 (flags = 0x41)
0  O                                                                         (0 = 0.0%)
1  -O                                                                        (1 = 100.0%) {0.0%}
2  ... 

Histogram: Profile.TopSitesSize recorded 1 samples, mean = 0.0 (flags = 0x41)
0  -O                                                                        (1 = 100.0%)
1  ... 

Histogram: Profile.TotalHistorySize recorded 1 samples, mean = 0.0 (flags = 0x41)
0  -O                                                                        (1 = 100.0%)
1  ... 

Histogram: Profile.TotalSize recorded 1 samples, mean = 0.0 (flags = 0x41)
0  -O                                                                        (1 = 100.0%)
1  ... 

Histogram: Profile.TotalSizeRecursive recorded 1 samples, mean = 10.0 (flags = 0x41)
0   ... 
10  -O                                                                        (1 = 100.0%) {0.0%}
12  ... 

Histogram: Profile.TriggeredReset recorded 1 samples, mean = 0.0 (flags = 0x41)
0  -O                                                                        (1 = 100.0%)
1  ... 

Histogram: Profile.VisitedLinksSize recorded 1 samples, mean = 0.0 (flags = 0x41)
0  -O                                                                        (1 = 100.0%)
1  ... 

Histogram: Profile.WebDataSize recorded 1 samples, mean = 0.0 (flags = 0x41)
0  -O                                                                        (1 = 100.0%)
1  ... 

Histogram: Profile.ZombieProfileCount recorded 1 samples, mean = 0.0 (flags = 0x41)
0  -O                                                                        (1 = 100.0%)
1  ... 

Histogram: ProfilePicker.StartupMode.CreateInitialProfile recorded 1 samples, mean = 0.0 (flags = 0x41)
0  -O                                                                        (1 = 100.0%)
1  ... 

Histogram: ProfilePicker.StartupMode.GetStartupProfile recorded 1 samples, mean = 0.0 (flags = 0x41)
0  -O                                                                        (1 = 100.0%)
1  ... 

Histogram: ProfilePicker.StartupReason.GetStartupProfile recorded 1 samples, mean = 27.0 (flags = 0x41)
0   ... 
27  -O                                                                        (1 = 100.0%) {0.0%}
28  ... 

Histogram: ProtoDB.DestroySuccess.DownloadDB recorded 3 samples, mean = 1.0 (flags = 0x41)
0  O                                                                         (0 = 0.0%)
1  ---O                                                                      (3 = 100.0%) {0.0%}
2  O                                                                         (0 = 0.0%) {100.0%}

Histogram: ProtoDB.DestroySuccess.DownloadService recorded 1 samples, mean = 1.0 (flags = 0x41)
0  O                                                                         (0 = 0.0%)
1  -O                                                                        (1 = 100.0%) {0.0%}
2  O                                                                         (0 = 0.0%) {100.0%}

Histogram: ProtoDB.DestroySuccess.PreviewsHintCacheStore recorded 1 samples, mean = 1.0 (flags = 0x41)
0  O                                                                         (0 = 0.0%)
1  -O                                                                        (1 = 100.0%) {0.0%}
2  O                                                                         (0 = 0.0%) {100.0%}

Histogram: ProtoDB.InitStatus.BudgetManager recorded 1 samples, mean = 4.0 (flags = 0x41)
0  ... 
4  -O                                                                        (1 = 100.0%) {0.0%}
5  ... 

Histogram: ProtoDB.InitStatus.CartDatabase recorded 1 samples, mean = 4.0 (flags = 0x41)
0  ... 
4  -O                                                                        (1 = 100.0%) {0.0%}
5  ... 

Histogram: ProtoDB.InitStatus.ClientCertificatesDatabase recorded 1 samples, mean = 4.0 (flags = 0x41)
0  ... 
4  -O                                                                        (1 = 100.0%) {0.0%}
5  ... 

Histogram: ProtoDB.InitStatus.CommerceParcelTrackingDatabase recorded 1 samples, mean = 4.0 (flags = 0x41)
0  ... 
4  -O                                                                        (1 = 100.0%) {0.0%}
5  ... 

Histogram: ProtoDB.InitStatus.CommerceSubscriptionDatabase recorded 1 samples, mean = 4.0 (flags = 0x41)
0  ... 
4  -O                                                                        (1 = 100.0%) {0.0%}
5  ... 

Histogram: ProtoDB.InitStatus.CouponDatabase recorded 1 samples, mean = 4.0 (flags = 0x41)
0  ... 
4  -O                                                                        (1 = 100.0%) {0.0%}
5  ... 

Histogram: ProtoDB.InitStatus.DiscountsDatabase recorded 1 samples, mean = 4.0 (flags = 0x41)
0  ... 
4  -O                                                                        (1 = 100.0%) {0.0%}
5  ... 

Histogram: ProtoDB.InitStatus.DownloadDB recorded 3 samples, mean = 4.0 (flags = 0x41)
0  ... 
4  ---O                                                                      (3 = 100.0%) {0.0%}
5  ... 

Histogram: ProtoDB.InitStatus.DownloadService recorded 2 samples, mean = 4.0 (flags = 0x41)
0  ... 
4  --O                                                                       (2 = 100.0%) {0.0%}
5  ... 

Histogram: ProtoDB.InitStatus.FeatureEngagementTrackerAvailabilityStore recorded 1 samples, mean = 4.0 (flags = 0x41)
0  ... 
4  -O                                                                        (1 = 100.0%) {0.0%}
5  ... 

Histogram: ProtoDB.InitStatus.FeatureEngagementTrackerEventStore recorded 1 samples, mean = 4.0 (flags = 0x41)
0  ... 
4  -O                                                                        (1 = 100.0%) {0.0%}
5  ... 

Histogram: ProtoDB.InitStatus.Metadata recorded 4 samples, mean = 5.0 (flags = 0x41)
0  ... 
5  ----O                                                                     (4 = 100.0%) {0.0%}
6  O                                                                         (0 = 0.0%) {100.0%}

Histogram: ProtoDB.InitStatus.PersistentOriginTrials recorded 1 samples, mean = 4.0 (flags = 0x41)
0  ... 
4  -O                                                                        (1 = 100.0%) {0.0%}
5  ... 

Histogram: ProtoDB.InitStatus.PreviewsHintCacheStore recorded 1 samples, mean = 4.0 (flags = 0x41)
0  ... 
4  -O                                                                        (1 = 100.0%) {0.0%}
5  ... 

Histogram: ProtoDB.InitStatus.SegmentInfoDatabase recorded 1 samples, mean = 4.0 (flags = 0x41)
0  ... 
4  -O                                                                        (1 = 100.0%) {0.0%}
5  ... 

Histogram: ProtoDB.InitStatus.SignalDatabase recorded 1 samples, mean = 4.0 (flags = 0x41)
0  ... 
4  -O                                                                        (1 = 100.0%) {0.0%}
5  ... 

Histogram: ProtoDB.InitStatus.SignalStorageConfigDatabase recorded 1 samples, mean = 4.0 (flags = 0x41)
0  ... 
4  -O                                                                        (1 = 100.0%) {0.0%}
5  ... 

Histogram: ProtoDB.InitStatus.StrikeService recorded 4 samples, mean = 4.0 (flags = 0x41)
0  ... 
4  ----O                                                                     (4 = 100.0%) {0.0%}
5  ... 

Histogram: ProtoDB.SharedDbInitStatus recorded 77 samples, mean = 9.4 (flags = 0x41)
0   ---------------------------O                                              (27 = 35.1%)
1   ... 
3   -----------------------O                                                  (23 = 29.9%) {35.1%}
4   ... 
24  -----------------------O                                                  (23 = 29.9%) {64.9%}
25  O                                                                         (0 = 0.0%) {94.8%}
26  ----O                                                                     (4 = 5.2%) {94.8%}
27  ... 

Histogram: Quota.AvailableDiskSpace recorded 2 samples, mean = 3181959.5 (flags = 0x41)
0        ... 
3057588  --O                                                                       (2 = 100.0%) {0.0%}
3566823  ... 

Histogram: Quota.GlobalTemporaryPoolSize recorded 2 samples, mean = 3052343.0 (flags = 0x41)
0        ... 
2621056  --O                                                                       (2 = 100.0%) {0.0%}
3057588  ... 

Histogram: Quota.PercentDiskAvailable recorded 2 samples, mean = 83.0 (flags = 0x41)
0   ... 
83  --O                                                                       (2 = 100.0%) {0.0%}
84  ... 

Histogram: Quota.TotalDiskSpace recorded 2 samples, mean = 3815429.0 (flags = 0x41)
0        ... 
3566823  --O                                                                       (2 = 100.0%) {0.0%}
4160870  ... 

Histogram: Quota.TotalDiskSpaceIsZero recorded 2 samples, mean = 0.0 (flags = 0x41)
0  --O                                                                       (2 = 100.0%)
1  ... 

Histogram: Renderer.BrowserLaunchToRunLoopStart recorded 1 samples, mean = 41.0 (flags = 0x41)
0   ... 
40  -O                                                                        (1 = 100.0%) {0.0%}
48  ... 

Histogram: Renderer.Core.Timing.Performance.SwapsPerPerformanceEntryInsertion recorded 51 samples, mean = 1.5 (flags = 0x41)
0   --------------------O                                                     (20 = 39.2%)
1   ---------------------O                                                    (21 = 41.2%) {39.2%}
2   -O                                                                        (1 = 2.0%) {80.4%}
3   -O                                                                        (1 = 2.0%) {82.4%}
4   ----O                                                                     (4 = 7.8%) {84.3%}
5   -O                                                                        (1 = 2.0%) {92.2%}
6   --O                                                                       (2 = 3.9%) {94.1%}
7   ... 
16  -O                                                                        (1 = 2.0%) {98.0%}
18  ... 

Histogram: Renderer.CriticalFonts.BlockingResourcesLoadTime recorded 1 samples, mean = 3822.0 (flags = 0x41)
0     ... 
3553  -O                                                                        (1 = 100.0%) {0.0%}
4222  ... 

Histogram: Renderer.CriticalFonts.CriticalFontDelay recorded 1 samples, mean = 0.0 (flags = 0x41)
0  -O                                                                        (1 = 100.0%)
1  ... 

Histogram: Renderer.CriticalFonts.PreloadedFontsLoadTime recorded 1 samples, mean = 3717.0 (flags = 0x41)
0     ... 
3553  -O                                                                        (1 = 100.0%) {0.0%}
4222  ... 

Histogram: Renderer.Font.PrimaryFont.DomContentLoaded recorded 1 samples, mean = 0.0 (flags = 0x41)
0  -O                                                                        (1 = 100.0%)
1  ... 

Histogram: Renderer.Font.PrimaryFont.DomContentLoaded.Style recorded 1 samples, mean = 0.0 (flags = 0x41)
0  -O                                                                        (1 = 100.0%)
1  ... 

Histogram: Renderer.Font.SystemFallback.DomContentLoaded recorded 1 samples, mean = 0.0 (flags = 0x41)
0  -O                                                                        (1 = 100.0%)
1  ... 

Histogram: Renderer.Layout.TextWrapBalance recorded 4 samples, mean = 0.0 (flags = 0x41)
0  ----O                                                                     (4 = 100.0%)
1  ... 

Histogram: Renderer.ProcessLifetime3 recorded 3 samples, mean = 2330718.2 (flags = 0x41)
0        ... 
1123     -O                                                                        (1 = 33.3%) {0.0%}
1261     ... 
3358281  --O                                                                       (2 = 66.7%) {33.3%}
3771276  ... 

Histogram: Renderer.ProcessLifetime3.Empty recorded 1 samples, mean = 3494908.0 (flags = 0x41)
0        ... 
3358281  -O                                                                        (1 = 100.0%) {0.0%}
3771276  ... 

Histogram: Renderer.ProcessLifetime3.MainFrame recorded 1 samples, mean = 3496068.0 (flags = 0x41)
0        ... 
3358281  -O                                                                        (1 = 100.0%) {0.0%}
3771276  ... 

Histogram: Renderer.ProcessLifetime3.Speculative recorded 1 samples, mean = 1179.0 (flags = 0x41)
0     ... 
1123  -O                                                                        (1 = 100.0%) {0.0%}
1261  ... 

Histogram: Renderer.ReduceSubresourceResponseIPC.DidNotifyBrowser recorded 46 samples, mean = 1.0 (flags = 0x41)
0  O                                                                         (0 = 0.0%)
1  ----------------------------------------------O                           (46 = 100.0%) {0.0%}
2  O                                                                         (0 = 0.0%) {100.0%}

Histogram: Renderer.RenderThreadImpl.Init recorded 1 samples, mean = 8.0 (flags = 0x41)
0  ... 
8  -O                                                                        (1 = 100.0%) {0.0%}
10 ... 

Histogram: Renderer4.GpuRasterizationEnabled recorded 1 samples, mean = 1.0 (flags = 0x41)
0  O                                                                         (0 = 0.0%)
1  -O                                                                        (1 = 100.0%) {0.0%}
2  O                                                                         (0 = 0.0%) {100.0%}

Histogram: RendererScheduler.RendererMainThreadLoad5 recorded 6995 samples, mean = 0.0 (flags = 0x41)
0   ------------------------------------------------------------------------O (6991 = 99.9%)
1   O                                                                         (0 = 0.0%) {99.9%}
2   O                                                                         (1 = 0.0%) {99.9%}
3   ... 
23  O                                                                         (1 = 0.0%) {100.0%}
24  ... 
43  O                                                                         (1 = 0.0%) {100.0%}
44  ... 
57  O                                                                         (1 = 0.0%) {100.0%}
58  ... 

Histogram: RendererScheduler.RendererMainThreadLoad5.Background recorded 3495 samples, mean = 0.0 (flags = 0x41)
0  ------------------------------------------------------------------------O (3495 = 100.0%)
1  ... 

Histogram: RendererScheduler.RendererMainThreadLoad5.Background.AfterFifthMinute recorded 3195 samples, mean = 0.0 (flags = 0x41)
0  ------------------------------------------------------------------------O (3195 = 100.0%)
1  ... 

Histogram: RendererScheduler.RendererMainThreadLoad5.Background.AfterFirstMinute recorded 3435 samples, mean = 0.0 (flags = 0x41)
0  ------------------------------------------------------------------------O (3435 = 100.0%)
1  ... 

Histogram: RendererScheduler.RendererMainThreadLoad5.Background.AfterTenthMinute recorded 2895 samples, mean = 0.0 (flags = 0x41)
0  ------------------------------------------------------------------------O (2895 = 100.0%)
1  ... 

Histogram: RendererScheduler.RendererMainThreadLoad5.Foreground recorded 3 samples, mean = 19.0 (flags = 0x41)
0   --O                                                                       (2 = 66.7%)
1   ... 
57  -O                                                                        (1 = 33.3%) {66.7%}
58  ... 

Histogram: RendererScheduler.RendererMainThreadLoad5.Foreground.AfterFirstMinute recorded 3435 samples, mean = 0.0 (flags = 0x41)
0  ------------------------------------------------------------------------O (3435 = 100.0%)
1  ... 

Histogram: ReportingAndNEL.NumberOfLoadedNELPolicies recorded 1 samples, mean = 0.0 (flags = 0x41)
0  -O                                                                        (1 = 100.0%)
1  ... 

Histogram: ReportingAndNEL.NumberOfLoadedNELPolicies2 recorded 1 samples, mean = 0.0 (flags = 0x41)
0  -O                                                                        (1 = 100.0%)
1  ... 

Histogram: ReportingAndNEL.TimeInitializeDB recorded 1 samples, mean = 0.0 (flags = 0x41)
0  -O                                                                        (1 = 100.0%)
1  ... 

Histogram: ResourceScheduler.RequestQueuingDuration.Priority1 recorded 5 samples, mean = 0.0 (flags = 0x41)
0  -----O                                                                    (5 = 100.0%)
1  ... 

Histogram: ResourceScheduler.RequestQueuingDuration.Priority2 recorded 29 samples, mean = 0.0 (flags = 0x41)
0  -----------------------------O                                            (29 = 100.0%)
1  ... 

Histogram: ResourceScheduler.RequestQueuingDuration.Priority3 recorded 1 samples, mean = 0.0 (flags = 0x41)
0  -O                                                                        (1 = 100.0%)
1  ... 

Histogram: ResourceScheduler.RequestQueuingDuration.Priority4 recorded 6 samples, mean = 0.0 (flags = 0x41)
0  ------O                                                                   (6 = 100.0%)
1  ... 

Histogram: ResourceScheduler.RequestQueuingDuration.Priority5 recorded 17 samples, mean = 0.0 (flags = 0x41)
0  -----------------O                                                        (17 = 100.0%)
1  ... 

Histogram: SBClientPhishing.Classifier.Event recorded 2 samples, mean = 1.0 (flags = 0x41)
0  O                                                                         (0 = 0.0%)
1  --O                                                                       (2 = 100.0%) {0.0%}
2  ... 

Histogram: SBClientPhishing.HighConfidenceAllowlistCheckDuration recorded 1 samples, mean = 2.0 (flags = 0x41)
0  ... 
2  -O                                                                        (1 = 100.0%) {0.0%}
3  ... 

Histogram: SBClientPhishing.ImageEmbedder.Event recorded 2 samples, mean = 1.0 (flags = 0x41)
0  O                                                                         (0 = 0.0%)
1  --O                                                                       (2 = 100.0%) {0.0%}
2  ... 

Histogram: SBClientPhishing.LoadReportTimesFromPrefAtServiceCreationSuccessful recorded 1 samples, mean = 1.0 (flags = 0x41)
0  O                                                                         (0 = 0.0%)
1  -O                                                                        (1 = 100.0%) {0.0%}
2  O                                                                         (0 = 0.0%) {100.0%}

Histogram: SBClientPhishing.MatchHighConfidenceAllowlist recorded 1 samples, mean = 3.0 (flags = 0x41)
0  ... 
3  -O                                                                        (1 = 100.0%) {0.0%}
4  O                                                                         (0 = 0.0%) {100.0%}

Histogram: SBClientPhishing.MatchHighConfidenceAllowlist.TriggerModel recorded 1 samples, mean = 3.0 (flags = 0x41)
0  ... 
3  -O                                                                        (1 = 100.0%) {0.0%}
4  O                                                                         (0 = 0.0%) {100.0%}

Histogram: SBClientPhishing.PreClassificationCheckResult recorded 1 samples, mean = 3.0 (flags = 0x41)
0  ... 
3  -O                                                                        (1 = 100.0%) {0.0%}
4  ... 

Histogram: SBIRS.DroppedIncident recorded 18 samples, mean = 1.0 (flags = 0x41)
0  O                                                                         (0 = 0.0%)
1  ------------------O                                                       (18 = 100.0%) {0.0%}
2  ... 

Histogram: SBIRS.ReceivedIncident recorded 18 samples, mean = 1.0 (flags = 0x41)
0  O                                                                         (0 = 0.0%)
1  ------------------O                                                       (18 = 100.0%) {0.0%}
2  ... 

Histogram: SSL.Experimental.SubresourceResponse recorded 46 samples, mean = 0.0 (flags = 0x41)
0  ----------------------------------------------O                           (46 = 100.0%)
1  ... 

Histogram: SafeBrowsing.AsyncCheck.CommittedNavigationIdsSize recorded 5 samples, mean = 1.6 (flags = 0x41)
0  -O                                                                        (1 = 20.0%)
1  -O                                                                        (1 = 20.0%) {20.0%}
2  --O                                                                       (2 = 40.0%) {40.0%}
3  -O                                                                        (1 = 20.0%) {80.0%}
4  ... 

Histogram: SafeBrowsing.BrowserThrottle.CheckerOnIOLifetime recorded 1 samples, mean = 1163.0 (flags = 0x41)
0    ... 
926  -O                                                                        (1 = 100.0%) {0.0%}
1177 ... 

Histogram: SafeBrowsing.BrowserThrottle.IntervalBetweenStartAndProcess recorded 1 samples, mean = 1163.0 (flags = 0x41)
0     ... 
1062  -O                                                                        (1 = 100.0%) {0.0%}
1262  ... 

Histogram: SafeBrowsing.BrowserThrottle.IntervalBetweenStartAndProcess.FromNetwork recorded 1 samples, mean = 1163.0 (flags = 0x41)
0     ... 
1062  -O                                                                        (1 = 100.0%) {0.0%}
1262  ... 

Histogram: SafeBrowsing.BrowserThrottle.IsCheckCompletedOnProcessResponse recorded 1 samples, mean = 1.0 (flags = 0x41)
0  O                                                                         (0 = 0.0%)
1  -O                                                                        (1 = 100.0%) {0.0%}
2  O                                                                         (0 = 0.0%) {100.0%}

Histogram: SafeBrowsing.BrowserThrottle.RequestDestination recorded 1 samples, mean = 3.0 (flags = 0x41)
0  ... 
3  -O                                                                        (1 = 100.0%) {0.0%}
4  ... 

Histogram: SafeBrowsing.BrowserThrottle.RequestDestination.Checked recorded 1 samples, mean = 3.0 (flags = 0x41)
0  ... 
3  -O                                                                        (1 = 100.0%) {0.0%}
4  ... 

Histogram: SafeBrowsing.BrowserThrottle.TotalDelay2.FromNetwork recorded 1 samples, mean = 0.0 (flags = 0x41)
0  -O                                                                        (1 = 100.0%)
1  ... 

Histogram: SafeBrowsing.BrowserThrottle.TotalDelay2.HashPrefixDatabaseCheck recorded 2 samples, mean = 0.0 (flags = 0x41)
0  --O                                                                       (2 = 100.0%)
1  ... 

Histogram: SafeBrowsing.BrowserThrottle.WillProcessResponseCount recorded 1 samples, mean = 1.0 (flags = 0x41)
0  O                                                                         (0 = 0.0%)
1  -O                                                                        (1 = 100.0%) {0.0%}
2  ... 

Histogram: SafeBrowsing.CheckBrowseUrl.HasLocalMatch recorded 2 samples, mean = 1.0 (flags = 0x41)
0  O                                                                         (0 = 0.0%)
1  --O                                                                       (2 = 100.0%) {0.0%}
2  O                                                                         (0 = 0.0%) {100.0%}

Histogram: SafeBrowsing.CheckUrl.Action recorded 2 samples, mean = 0.0 (flags = 0x41)
0  --O                                                                       (2 = 100.0%)
1  ... 

Histogram: SafeBrowsing.CheckUrl.FirstRequestThreatType2 recorded 1 samples, mean = 1.0 (flags = 0x41)
0  O                                                                         (0 = 0.0%)
1  -O                                                                        (1 = 100.0%) {0.0%}
2  ... 

Histogram: SafeBrowsing.CheckUrl.FirstRequestThreatType2.LocalPVer4 recorded 1 samples, mean = 1.0 (flags = 0x41)
0  O                                                                         (0 = 0.0%)
1  -O                                                                        (1 = 100.0%) {0.0%}
2  ... 

Histogram: SafeBrowsing.CheckUrl.FirstRequestTimedOut recorded 1 samples, mean = 0.0 (flags = 0x41)
0  -O                                                                        (1 = 100.0%)
1  ... 

Histogram: SafeBrowsing.CheckUrl.FirstRequestTimedOut.LocalPVer4 recorded 1 samples, mean = 0.0 (flags = 0x41)
0  -O                                                                        (1 = 100.0%)
1  ... 

Histogram: SafeBrowsing.CheckUrl.IsDocumentCheckPrefetch recorded 2 samples, mean = 0.0 (flags = 0x41)
0  --O                                                                       (2 = 100.0%)
1  ... 

Histogram: SafeBrowsing.CheckUrl.TimeTaken.HashDatabase recorded 2 samples, mean = 183.0 (flags = 0x41)
0    -O                                                                        (1 = 50.0%)
1    ... 
318  -O                                                                        (1 = 50.0%) {50.0%}
378  ... 

Histogram: SafeBrowsing.CheckUrl.Timeout recorded 2 samples, mean = 0.0 (flags = 0x41)
0  --O                                                                       (2 = 100.0%)
1  ... 

Histogram: SafeBrowsing.CheckUrl.UrlScheme recorded 2 samples, mean = 10.0 (flags = 0x41)
0   ... 
10  --O                                                                       (2 = 100.0%) {0.0%}
11  ... 

Histogram: SafeBrowsing.ClientSidePhishingDetection.AllowlistMatchResult recorded 1 samples, mean = 1.0 (flags = 0x41)
0  O                                                                         (0 = 0.0%)
1  -O                                                                        (1 = 100.0%) {0.0%}
2  ... 

Histogram: SafeBrowsing.FileTypeUpdate.ResourceBundleResult recorded 1 samples (flags = 0x41)
1  -O                                                                        (1 = 100.0%)

Histogram: SafeBrowsing.FileTypeUpdate.ResourceBundleVersion recorded 1 samples (flags = 0x41)
66  -O                                                                        (1 = 100.0%)

Histogram: SafeBrowsing.HPRT.Cache.FullHashCount recorded 3 samples, mean = 0.0 (flags = 0x41)
0  ---O                                                                      (3 = 100.0%)
1  ... 

Histogram: SafeBrowsing.HPRT.Cache.HashPrefixCount recorded 3 samples, mean = 0.0 (flags = 0x41)
0  ---O                                                                      (3 = 100.0%)
1  ... 

Histogram: SafeBrowsing.HPRT.Ineligible.FeatureOff recorded 1 samples, mean = 0.0 (flags = 0x41)
0  -O                                                                        (1 = 100.0%)
1  ... 

Histogram: SafeBrowsing.HPRT.Ineligible.IneligibleForLocation recorded 1 samples, mean = 0.0 (flags = 0x41)
0  -O                                                                        (1 = 100.0%)
1  ... 

Histogram: SafeBrowsing.HPRT.Ineligible.IneligibleForSessionOrLocation recorded 1 samples, mean = 1.0 (flags = 0x41)
0  O                                                                         (0 = 0.0%)
1  -O                                                                        (1 = 100.0%) {0.0%}
2  O                                                                         (0 = 0.0%) {100.0%}

Histogram: SafeBrowsing.HPRT.Ineligible.NoGoogleChromeBranding recorded 1 samples, mean = 1.0 (flags = 0x41)
0  O                                                                         (0 = 0.0%)
1  -O                                                                        (1 = 100.0%) {0.0%}
2  O                                                                         (0 = 0.0%) {100.0%}

Histogram: SafeBrowsing.HPRT.Ineligible.NotAllowedByPolicy recorded 1 samples, mean = 0.0 (flags = 0x41)
0  -O                                                                        (1 = 100.0%)
1  ... 

Histogram: SafeBrowsing.HPRT.Ineligible.NotStandardProtection recorded 1 samples, mean = 0.0 (flags = 0x41)
0  -O                                                                        (1 = 100.0%)
1  ... 

Histogram: SafeBrowsing.HPRT.Ineligible.OffTheRecord recorded 1 samples, mean = 0.0 (flags = 0x41)
0  -O                                                                        (1 = 100.0%)
1  ... 

Histogram: SafeBrowsing.HasCookieAtStartup2 recorded 1 samples, mean = 0.0 (flags = 0x41)
0  -O                                                                        (1 = 100.0%)
1  ... 

Histogram: SafeBrowsing.PageLoadToken.TokenCount recorded 3 samples, mean = 0.0 (flags = 0x41)
0  ---O                                                                      (3 = 100.0%)
1  ... 

Histogram: SafeBrowsing.Pref.Enhanced recorded 1 samples, mean = 0.0 (flags = 0x41)
0  -O                                                                        (1 = 100.0%)
1  ... 

Histogram: SafeBrowsing.Pref.Enhanced.RegularProfile recorded 1 samples, mean = 0.0 (flags = 0x41)
0  -O                                                                        (1 = 100.0%)
1  ... 

Histogram: SafeBrowsing.Pref.Extended recorded 1 samples, mean = 0.0 (flags = 0x41)
0  -O                                                                        (1 = 100.0%)
1  ... 

Histogram: SafeBrowsing.Pref.General recorded 1 samples, mean = 1.0 (flags = 0x41)
0  O                                                                         (0 = 0.0%)
1  -O                                                                        (1 = 100.0%) {0.0%}
2  O                                                                         (0 = 0.0%) {100.0%}

Histogram: SafeBrowsing.RT.CacheManager.CleanUpTime recorded 3 samples, mean = 0.0 (flags = 0x41)
0  ---O                                                                      (3 = 100.0%)
1  ... 

Histogram: SafeBrowsing.RT.CanCheckDatabase recorded 2 samples, mean = 1.0 (flags = 0x41)
0  O                                                                         (0 = 0.0%)
1  --O                                                                       (2 = 100.0%) {0.0%}
2  O                                                                         (0 = 0.0%) {100.0%}

Histogram: SafeBrowsing.RT.ConsumerVersionReason recorded 2 samples, mean = 1.0 (flags = 0x41)
0  -O                                                                        (1 = 50.0%)
1  O                                                                         (0 = 0.0%) {50.0%}
2  -O                                                                        (1 = 50.0%) {50.0%}
3  ... 

Histogram: SafeBrowsing.RendererThrottle.IsCheckCompletedOnProcessResponse recorded 46 samples, mean = 1.0 (flags = 0x41)
0  O                                                                         (0 = 0.0%)
1  ----------------------------------------------O                           (46 = 100.0%) {0.0%}
2  O                                                                         (0 = 0.0%) {100.0%}

Histogram: SafeBrowsing.RendererThrottle.RequestDestination recorded 50 samples, mean = 10.2 (flags = 0x41)
0   ------O                                                                   (6 = 12.0%)
1   ... 
5   ---------O                                                                (9 = 18.0%) {12.0%}
6   ... 
8   -O                                                                        (1 = 2.0%) {30.0%}
9   -O                                                                        (1 = 2.0%) {32.0%}
10  ... 
13  --------------------------O                                               (26 = 52.0%) {34.0%}
14  ... 
16  -------O                                                                  (7 = 14.0%) {86.0%}
17  ... 

Histogram: SafeBrowsing.V4Database.Size recorded 1 samples, mean = 0.0 (flags = 0x41)
0  -O                                                                        (1 = 100.0%)
1  ... 

Histogram: SafeBrowsing.V4Database.Size.ChromeExtMalware recorded 1 samples, mean = 0.0 (flags = 0x41)
0  -O                                                                        (1 = 100.0%)
1  ... 

Histogram: SafeBrowsing.V4Database.Size.UrlBilling recorded 1 samples, mean = 0.0 (flags = 0x41)
0  -O                                                                        (1 = 100.0%)
1  ... 

Histogram: SafeBrowsing.V4Database.Size.UrlCsdDownloadAllowlist recorded 1 samples, mean = 0.0 (flags = 0x41)
0  -O                                                                        (1 = 100.0%)
1  ... 

Histogram: SafeBrowsing.V4Database.Size.UrlMalBin recorded 1 samples, mean = 0.0 (flags = 0x41)
0  -O                                                                        (1 = 100.0%)
1  ... 

Histogram: SafeBrowsing.V4Database.Size.UrlMalware recorded 1 samples, mean = 0.0 (flags = 0x41)
0  -O                                                                        (1 = 100.0%)
1  ... 

Histogram: SafeBrowsing.V4Database.Size.UrlSoceng recorded 1 samples, mean = 0.0 (flags = 0x41)
0  -O                                                                        (1 = 100.0%)
1  ... 

Histogram: SafeBrowsing.V4Database.Size.UrlUws recorded 1 samples, mean = 0.0 (flags = 0x41)
0  -O                                                                        (1 = 100.0%)
1  ... 

Histogram: SafeBrowsing.V4Database.SizeLinear recorded 1 samples, mean = 0.0 (flags = 0x41)
0  -O                                                                        (1 = 100.0%)
1  ... 

Histogram: SafeBrowsing.V4Database.SizeLinear.ChromeExtMalware recorded 1 samples, mean = 0.0 (flags = 0x41)
0  -O                                                                        (1 = 100.0%)
1  ... 

Histogram: SafeBrowsing.V4Database.SizeLinear.UrlMalBin recorded 1 samples, mean = 0.0 (flags = 0x41)
0  -O                                                                        (1 = 100.0%)
1  ... 

Histogram: SafeBrowsing.V4Database.SizeLinear.UrlSoceng recorded 1 samples, mean = 0.0 (flags = 0x41)
0  -O                                                                        (1 = 100.0%)
1  ... 

Histogram: SafeBrowsing.V4DatabaseInitializationTime recorded 1 samples, mean = 2487.0 (flags = 0x41)
0     ... 
2117  -O                                                                        (1 = 100.0%) {0.0%}
2516  ... 

Histogram: SafeBrowsing.V4Store.IsStoreValid recorded 7 samples, mean = 0.0 (flags = 0x41)
0  -------O                                                                  (7 = 100.0%)
1  ... 

Histogram: SafeBrowsing.V4Store.IsStoreValid.ChromeExtMalware recorded 1 samples, mean = 0.0 (flags = 0x41)
0  -O                                                                        (1 = 100.0%)
1  ... 

Histogram: SafeBrowsing.V4Store.IsStoreValid.UrlBilling recorded 1 samples, mean = 0.0 (flags = 0x41)
0  -O                                                                        (1 = 100.0%)
1  ... 

Histogram: SafeBrowsing.V4Store.IsStoreValid.UrlCsdDownloadAllowlist recorded 1 samples, mean = 0.0 (flags = 0x41)
0  -O                                                                        (1 = 100.0%)
1  ... 

Histogram: SafeBrowsing.V4Store.IsStoreValid.UrlMalBin recorded 1 samples, mean = 0.0 (flags = 0x41)
0  -O                                                                        (1 = 100.0%)
1  ... 

Histogram: SafeBrowsing.V4Store.IsStoreValid.UrlMalware recorded 1 samples, mean = 0.0 (flags = 0x41)
0  -O                                                                        (1 = 100.0%)
1  ... 

Histogram: SafeBrowsing.V4Store.IsStoreValid.UrlSoceng recorded 1 samples, mean = 0.0 (flags = 0x41)
0  -O                                                                        (1 = 100.0%)
1  ... 

Histogram: SafeBrowsing.V4Store.IsStoreValid.UrlUws recorded 1 samples, mean = 0.0 (flags = 0x41)
0  -O                                                                        (1 = 100.0%)
1  ... 

Histogram: SafeBrowsing.V4Store.ReadyOnStartup recorded 7 samples, mean = 0.0 (flags = 0x41)
0  -------O                                                                  (7 = 100.0%)
1  ... 

Histogram: SafeBrowsing.V4StoreRead.Result recorded 7 samples, mean = 2.0 (flags = 0x41)
0  ... 
2  -------O                                                                  (7 = 100.0%) {0.0%}
3  ... 

Histogram: Scheduling.MessagePumpTimeKeeper.BrowserIO recorded 0 samples (flags = 0x41)
0 ... 

Histogram: Scheduling.MessagePumpTimeKeeper.BrowserUI recorded 0 samples (flags = 0x41)
0 ... 

Histogram: Scheduling.ThreadController.ActiveIntervalDuration.Any.BrowserUI recorded 17 samples, mean = 0.0 (flags = 0x41)
0  -----------------O                                                        (17 = 100.0%)
1  ... 

Histogram: Scheduling.ThreadController.ActiveIntervalDuration.Any.Other recorded 45 samples, mean = 0.1 (flags = 0x41)
0  --------------------------------------------O                             (44 = 97.8%)
1  ... 
3  -O                                                                        (1 = 2.2%) {97.8%}
4  ... 

Histogram: Scheduling.ThreadController.ActiveIntervalDuration.Medium.Other recorded 1 samples, mean = 3.0 (flags = 0x41)
0  ... 
3  -O                                                                        (1 = 100.0%) {0.0%}
4  ... 

Histogram: Scheduling.ThreadController.ActiveIntervalDuration.Short.BrowserUI recorded 17 samples, mean = 0.7 (flags = 0x41)
0  ------O                                                                   (6 = 35.3%)
1  ----------O                                                               (10 = 58.8%) {35.3%}
2  -O                                                                        (1 = 5.9%) {94.1%}
3  ... 

Histogram: Scheduling.ThreadController.ActiveIntervalDuration.Short.Other recorded 44 samples, mean = 36.4 (flags = 0x41)
0    ... 
6    -O                                                                        (1 = 2.3%) {0.0%}
7    -----------O                                                              (11 = 25.0%) {2.3%}
8    -----O                                                                    (5 = 11.4%) {27.3%}
9    ---O                                                                      (3 = 6.8%) {38.6%}
10   --O                                                                       (2 = 4.5%) {45.5%}
11   -O                                                                        (1 = 2.3%) {50.0%}
12   -O                                                                        (1 = 2.3%) {52.3%}
13   -O                                                                        (1 = 2.3%) {54.5%}
14   -O                                                                        (1 = 2.3%) {56.8%}
15   O                                                                         (0 = 0.0%) {59.1%}
16   -O                                                                        (1 = 2.3%) {59.1%}
17   -O                                                                        (1 = 2.3%) {61.4%}
18   ... 
23   -O                                                                        (1 = 2.3%) {63.6%}
24   ... 
29   -O                                                                        (1 = 2.3%) {65.9%}
31   ... 
52   -O                                                                        (1 = 2.3%) {68.2%}
55   O                                                                         (0 = 0.0%) {70.5%}
58   --O                                                                       (2 = 4.5%) {70.5%}
61   ... 
67   -O                                                                        (1 = 2.3%) {75.0%}
70   O                                                                         (0 = 0.0%) {77.3%}
74   --O                                                                       (2 = 4.5%) {77.3%}
78   -O                                                                        (1 = 2.3%) {81.8%}
82   O                                                                         (0 = 0.0%) {84.1%}
86   --O                                                                       (2 = 4.5%) {84.1%}
90   ... 
105  -O                                                                        (1 = 2.3%) {88.6%}
110  ... 
122  -O                                                                        (1 = 2.3%) {90.9%}
128  -O                                                                        (1 = 2.3%) {93.2%}
135  -O                                                                        (1 = 2.3%) {95.5%}
142  O                                                                         (0 = 0.0%) {97.7%}
149  -O                                                                        (1 = 2.3%) {97.7%}
157  ... 

Histogram: Scheduling.ThreadController.ActiveIntervalOffCpuDuration.Any.BrowserUI recorded 17 samples, mean = 0.0 (flags = 0x41)
0  -----------------O                                                        (17 = 100.0%)
1  ... 

Histogram: Scheduling.ThreadController.ActiveIntervalOffCpuDuration.Any.Other recorded 45 samples, mean = 0.0 (flags = 0x41)
0  ---------------------------------------------O                            (45 = 100.0%)
1  ... 

Histogram: Scheduling.ThreadController.ActiveIntervalOffCpuDuration.Medium.Other recorded 1 samples, mean = 0.0 (flags = 0x41)
0  -O                                                                        (1 = 100.0%)
1  ... 

Histogram: Scheduling.ThreadController.ActiveIntervalOffCpuDuration.Short.BrowserUI recorded 17 samples, mean = 0.4 (flags = 0x41)
0  ----------O                                                               (10 = 58.8%)
1  -------O                                                                  (7 = 41.2%) {58.8%}
2  ... 

Histogram: Scheduling.ThreadController.ActiveIntervalOffCpuDuration.Short.Other recorded 44 samples, mean = 4.2 (flags = 0x41)
0   ---------O                                                                (9 = 20.5%)
1   -----------------------O                                                  (23 = 52.3%) {20.5%}
2   ---------O                                                                (9 = 20.5%) {72.7%}
3   ... 
11  -O                                                                        (1 = 2.3%) {93.2%}
12  ... 
58  -O                                                                        (1 = 2.3%) {95.5%}
61  ... 
74  -O                                                                        (1 = 2.3%) {97.7%}
78  ... 

Histogram: Scheduling.ThreadController.ActiveIntervalOnCpuDuration.Any.BrowserUI recorded 17 samples, mean = 0.0 (flags = 0x41)
0  -----------------O                                                        (17 = 100.0%)
1  ... 

Histogram: Scheduling.ThreadController.ActiveIntervalOnCpuDuration.Any.Other recorded 45 samples, mean = 0.0 (flags = 0x41)
0  --------------------------------------------O                             (44 = 97.8%)
1  O                                                                         (0 = 0.0%) {97.8%}
2  -O                                                                        (1 = 2.2%) {97.8%}
3  ... 

Histogram: Scheduling.ThreadController.ActiveIntervalOnCpuDuration.Medium.Other recorded 1 samples, mean = 2.0 (flags = 0x41)
0  ... 
2  -O                                                                        (1 = 100.0%) {0.0%}
3  ... 

Histogram: Scheduling.ThreadController.ActiveIntervalOnCpuDuration.Short.BrowserUI recorded 17 samples, mean = 0.3 (flags = 0x41)
0  ------------O                                                             (12 = 70.6%)
1  -----O                                                                    (5 = 29.4%) {70.6%}
2  ... 

Histogram: Scheduling.ThreadController.ActiveIntervalOnCpuDuration.Short.Other recorded 44 samples, mean = 32.2 (flags = 0x41)
0    --O                                                                       (2 = 4.5%)
1    ... 
4    -O                                                                        (1 = 2.3%) {4.5%}
5    O                                                                         (0 = 0.0%) {6.8%}
6    ------O                                                                   (6 = 13.6%) {6.8%}
7    ---------O                                                                (9 = 20.5%) {20.5%}
8    -----O                                                                    (5 = 11.4%) {40.9%}
9    -O                                                                        (1 = 2.3%) {52.3%}
10   --O                                                                       (2 = 4.5%) {54.5%}
11   -O                                                                        (1 = 2.3%) {59.1%}
12   -O                                                                        (1 = 2.3%) {61.4%}
13   ... 
15   -O                                                                        (1 = 2.3%) {63.6%}
16   -O                                                                        (1 = 2.3%) {65.9%}
17   ... 
22   -O                                                                        (1 = 2.3%) {68.2%}
23   ... 
29   -O                                                                        (1 = 2.3%) {70.5%}
31   ... 
52   -O                                                                        (1 = 2.3%) {72.7%}
55   -O                                                                        (1 = 2.3%) {75.0%}
58   ... 
67   -O                                                                        (1 = 2.3%) {77.3%}
70   O                                                                         (0 = 0.0%) {79.5%}
74   --O                                                                       (2 = 4.5%) {79.5%}
78   -O                                                                        (1 = 2.3%) {84.1%}
82   O                                                                         (0 = 0.0%) {86.4%}
86   -O                                                                        (1 = 2.3%) {86.4%}
90   ... 
105  -O                                                                        (1 = 2.3%) {88.6%}
110  ... 
122  -O                                                                        (1 = 2.3%) {90.9%}
128  -O                                                                        (1 = 2.3%) {93.2%}
135  -O                                                                        (1 = 2.3%) {95.5%}
142  O                                                                         (0 = 0.0%) {97.7%}
149  -O                                                                        (1 = 2.3%) {97.7%}
157  ... 

Histogram: Scheduling.ThreadController.ActiveIntervalOnCpuPercentage.Any.BrowserUI recorded 17 samples, mean = 61.8 (flags = 0x41)
0    ------O                                                                   (6 = 35.3%)
1    ... 
50   -O                                                                        (1 = 5.9%) {35.3%}
51   ... 
100  ----------O                                                               (10 = 58.8%) {41.2%}
101  O                                                                         (0 = 0.0%) {100.0%}

Histogram: Scheduling.ThreadController.ActiveIntervalOnCpuPercentage.Any.Other recorded 45 samples, mean = 87.4 (flags = 0x41)
0    --O                                                                       (2 = 4.4%)
1    ... 
66   -O                                                                        (1 = 2.2%) {4.4%}
67   ... 
77   -O                                                                        (1 = 2.2%) {6.7%}
78   ... 
80   -O                                                                        (1 = 2.2%) {8.9%}
81   -O                                                                        (1 = 2.2%) {11.1%}
82   O                                                                         (0 = 0.0%) {13.3%}
83   -O                                                                        (1 = 2.2%) {13.3%}
84   -O                                                                        (1 = 2.2%) {15.6%}
85   -------O                                                                  (7 = 15.6%) {17.8%}
86   O                                                                         (0 = 0.0%) {33.3%}
87   ----O                                                                     (4 = 8.9%) {33.3%}
88   --O                                                                       (2 = 4.4%) {42.2%}
89   O                                                                         (0 = 0.0%) {46.7%}
90   --O                                                                       (2 = 4.4%) {46.7%}
91   ... 
93   -O                                                                        (1 = 2.2%) {51.1%}
94   -O                                                                        (1 = 2.2%) {53.3%}
95   -O                                                                        (1 = 2.2%) {55.6%}
96   --O                                                                       (2 = 4.4%) {57.8%}
97   O                                                                         (0 = 0.0%) {62.2%}
98   -----O                                                                    (5 = 11.1%) {62.2%}
99   ---O                                                                      (3 = 6.7%) {73.3%}
100  ---------O                                                                (9 = 20.0%) {80.0%}
101  O                                                                         (0 = 0.0%) {100.0%}

Histogram: Scheduling.ThreadController.ActiveIntervalOnCpuPercentage.Medium.Other recorded 1 samples, mean = 81.0 (flags = 0x41)
0   ... 
81  -O                                                                        (1 = 100.0%) {0.0%}
82  ... 

Histogram: Scheduling.ThreadController.ActiveIntervalOnCpuPercentage.Short.BrowserUI recorded 17 samples, mean = 61.8 (flags = 0x41)
0    ------O                                                                   (6 = 35.3%)
1    ... 
50   -O                                                                        (1 = 5.9%) {35.3%}
51   ... 
100  ----------O                                                               (10 = 58.8%) {41.2%}
101  O                                                                         (0 = 0.0%) {100.0%}

Histogram: Scheduling.ThreadController.ActiveIntervalOnCpuPercentage.Short.Other recorded 44 samples, mean = 87.5 (flags = 0x41)
0    --O                                                                       (2 = 4.5%)
1    ... 
66   -O                                                                        (1 = 2.3%) {4.5%}
67   ... 
77   -O                                                                        (1 = 2.3%) {6.8%}
78   ... 
80   -O                                                                        (1 = 2.3%) {9.1%}
81   ... 
83   -O                                                                        (1 = 2.3%) {11.4%}
84   -O                                                                        (1 = 2.3%) {13.6%}
85   -------O                                                                  (7 = 15.9%) {15.9%}
86   O                                                                         (0 = 0.0%) {31.8%}
87   ----O                                                                     (4 = 9.1%) {31.8%}
88   --O                                                                       (2 = 4.5%) {40.9%}
89   O                                                                         (0 = 0.0%) {45.5%}
90   --O                                                                       (2 = 4.5%) {45.5%}
91   ... 
93   -O                                                                        (1 = 2.3%) {50.0%}
94   -O                                                                        (1 = 2.3%) {52.3%}
95   -O                                                                        (1 = 2.3%) {54.5%}
96   --O                                                                       (2 = 4.5%) {56.8%}
97   O                                                                         (0 = 0.0%) {61.4%}
98   -----O                                                                    (5 = 11.4%) {61.4%}
99   ---O                                                                      (3 = 6.8%) {72.7%}
100  ---------O                                                                (9 = 20.5%) {79.5%}
101  O                                                                         (0 = 0.0%) {100.0%}

Histogram: Scheduling.ThreadController.IdleDuration.Any.BrowserUI recorded 17 samples, mean = 0.0 (flags = 0x41)
0  -----------------O                                                        (17 = 100.0%)
1  ... 

Histogram: Scheduling.ThreadController.IdleDuration.Any.Other recorded 19 samples, mean = 962.4 (flags = 0x41)
0     -----O                                                                    (5 = 26.3%)
1     --O                                                                       (2 = 10.5%) {26.3%}
2     O                                                                         (0 = 0.0%) {36.8%}
3     -O                                                                        (1 = 5.3%) {36.8%}
4     ... 
96    -O                                                                        (1 = 5.3%) {42.1%}
114   ... 
449   --O                                                                       (2 = 10.5%) {47.4%}
533   O                                                                         (0 = 0.0%) {57.9%}
633   -O                                                                        (1 = 5.3%) {57.9%}
752   O                                                                         (0 = 0.0%) {63.2%}
894   -O                                                                        (1 = 5.3%) {63.2%}
1062  -O                                                                        (1 = 5.3%) {68.4%}
1262  -O                                                                        (1 = 5.3%) {73.7%}
1500  ... 
2117  -O                                                                        (1 = 5.3%) {78.9%}
2516  -O                                                                        (1 = 5.3%) {84.2%}
2990  O                                                                         (0 = 0.0%) {89.5%}
3553  --O                                                                       (2 = 10.5%) {89.5%}
4222  ... 

Histogram: Scheduling.ThreadController.IdleDuration.Medium.Other recorded 3 samples, mean = 1.7 (flags = 0x41)
0  O                                                                         (0 = 0.0%)
1  --O                                                                       (2 = 66.7%) {0.0%}
2  O                                                                         (0 = 0.0%) {66.7%}
3  -O                                                                        (1 = 33.3%) {66.7%}
4  ... 

Histogram: Scheduling.ThreadController.IdleDuration.Short.BrowserUI recorded 17 samples, mean = 6.5 (flags = 0x41)
0   ... 
3   -------O                                                                  (7 = 41.2%) {0.0%}
4   -------O                                                                  (7 = 41.2%) {41.2%}
5   -O                                                                        (1 = 5.9%) {82.4%}
6   ... 
8   -O                                                                        (1 = 5.9%) {88.2%}
9   ... 
49  -O                                                                        (1 = 5.9%) {94.1%}
52  ... 

Histogram: Scheduling.ThreadController.IdleDuration.Short.Other recorded 5 samples, mean = 146.0 (flags = 0x41)
0    ... 
24   -O                                                                        (1 = 20.0%) {0.0%}
25   ... 
29   -O                                                                        (1 = 20.0%) {20.0%}
31   ... 
157  -O                                                                        (1 = 20.0%) {40.0%}
165  ... 
201  -O                                                                        (1 = 20.0%) {60.0%}
211  ... 
300  -O                                                                        (1 = 20.0%) {80.0%}
315  ... 

Histogram: Search.ChoiceReprompt recorded 1 samples, mean = 6.0 (flags = 0x41)
0  ... 
6  -O                                                                        (1 = 100.0%) {0.0%}
7  O                                                                         (0 = 0.0%) {100.0%}

Histogram: Search.SearchProviderOverrideStatus recorded 1 samples, mean = 0.0 (flags = 0x41)
0  -O                                                                        (1 = 100.0%)
1  ... 

Histogram: Security.DataDecoder.Json.DecodingTime recorded 3 samples, mean = 0.0 (flags = 0x41)
0  ---O                                                                      (3 = 100.0%)
1  ... 

Histogram: Security.GwpAsan.Activated.Malloc.Browser recorded 1 samples, mean = 0.0 (flags = 0x41)
0  -O                                                                        (1 = 100.0%)
1  ... 

Histogram: Security.GwpAsan.Activated.PartitionAlloc.Browser recorded 1 samples, mean = 0.0 (flags = 0x41)
0  -O                                                                        (1 = 100.0%)
1  ... 

Histogram: Security.HttpsFirstMode.SettingEnabledAtStartup recorded 1 samples, mean = 0.0 (flags = 0x41)
0  -O                                                                        (1 = 100.0%)
1  ... 

Histogram: Security.JSONParser.ChromiumExtensionUsage recorded 1 samples, mean = 1.0 (flags = 0x41)
0  O                                                                         (0 = 0.0%)
1  -O                                                                        (1 = 100.0%) {0.0%}
2  ... 

Histogram: Security.JSONParser.ParsingTime recorded 20 samples, mean = 42.3 (flags = 0x41)
0    O                                                                         (0 = 0.0%)
1    -O                                                                        (1 = 5.0%) {0.0%}
2    --O                                                                       (2 = 10.0%) {5.0%}
3    --O                                                                       (2 = 10.0%) {15.0%}
4    -O                                                                        (1 = 5.0%) {25.0%}
5    O                                                                         (0 = 0.0%) {30.0%}
7    -O                                                                        (1 = 5.0%) {30.0%}
9    -O                                                                        (1 = 5.0%) {35.0%}
12   --O                                                                       (2 = 10.0%) {40.0%}
16   --O                                                                       (2 = 10.0%) {50.0%}
21   --O                                                                       (2 = 10.0%) {60.0%}
28   -O                                                                        (1 = 5.0%) {70.0%}
37   O                                                                         (0 = 0.0%) {75.0%}
49   -O                                                                        (1 = 5.0%) {75.0%}
65   O                                                                         (0 = 0.0%) {80.0%}
86   -O                                                                        (1 = 5.0%) {80.0%}
113  -O                                                                        (1 = 5.0%) {85.0%}
149  -O                                                                        (1 = 5.0%) {90.0%}
196  -O                                                                        (1 = 5.0%) {95.0%}
258  ... 

Histogram: Security.NavigationRequestSecurityLevel recorded 2 samples, mean = 1.0 (flags = 0x41)
0  O                                                                         (0 = 0.0%)
1  --O                                                                       (2 = 100.0%) {0.0%}
2  ... 

Histogram: Security.PageEndReason.SECURE recorded 1 samples, mean = 6.0 (flags = 0x41)
0  ... 
6  -O                                                                        (1 = 100.0%) {0.0%}
7  ... 

Histogram: Security.PageEndReason.SafetyTip_None recorded 1 samples, mean = 6.0 (flags = 0x41)
0  ... 
6  -O                                                                        (1 = 100.0%) {0.0%}
7  ... 

Histogram: Security.PrivateNetworkAccess.CheckResult recorded 54 samples, mean = 2.3 (flags = 0x41)
0   ------O                                                                   (6 = 11.1%)
1   -----------------------------------------O                                (41 = 75.9%) {11.1%}
2   ... 
12  -------O                                                                  (7 = 13.0%) {87.0%}
13  O                                                                         (0 = 0.0%) {100.0%}

Histogram: Security.PrivateNetworkAccess.PrivateIpInferrable recorded 3 samples, mean = 1.0 (flags = 0x41)
0  O                                                                         (0 = 0.0%)
1  ---O                                                                      (3 = 100.0%) {0.0%}
2  O                                                                         (0 = 0.0%) {100.0%}

Histogram: Security.PrivateNetworkAccess.PrivateIpResolveMatch recorded 3 samples, mean = 1.0 (flags = 0x41)
0  O                                                                         (0 = 0.0%)
1  ---O                                                                      (3 = 100.0%) {0.0%}
2  O                                                                         (0 = 0.0%) {100.0%}

Histogram: Security.SCTAuditing.NumPersistedReportsLoaded recorded 1 samples, mean = 0.0 (flags = 0x41)
0  -O                                                                        (1 = 100.0%)
1  ... 

Histogram: Security.SafetyTips.GetReputationStatusWithEngagedSitesTime recorded 1 samples, mean = 0.0 (flags = 0x41)
0  -O                                                                        (1 = 100.0%)
1  ... 

Histogram: Security.SafetyTips.ReputationCheckComplete.DidFinishNavigation recorded 1 samples, mean = 1.0 (flags = 0x41)
0  O                                                                         (0 = 0.0%)
1  -O                                                                        (1 = 100.0%) {0.0%}
2  ... 

Histogram: Security.SafetyTips.SafetyTipShown recorded 1 samples, mean = 1.0 (flags = 0x41)
0  O                                                                         (0 = 0.0%)
1  -O                                                                        (1 = 100.0%) {0.0%}
2  ... 

Histogram: Security.SafetyTips.StatusWithInitiator.Unknown recorded 1 samples, mean = 1.0 (flags = 0x41)
0  O                                                                         (0 = 0.0%)
1  -O                                                                        (1 = 100.0%) {0.0%}
2  ... 

Histogram: Security.SecurityLevel.OnCommit recorded 1 samples, mean = 3.0 (flags = 0x41)
0  ... 
3  -O                                                                        (1 = 100.0%) {0.0%}
4  ... 

Histogram: Security.SecurityLevel.OnComplete recorded 1 samples, mean = 3.0 (flags = 0x41)
0  ... 
3  -O                                                                        (1 = 100.0%) {0.0%}
4  ... 

Histogram: Security.SiteEngagement.SECURE recorded 1 samples, mean = 7.0 (flags = 0x41)
0  ... 
7  -O                                                                        (1 = 100.0%) {0.0%}
8  ... 

Histogram: Security.SiteEngagement.SafetyTip_None recorded 1 samples, mean = 7.0 (flags = 0x41)
0  ... 
7  -O                                                                        (1 = 100.0%) {0.0%}
8  ... 

Histogram: Security.TimeOnPage2.SECURE recorded 1 samples, mean = 3496072.0 (flags = 0x41)
0        ... 
3118920  -O                                                                        (1 = 100.0%) {0.0%}
3600000  O                                                                         (0 = 0.0%) {100.0%}

Histogram: Security.TimeOnPage2.SafetyTip_None recorded 1 samples, mean = 3496072.0 (flags = 0x41)
0        ... 
3118920  -O                                                                        (1 = 100.0%) {0.0%}
3600000  O                                                                         (0 = 0.0%) {100.0%}

Histogram: SegmentationPlatform.Database.UpdateUrlForUkmSource recorded 6 samples, mean = 44.5 (flags = 0x41)
0    -----O                                                                    (5 = 83.3%)
1    ... 
226  -O                                                                        (1 = 16.7%) {83.3%}
268  ... 

Histogram: SegmentationPlatform.Init.ProcessCreationToServiceCreationLatency recorded 1 samples, mean = 1273835.0 (flags = 0x41)
0       ... 
180000  -O                                                                        (1 = 100.0%) {0.0%}

Histogram: SegmentationPlatform.SelectionFailedReason.ChromeLowUserEngagement recorded 2 samples, mean = 13.5 (flags = 0x41)
0   ... 
10  -O                                                                        (1 = 50.0%) {0.0%}
11  ... 
17  -O                                                                        (1 = 50.0%) {50.0%}
18  ... 

Histogram: SegmentationPlatform.SelectionFailedReason.ComposePromotion recorded 2 samples, mean = 13.5 (flags = 0x41)
0   ... 
10  -O                                                                        (1 = 50.0%) {0.0%}
11  ... 
17  -O                                                                        (1 = 50.0%) {50.0%}
18  ... 

Histogram: SegmentationPlatform.SelectionFailedReason.CrossDeviceUser recorded 2 samples, mean = 13.5 (flags = 0x41)
0   ... 
10  -O                                                                        (1 = 50.0%) {0.0%}
11  ... 
17  -O                                                                        (1 = 50.0%) {50.0%}
18  ... 

Histogram: SegmentationPlatform.SelectionFailedReason.DatabaseApiClients recorded 2 samples, mean = 13.5 (flags = 0x41)
0   ... 
10  -O                                                                        (1 = 50.0%) {0.0%}
11  ... 
17  -O                                                                        (1 = 50.0%) {50.0%}
18  ... 

Histogram: SegmentationPlatform.SelectionFailedReason.DeviceSwitcher recorded 2 samples, mean = 13.5 (flags = 0x41)
0   ... 
10  -O                                                                        (1 = 50.0%) {0.0%}
11  ... 
17  -O                                                                        (1 = 50.0%) {50.0%}
18  ... 

Histogram: SegmentationPlatform.SelectionFailedReason.PasswordManagerUser recorded 2 samples, mean = 13.5 (flags = 0x41)
0   ... 
10  -O                                                                        (1 = 50.0%) {0.0%}
11  ... 
17  -O                                                                        (1 = 50.0%) {50.0%}
18  ... 

Histogram: SegmentationPlatform.SelectionFailedReason.ResumeHeavyUser recorded 2 samples, mean = 13.5 (flags = 0x41)
0   ... 
10  -O                                                                        (1 = 50.0%) {0.0%}
11  ... 
17  -O                                                                        (1 = 50.0%) {50.0%}
18  ... 

Histogram: SegmentationPlatform.SelectionFailedReason.SearchUser recorded 2 samples, mean = 13.5 (flags = 0x41)
0   ... 
10  -O                                                                        (1 = 50.0%) {0.0%}
11  ... 
17  -O                                                                        (1 = 50.0%) {50.0%}
18  ... 

Histogram: SegmentationPlatform.SelectionFailedReason.ShoppingUser recorded 2 samples, mean = 13.5 (flags = 0x41)
0   ... 
10  -O                                                                        (1 = 50.0%) {0.0%}
11  ... 
17  -O                                                                        (1 = 50.0%) {50.0%}
18  ... 

Histogram: SegmentationPlatform.SelectionFailedReason.URLVisitResumptionRanker recorded 2 samples, mean = 13.5 (flags = 0x41)
0   ... 
10  -O                                                                        (1 = 50.0%) {0.0%}
11  ... 
17  -O                                                                        (1 = 50.0%) {50.0%}
18  ... 

Histogram: SegmentationPlatform.SelectionFailedReason.WebAppInstallationPromo recorded 2 samples, mean = 13.5 (flags = 0x41)
0   ... 
10  -O                                                                        (1 = 50.0%) {0.0%}
11  ... 
17  -O                                                                        (1 = 50.0%) {50.0%}
18  ... 

Histogram: SegmentationPlatform.SyncSessions.TabsCountAtStartup recorded 1 samples, mean = 0.0 (flags = 0x41)
0  -O                                                                        (1 = 100.0%)
1  ... 

Histogram: SegmentationPlatform.UkmDatabase.InitTime recorded 1 samples, mean = 1.0 (flags = 0x41)
0  O                                                                         (0 = 0.0%)
1  -O                                                                        (1 = 100.0%) {0.0%}
2  ... 

Histogram: ServiceWorker.FindRegistrationForClientUrl.IsCalledForNavigation recorded 5 samples, mean = 0.2 (flags = 0x41)
0  ----O                                                                     (4 = 80.0%)
1  -O                                                                        (1 = 20.0%) {80.0%}
2  O                                                                         (0 = 0.0%) {100.0%}

Histogram: ServiceWorker.FindRegistrationForClientUrl.SkippedMojoCall.OnNavigation recorded 1 samples, mean = 0.0 (flags = 0x41)
0  -O                                                                        (1 = 100.0%)
1  ... 

Histogram: ServiceWorker.OnBrowserStartup.SkipServiceWorkerOnFirstNavigation recorded 1 samples, mean = 0.0 (flags = 0x41)
0  -O                                                                        (1 = 100.0%)
1  ... 

Histogram: ServiceWorker.RegisteredStorageKeyCount recorded 1 samples, mean = 0.0 (flags = 0x41)
0  -O                                                                        (1 = 100.0%)
1  ... 

Histogram: ServiceWorker.Storage.ReadInitialDataFromDB.Time recorded 1 samples, mean = 0.0 (flags = 0x41)
0  -O                                                                        (1 = 100.0%)
1  ... 

Histogram: ServiceWorker.Storage.RegisteredStorageKeyCacheInitialization.Time recorded 1 samples, mean = 2496.0 (flags = 0x41)
0     ... 
2415  -O                                                                        (1 = 100.0%) {0.0%}
3069  ... 

Histogram: SessionRestore.UnrecoverableWriteErrorCount recorded 1 samples, mean = 0.0 (flags = 0x41)
0  -O                                                                        (1 = 100.0%)
1  ... 

Histogram: SessionStorageContext.CommitResult recorded 2 samples, mean = 0.0 (flags = 0x41)
0  --O                                                                       (2 = 100.0%)
1  ... 

Histogram: Settings.AdvancedSpellcheck.OnStartup2 recorded 1 samples, mean = 0.0 (flags = 0x41)
0  -O                                                                        (1 = 100.0%)
1  ... 

Histogram: Settings.AutocompleteSearches.OnStartup2 recorded 1 samples, mean = 1.0 (flags = 0x41)
0  O                                                                         (0 = 0.0%)
1  -O                                                                        (1 = 100.0%) {0.0%}
2  O                                                                         (0 = 0.0%) {100.0%}

Histogram: Settings.FingerprintingProtection.Enabled recorded 1 samples, mean = 0.0 (flags = 0x41)
0  -O                                                                        (1 = 100.0%)
1  ... 

Histogram: Settings.FirstPartySets.State recorded 1 samples, mean = 0.0 (flags = 0x41)
0  -O                                                                        (1 = 100.0%)
1  ... 

Histogram: Settings.IpProtection.Enabled recorded 1 samples, mean = 0.0 (flags = 0x41)
0  -O                                                                        (1 = 100.0%)
1  ... 

Histogram: Settings.PreloadStatus.OnStartup3 recorded 1 samples, mean = 1.0 (flags = 0x41)
0  O                                                                         (0 = 0.0%)
1  -O                                                                        (1 = 100.0%) {0.0%}
2  ... 

Histogram: Settings.PrivacySandbox.AdMeasurement.Enabled recorded 1 samples, mean = 0.0 (flags = 0x41)
0  -O                                                                        (1 = 100.0%)
1  ... 

Histogram: Settings.PrivacySandbox.Fledge.Enabled recorded 1 samples, mean = 0.0 (flags = 0x41)
0  -O                                                                        (1 = 100.0%)
1  ... 

Histogram: Settings.PrivacySandbox.Topics.Enabled recorded 1 samples, mean = 0.0 (flags = 0x41)
0  -O                                                                        (1 = 100.0%)
1  ... 

Histogram: Settings.ShowHomeButton2 recorded 1 samples, mean = 0.0 (flags = 0x41)
0  -O                                                                        (1 = 100.0%)
1  ... 

Histogram: Settings.StartupPageLoadSettings2 recorded 1 samples, mean = 5.0 (flags = 0x41)
0  ... 
5  -O                                                                        (1 = 100.0%) {0.0%}
6  ... 

Histogram: Settings.TrackedPreferenceChanged recorded 2 samples, mean = 4.0 (flags = 0x41)
0  ... 
3  -O                                                                        (1 = 50.0%) {0.0%}
4  O                                                                         (0 = 0.0%) {50.0%}
5  -O                                                                        (1 = 50.0%) {50.0%}
6  ... 

Histogram: Settings.TrackedPreferenceCleared recorded 16 samples, mean = 15.8 (flags = 0x41)
0   -O                                                                        (1 = 6.2%)
1   -O                                                                        (1 = 6.2%) {6.2%}
2   -O                                                                        (1 = 6.2%) {12.5%}
3   O                                                                         (0 = 0.0%) {18.8%}
4   -O                                                                        (1 = 6.2%) {18.8%}
5   O                                                                         (0 = 0.0%) {25.0%}
6   -O                                                                        (1 = 6.2%) {25.0%}
7   -O                                                                        (1 = 6.2%) {31.2%}
8   ... 
11  -O                                                                        (1 = 6.2%) {37.5%}
12  ... 
14  -O                                                                        (1 = 6.2%) {43.8%}
15  -O                                                                        (1 = 6.2%) {50.0%}
16  ... 
18  -O                                                                        (1 = 6.2%) {56.2%}
19  ... 
23  -O                                                                        (1 = 6.2%) {62.5%}
24  -O                                                                        (1 = 6.2%) {68.8%}
25  ... 
29  -O                                                                        (1 = 6.2%) {75.0%}
30  ... 
32  -O                                                                        (1 = 6.2%) {81.2%}
33  -O                                                                        (1 = 6.2%) {87.5%}
34  -O                                                                        (1 = 6.2%) {93.8%}
35  O                                                                         (0 = 0.0%) {100.0%}

Histogram: Settings.TrackedPreferenceUnchanged.FromRegistry recorded 18 samples, mean = 14.5 (flags = 0x41)
0   -O                                                                        (1 = 5.6%)
1   -O                                                                        (1 = 5.6%) {5.6%}
2   -O                                                                        (1 = 5.6%) {11.1%}
3   -O                                                                        (1 = 5.6%) {16.7%}
4   -O                                                                        (1 = 5.6%) {22.2%}
5   -O                                                                        (1 = 5.6%) {27.8%}
6   -O                                                                        (1 = 5.6%) {33.3%}
7   -O                                                                        (1 = 5.6%) {38.9%}
8   ... 
11  -O                                                                        (1 = 5.6%) {44.4%}
12  ... 
14  -O                                                                        (1 = 5.6%) {50.0%}
15  -O                                                                        (1 = 5.6%) {55.6%}
16  ... 
18  -O                                                                        (1 = 5.6%) {61.1%}
19  ... 
23  -O                                                                        (1 = 5.6%) {66.7%}
24  -O                                                                        (1 = 5.6%) {72.2%}
25  ... 
29  -O                                                                        (1 = 5.6%) {77.8%}
30  ... 
32  -O                                                                        (1 = 5.6%) {83.3%}
33  -O                                                                        (1 = 5.6%) {88.9%}
34  -O                                                                        (1 = 5.6%) {94.4%}
35  O                                                                         (0 = 0.0%) {100.0%}

Histogram: Settings.TrackedPreferenceWantedReset recorded 2 samples, mean = 4.0 (flags = 0x41)
0  ... 
3  -O                                                                        (1 = 50.0%) {0.0%}
4  O                                                                         (0 = 0.0%) {50.0%}
5  -O                                                                        (1 = 50.0%) {50.0%}
6  ... 

Histogram: Settings.TrackingProtection.Enabled recorded 1 samples, mean = 0.0 (flags = 0x41)
0  -O                                                                        (1 = 100.0%)
1  ... 

Histogram: SharedDictionary.TimeInitializeDB recorded 1 samples, mean = 1.0 (flags = 0x41)
0  O                                                                         (0 = 0.0%)
1  -O                                                                        (1 = 100.0%) {0.0%}
2  ... 

Histogram: Signin.APIKeyMatchesFeatureOnStartup recorded 3 samples, mean = 0.0 (flags = 0x41)
0  ---O                                                                      (3 = 100.0%)
1  ... 

Histogram: Signin.AccountTracker.CountOfLoadedAccounts recorded 1 samples, mean = 0.0 (flags = 0x41)
0  -O                                                                        (1 = 100.0%)
1  ... 

Histogram: Signin.ExplicitSigninMigration recorded 1 samples, mean = 0.0 (flags = 0x41)
0  -O                                                                        (1 = 100.0%)
1  ... 

Histogram: Signin.HadPreviousSyncAccount.SignedOutOnProfileLoad recorded 1 samples, mean = 0.0 (flags = 0x41)
0  -O                                                                        (1 = 100.0%)
1  ... 

Histogram: Signin.HadPreviousSyncAccount.SyncOffOnProfileLoad recorded 1 samples, mean = 0.0 (flags = 0x41)
0  -O                                                                        (1 = 100.0%)
1  ... 

Histogram: Signin.ListAccountsFailure recorded 1 samples, mean = 0.0 (flags = 0x41)
0  -O                                                                        (1 = 100.0%)
1  ... 

Histogram: Signin.PAMInitialize.PrimaryAccountPrefs recorded 1 samples, mean = 2.0 (flags = 0x41)
0  ... 
2  -O                                                                        (1 = 100.0%) {0.0%}
3  ... 

Histogram: Signin.SigninAllowed recorded 1 samples, mean = 0.0 (flags = 0x41)
0  -O                                                                        (1 = 100.0%)
1  ... 

Histogram: Signin.TokenTable.GetAllTokensSqlStatementValidity recorded 1 samples, mean = 1.0 (flags = 0x41)
0  O                                                                         (0 = 0.0%)
1  -O                                                                        (1 = 100.0%) {0.0%}
2  O                                                                         (0 = 0.0%) {100.0%}

Histogram: SimpleCache.App.CacheSizeOnInit recorded 1 samples, mean = 0.0 (flags = 0x41)
0  -O                                                                        (1 = 100.0%)
1000... 

Histogram: SimpleCache.App.ConsistencyResult recorded 1 samples, mean = 0.0 (flags = 0x41)
0  -O                                                                        (1 = 100.0%)
1  ... 

Histogram: SimpleCache.App.CreationToIndex recorded 1 samples, mean = 1.0 (flags = 0x41)
0  O                                                                         (0 = 0.0%)
1  -O                                                                        (1 = 100.0%) {0.0%}
2  ... 

Histogram: SimpleCache.App.IndexFileStateOnLoad recorded 1 samples, mean = 2.0 (flags = 0x41)
0  ... 
2  -O                                                                        (1 = 100.0%) {0.0%}
3  ... 

Histogram: SimpleCache.App.IndexInitializeMethod recorded 1 samples, mean = 1.0 (flags = 0x41)
0  O                                                                         (0 = 0.0%)
1  -O                                                                        (1 = 100.0%) {0.0%}
2  ... 

Histogram: SimpleCache.App.IndexNumEntriesOnInit recorded 1 samples, mean = 0.0 (flags = 0x41)
0  -O                                                                        (1 = 100.0%)
1  ... 

Histogram: SimpleCache.App.MaxCacheSizeOnInit recorded 1 samples, mean = 0.0 (flags = 0x41)
0  -O                                                                        (1 = 100.0%)
1000... 

Histogram: SimpleCache.Code.CacheSizeOnInit recorded 1 samples, mean = 1361.0 (flags = 0x41)
0     ... 
1295  -O                                                                        (1 = 100.0%) {0.0%}
1474  ... 

Histogram: SimpleCache.Code.ConsistencyResult recorded 1 samples, mean = 0.0 (flags = 0x41)
0  -O                                                                        (1 = 100.0%)
1  ... 

Histogram: SimpleCache.Code.CreationToIndex recorded 1 samples, mean = 1.0 (flags = 0x41)
0  O                                                                         (0 = 0.0%)
1  -O                                                                        (1 = 100.0%) {0.0%}
2  ... 

Histogram: SimpleCache.Code.DiskCloseLatency recorded 24 samples, mean = 0.0 (flags = 0x41)
0  ------------------------O                                                 (24 = 100.0%)
1  ... 

Histogram: SimpleCache.Code.DiskCreateLatency recorded 23 samples, mean = 0.5 (flags = 0x40)
0   ----------------------O                                                   (22 = 95.7%)
1   ... 
10  -O                                                                        (1 = 4.3%) {95.7%}
12  ... 

Histogram: SimpleCache.Code.DiskDoomLatency recorded 1 samples, mean = 0.0 (flags = 0x41)
0  -O                                                                        (1 = 100.0%)
1  ... 

Histogram: SimpleCache.Code.DiskOpenLatency recorded 1 samples, mean = 0.0 (flags = 0x41)
0  -O                                                                        (1 = 100.0%)
1  ... 

Histogram: SimpleCache.Code.EntryCreationTime recorded 24 samples, mean = 0.5 (flags = 0x41)
0   -----------------------O                                                  (23 = 95.8%)
1   ... 
10  -O                                                                        (1 = 4.2%) {95.8%}
12  ... 

Histogram: SimpleCache.Code.HeaderSize recorded 23 samples, mean = 36.0 (flags = 0x41)
0   ... 
34  -----------------------O                                                  (23 = 100.0%) {0.0%}
40  ... 

Histogram: SimpleCache.Code.IndexFileStateOnLoad recorded 1 samples, mean = 1.0 (flags = 0x41)
0  O                                                                         (0 = 0.0%)
1  -O                                                                        (1 = 100.0%) {0.0%}
2  ... 

Histogram: SimpleCache.Code.IndexInitializeMethod recorded 1 samples, mean = 0.0 (flags = 0x41)
0  -O                                                                        (1 = 100.0%)
1  ... 

Histogram: SimpleCache.Code.IndexNumEntriesOnInit recorded 1 samples, mean = 48.0 (flags = 0x41)
0   ... 
39  -O                                                                        (1 = 100.0%) {0.0%}
49  ... 

Histogram: SimpleCache.Code.IndexRestoreTime recorded 1 samples, mean = 0.0 (flags = 0x41)
0  -O                                                                        (1 = 100.0%)
10 ... 

Histogram: SimpleCache.Code.MaxCacheSizeOnInit recorded 1 samples, mean = 327680.0 (flags = 0x41)
0       ... 
297881  -O                                                                        (1 = 100.0%) {0.0%}
339058  ... 

Histogram: SimpleCache.Code.OpenEntryIndexState recorded 49 samples, mean = 1.0 (flags = 0x41)
0  O                                                                         (0 = 0.0%)
1  ------------------------------------------------O                         (48 = 98.0%) {0.0%}
2  -O                                                                        (1 = 2.0%) {98.0%}
3  O                                                                         (0 = 0.0%) {100.0%}

Histogram: SimpleCache.Code.StaleIndexExtraEntryCount recorded 1 samples, mean = 0.0 (flags = 0x41)
0  -O                                                                        (1 = 100.0%)
1  ... 

Histogram: SimpleCache.Code.StaleIndexMissedEntryCount recorded 1 samples, mean = 0.0 (flags = 0x41)
0  -O                                                                        (1 = 100.0%)
1  ... 

Histogram: SimpleCache.Code.StaleIndexQuality recorded 1 samples, mean = 0.0 (flags = 0x41)
0  -O                                                                        (1 = 100.0%)
1  ... 

Histogram: SimpleCache.Code.SyncCheckEOFResult recorded 1 samples, mean = 0.0 (flags = 0x40)
0  -O                                                                        (1 = 100.0%)
1  ... 

Histogram: SimpleCache.Code.SyncCloseResult recorded 24 samples, mean = 0.0 (flags = 0x40)
0  ------------------------O                                                 (24 = 100.0%)
1  ... 

Histogram: SimpleCache.Code.SyncOpenPrefetchMode recorded 1 samples, mean = 0.0 (flags = 0x41)
0  -O                                                                        (1 = 100.0%)
1  ... 

Histogram: SimpleCache.Code.SyncOpenResult recorded 1 samples, mean = 0.0 (flags = 0x40)
0  -O                                                                        (1 = 100.0%)
1  ... 

Histogram: SiteEngagementService.EngagementScore recorded 1 samples, mean = 7.0 (flags = 0x41)
0  ... 
7  -O                                                                        (1 = 100.0%) {0.0%}
8  ... 

Histogram: SiteEngagementService.EngagementType recorded 1 samples, mean = 0.0 (flags = 0x41)
0  -O                                                                        (1 = 100.0%)
1  ... 

Histogram: SiteEngagementService.MeanEngagement recorded 1 samples, mean = 7.0 (flags = 0x41)
0  ... 
7  -O                                                                        (1 = 100.0%) {0.0%}
8  ... 

Histogram: SiteEngagementService.MedianEngagement recorded 1 samples, mean = 7.0 (flags = 0x41)
0  ... 
7  -O                                                                        (1 = 100.0%) {0.0%}
8  ... 

Histogram: SiteEngagementService.OriginsEngaged recorded 1 samples, mean = 1.0 (flags = 0x41)
0  O                                                                         (0 = 0.0%)
1  -O                                                                        (1 = 100.0%) {0.0%}
2  ... 

Histogram: SiteIsolatedCodeCache.JS.Behaviour recorded 50 samples, mean = 2.4 (flags = 0x41)
0  -O                                                                        (1 = 2.0%)
1  -------------------------O                                                (25 = 50.0%) {2.0%}
2  -O                                                                        (1 = 2.0%) {52.0%}
3  O                                                                         (0 = 0.0%) {54.0%}
4  -----------------------O                                                  (23 = 46.0%) {54.0%}
5  ... 

Histogram: SiteIsolatedCodeCache.JS.FetchCodeCache recorded 1 samples, mean = 0.0 (flags = 0x41)
0  -O                                                                        (1 = 100.0%)
1  ... 

Histogram: SiteIsolatedCodeCache.JS.Hit recorded 26 samples, mean = 0.0 (flags = 0x41)
0  -------------------------O                                                (25 = 96.2%)
1  -O                                                                        (1 = 3.8%) {96.2%}
2  O                                                                         (0 = 0.0%) {100.0%}

Histogram: SiteIsolatedCodeCache.JS.PotentialMemoryBackedCodeCacheHit recorded 26 samples, mean = 0.0 (flags = 0x41)
0  --------------------------O                                               (26 = 100.0%)
1  ... 

Histogram: SiteIsolatedCodeCache.JS.PotentialMemoryBackedCodeCacheSize2 recorded 11 samples, mean = 27128.0 (flags = 0x41)
0      ... 
26179  -----------O                                                              (11 = 100.0%) {0.0%}
37599  ... 

Histogram: SiteIsolatedCodeCache.WASM.Behaviour recorded 5 samples, mean = 1.0 (flags = 0x41)
0  O                                                                         (0 = 0.0%)
1  -----O                                                                    (5 = 100.0%) {0.0%}
2  ... 

Histogram: SiteIsolation.BrowsingInstance.MaxCountPerProcess recorded 3 samples, mean = 0.7 (flags = 0x41)
0  -O                                                                        (1 = 33.3%)
1  --O                                                                       (2 = 66.7%) {33.3%}
2  ... 

Histogram: SiteIsolation.NewProcessUsedForNavigationWhenSameSiteProcessExists recorded 1 samples, mean = 0.0 (flags = 0x41)
0  -O                                                                        (1 = 100.0%)
1  ... 

Histogram: SiteIsolation.ProcessPerSiteWithMainFrameThreshold.IsDevToolsUser recorded 1 samples, mean = 0.0 (flags = 0x41)
0  -O                                                                        (1 = 100.0%)
1  ... 

Histogram: Skia.SubmitRenderPasses recorded 17 samples, mean = 0.5 (flags = 0x41)
0  ------------O                                                             (12 = 70.6%)
1  ---O                                                                      (3 = 17.6%) {70.6%}
2  -O                                                                        (1 = 5.9%) {88.2%}
3  O                                                                         (0 = 0.0%) {94.1%}
4  -O                                                                        (1 = 5.9%) {94.1%}
5  ... 

Histogram: Sql.Statement.Affiliation.VMSteps recorded 15 samples, mean = 15.5 (flags = 0x41)
0   ... 
3   ----O                                                                     (4 = 26.7%) {0.0%}
4   O                                                                         (0 = 0.0%) {26.7%}
5   -O                                                                        (1 = 6.7%) {26.7%}
6   -O                                                                        (1 = 6.7%) {33.3%}
7   ... 
12  -----O                                                                    (5 = 33.3%) {40.0%}
14  ... 
20  -O                                                                        (1 = 6.7%) {73.3%}
24  O                                                                         (0 = 0.0%) {80.0%}
29  -O                                                                        (1 = 6.7%) {80.0%}
34  O                                                                         (0 = 0.0%) {86.7%}
40  -O                                                                        (1 = 6.7%) {86.7%}
48  -O                                                                        (1 = 6.7%) {93.3%}
57  ... 

Histogram: Sql.Statement.BrowsingTopics.VMSteps recorded 12 samples, mean = 8.0 (flags = 0x41)
0   ... 
3   ----O                                                                     (4 = 33.3%) {0.0%}
4   O                                                                         (0 = 0.0%) {33.3%}
5   -O                                                                        (1 = 8.3%) {33.3%}
6   ... 
8   --O                                                                       (2 = 16.7%) {41.7%}
10  O                                                                         (0 = 0.0%) {58.3%}
12  -----O                                                                    (5 = 41.7%) {58.3%}
14  ... 

Histogram: Sql.Statement.Cookie.VMSteps recorded 26 samples, mean = 15.9 (flags = 0x41)
0   ... 
3   ------O                                                                   (6 = 23.1%) {0.0%}
4   O                                                                         (0 = 0.0%) {23.1%}
5   --O                                                                       (2 = 7.7%) {23.1%}
6   O                                                                         (0 = 0.0%) {30.8%}
7   --O                                                                       (2 = 7.7%) {30.8%}
8   ... 
12  ----------O                                                               (10 = 38.5%) {38.5%}
14  ... 
20  ---O                                                                      (3 = 11.5%) {76.9%}
24  ... 
57  ---O                                                                      (3 = 11.5%) {88.5%}
68  ... 

Histogram: Sql.Statement.DIPS.VMSteps recorded 30 samples, mean = 12.9 (flags = 0x41)
0   ... 
3   --O                                                                       (2 = 6.7%) {0.0%}
4   O                                                                         (0 = 0.0%) {6.7%}
5   -O                                                                        (1 = 3.3%) {6.7%}
6   ... 
8   -----O                                                                    (5 = 16.7%) {10.0%}
10  ---O                                                                      (3 = 10.0%) {26.7%}
12  -----------O                                                              (11 = 36.7%) {36.7%}
14  --O                                                                       (2 = 6.7%) {73.3%}
17  --O                                                                       (2 = 6.7%) {80.0%}
20  --O                                                                       (2 = 6.7%) {86.7%}
24  -O                                                                        (1 = 3.3%) {93.3%}
29  -O                                                                        (1 = 3.3%) {96.7%}
34  ... 

Histogram: Sql.Statement.FirstPartySets.VMSteps recorded 31 samples, mean = 9.2 (flags = 0x41)
0   ... 
3   ----------O                                                               (10 = 32.3%) {0.0%}
4   O                                                                         (0 = 0.0%) {32.3%}
5   -O                                                                        (1 = 3.2%) {32.3%}
6   ... 
8   ----O                                                                     (4 = 12.9%) {35.5%}
10  ---O                                                                      (3 = 9.7%) {48.4%}
12  -----------O                                                              (11 = 35.5%) {58.1%}
14  ... 
20  -O                                                                        (1 = 3.2%) {93.5%}
24  -O                                                                        (1 = 3.2%) {96.8%}
29  ... 

Histogram: Sql.Statement.History.VMSteps recorded 124 samples, mean = 24.4 (flags = 0x41)
0    ... 
3    ------O                                                                   (6 = 4.8%) {0.0%}
4    O                                                                         (0 = 0.0%) {4.8%}
5    -O                                                                        (1 = 0.8%) {4.8%}
6    --O                                                                       (2 = 1.6%) {5.6%}
7    O                                                                         (0 = 0.0%) {7.3%}
8    ----O                                                                     (4 = 3.2%) {7.3%}
10   ----O                                                                     (4 = 3.2%) {10.5%}
12   -------------------------------O                                          (31 = 25.0%) {13.7%}
14   --O                                                                       (2 = 1.6%) {38.7%}
17   -------------------------O                                                (25 = 20.2%) {40.3%}
20   -----------------------O                                                  (23 = 18.5%) {60.5%}
24   ---------O                                                                (9 = 7.3%) {79.0%}
29   ---O                                                                      (3 = 2.4%) {86.3%}
34   -O                                                                        (1 = 0.8%) {88.7%}
40   O                                                                         (0 = 0.0%) {89.5%}
48   -O                                                                        (1 = 0.8%) {89.5%}
57   -O                                                                        (1 = 0.8%) {90.3%}
68   ------O                                                                   (6 = 4.8%) {91.1%}
81   -O                                                                        (1 = 0.8%) {96.0%}
96   -O                                                                        (1 = 0.8%) {96.8%}
114  O                                                                         (0 = 0.0%) {97.6%}
135  ---O                                                                      (3 = 2.4%) {97.6%}
160  ... 

Histogram: Sql.Statement.OptOutBlacklist.VMSteps recorded 4 samples, mean = 10.8 (flags = 0x41)
0   ... 
5   -O                                                                        (1 = 25.0%) {0.0%}
6   O                                                                         (0 = 0.0%) {25.0%}
7   -O                                                                        (1 = 25.0%) {25.0%}
8   O                                                                         (0 = 0.0%) {50.0%}
10  -O                                                                        (1 = 25.0%) {50.0%}
12  ... 
20  -O                                                                        (1 = 25.0%) {75.0%}
24  ... 

Histogram: Sql.Statement.Passwords.VMSteps recorded 51 samples, mean = 24.6 (flags = 0x41)
0   ... 
3   ----O                                                                     (4 = 7.8%) {0.0%}
4   O                                                                         (0 = 0.0%) {7.8%}
5   --O                                                                       (2 = 3.9%) {7.8%}
6   ------O                                                                   (6 = 11.8%) {11.8%}
7   ----O                                                                     (4 = 7.8%) {23.5%}
8   ---O                                                                      (3 = 5.9%) {31.4%}
10  O                                                                         (0 = 0.0%) {37.3%}
12  ------------O                                                             (12 = 23.5%) {37.3%}
14  --O                                                                       (2 = 3.9%) {60.8%}
17  O                                                                         (0 = 0.0%) {64.7%}
20  --O                                                                       (2 = 3.9%) {64.7%}
24  ... 
34  --O                                                                       (2 = 3.9%) {68.6%}
40  ----O                                                                     (4 = 7.8%) {72.5%}
48  O                                                                         (0 = 0.0%) {80.4%}
57  ----O                                                                     (4 = 7.8%) {80.4%}
68  ------O                                                                   (6 = 11.8%) {88.2%}
81  ... 

Histogram: Sql.Statement.Predictor.VMSteps recorded 15 samples, mean = 15.4 (flags = 0x41)
0   ... 
3   --O                                                                       (2 = 13.3%) {0.0%}
4   O                                                                         (0 = 0.0%) {13.3%}
5   -O                                                                        (1 = 6.7%) {13.3%}
6   ---O                                                                      (3 = 20.0%) {20.0%}
7   O                                                                         (0 = 0.0%) {40.0%}
8   -O                                                                        (1 = 6.7%) {40.0%}
10  --O                                                                       (2 = 13.3%) {46.7%}
12  -O                                                                        (1 = 6.7%) {60.0%}
14  -O                                                                        (1 = 6.7%) {66.7%}
17  ... 
24  -O                                                                        (1 = 6.7%) {73.3%}
29  -O                                                                        (1 = 6.7%) {80.0%}
34  O                                                                         (0 = 0.0%) {86.7%}
40  -O                                                                        (1 = 6.7%) {86.7%}
48  -O                                                                        (1 = 6.7%) {93.3%}
57  ... 

Histogram: Sql.Statement.Quota.VMSteps recorded 15 samples, mean = 8.8 (flags = 0x41)
0   ... 
3   ----O                                                                     (4 = 26.7%) {0.0%}
4   O                                                                         (0 = 0.0%) {26.7%}
5   -O                                                                        (1 = 6.7%) {26.7%}
6   ... 
8   --O                                                                       (2 = 13.3%) {33.3%}
10  O                                                                         (0 = 0.0%) {46.7%}
12  --------O                                                                 (8 = 53.3%) {46.7%}
14  ... 

Histogram: Sql.Statement.ReportingAndNEL.VMSteps recorded 12 samples, mean = 13.8 (flags = 0x41)
0   ... 
3   --O                                                                       (2 = 16.7%) {0.0%}
4   O                                                                         (0 = 0.0%) {16.7%}
5   -O                                                                        (1 = 8.3%) {16.7%}
6   -O                                                                        (1 = 8.3%) {25.0%}
7   ... 
12  -----O                                                                    (5 = 41.7%) {33.3%}
14  ... 
20  -O                                                                        (1 = 8.3%) {75.0%}
24  O                                                                         (0 = 0.0%) {83.3%}
29  -O                                                                        (1 = 8.3%) {83.3%}
34  -O                                                                        (1 = 8.3%) {91.7%}
40  ... 

Histogram: Sql.Statement.SharedDictionary.VMSteps recorded 20 samples, mean = 9.1 (flags = 0x41)
0   ... 
3   --------O                                                                 (8 = 40.0%) {0.0%}
4   O                                                                         (0 = 0.0%) {40.0%}
5   -O                                                                        (1 = 5.0%) {40.0%}
6   ... 
8   -O                                                                        (1 = 5.0%) {45.0%}
10  O                                                                         (0 = 0.0%) {50.0%}
12  -------O                                                                  (7 = 35.0%) {50.0%}
14  O                                                                         (0 = 0.0%) {85.0%}
17  --O                                                                       (2 = 10.0%) {85.0%}
20  -O                                                                        (1 = 5.0%) {95.0%}
24  ... 

Histogram: Sql.Statement.SharedStorage.VMSteps recorded 3 samples, mean = 7.7 (flags = 0x41)
0   ... 
5   -O                                                                        (1 = 33.3%) {0.0%}
6   ... 
8   -O                                                                        (1 = 33.3%) {33.3%}
10  -O                                                                        (1 = 33.3%) {66.7%}
12  ... 

Histogram: Sql.Statement.Thumbnail.VMSteps recorded 22 samples, mean = 12.4 (flags = 0x41)
0   ... 
3   ------O                                                                   (6 = 27.3%) {0.0%}
4   O                                                                         (0 = 0.0%) {27.3%}
5   -O                                                                        (1 = 4.5%) {27.3%}
6   ... 
8   -O                                                                        (1 = 4.5%) {31.8%}
10  O                                                                         (0 = 0.0%) {36.4%}
12  ----------O                                                               (10 = 45.5%) {36.4%}
14  ... 
20  -O                                                                        (1 = 4.5%) {81.8%}
24  O                                                                         (0 = 0.0%) {86.4%}
29  ---O                                                                      (3 = 13.6%) {86.4%}
34  ... 

Histogram: Sql.Statement.TopSites.VMSteps recorded 20 samples, mean = 13.6 (flags = 0x41)
0   ... 
3   ----O                                                                     (4 = 20.0%) {0.0%}
4   O                                                                         (0 = 0.0%) {20.0%}
5   -O                                                                        (1 = 5.0%) {20.0%}
6   ... 
12  -----------O                                                              (11 = 55.0%) {25.0%}
14  ... 
20  --O                                                                       (2 = 10.0%) {80.0%}
24  ... 
34  -O                                                                        (1 = 5.0%) {90.0%}
40  -O                                                                        (1 = 5.0%) {95.0%}
48  ... 

Histogram: Sql.Statement.TrustTokens.VMSteps recorded 16 samples, mean = 14.1 (flags = 0x41)
0   ... 
3   --O                                                                       (2 = 12.5%) {0.0%}
4   O                                                                         (0 = 0.0%) {12.5%}
5   -O                                                                        (1 = 6.2%) {12.5%}
6   ---O                                                                      (3 = 18.8%) {18.8%}
7   ... 
10  -O                                                                        (1 = 6.2%) {37.5%}
12  -----O                                                                    (5 = 31.2%) {43.8%}
14  ... 
20  -O                                                                        (1 = 6.2%) {75.0%}
24  O                                                                         (0 = 0.0%) {81.2%}
29  -O                                                                        (1 = 6.2%) {81.2%}
34  --O                                                                       (2 = 12.5%) {87.5%}
40  ... 

Histogram: Sql.Statement.UKMMetrics.VMSteps recorded 30 samples, mean = 13.0 (flags = 0x41)
0   ... 
3   -----O                                                                    (5 = 16.7%) {0.0%}
4   O                                                                         (0 = 0.0%) {16.7%}
5   -O                                                                        (1 = 3.3%) {16.7%}
6   ... 
8   --------O                                                                 (8 = 26.7%) {20.0%}
10  O                                                                         (0 = 0.0%) {46.7%}
12  ------O                                                                   (6 = 20.0%) {46.7%}
14  O                                                                         (0 = 0.0%) {66.7%}
17  -O                                                                        (1 = 3.3%) {66.7%}
20  -------O                                                                  (7 = 23.3%) {70.0%}
24  O                                                                         (0 = 0.0%) {93.3%}
29  -O                                                                        (1 = 3.3%) {93.3%}
34  O                                                                         (0 = 0.0%) {96.7%}
40  -O                                                                        (1 = 3.3%) {96.7%}
48  ... 

Histogram: Sql.Statement.Web.VMSteps recorded 117 samples, mean = 52.7 (flags = 0x41)
0    ... 
3    --------O                                                                 (8 = 6.8%) {0.0%}
4    -O                                                                        (1 = 0.9%) {6.8%}
5    -O                                                                        (1 = 0.9%) {7.7%}
6    ------------O                                                             (12 = 10.3%) {8.5%}
7    ----------O                                                               (10 = 8.5%) {18.8%}
8    -------O                                                                  (7 = 6.0%) {27.4%}
10   ---------O                                                                (9 = 7.7%) {33.3%}
12   --------------O                                                           (14 = 12.0%) {41.0%}
14   -O                                                                        (1 = 0.9%) {53.0%}
17   ---O                                                                      (3 = 2.6%) {53.8%}
20   -O                                                                        (1 = 0.9%) {56.4%}
24   -O                                                                        (1 = 0.9%) {57.3%}
29   --O                                                                       (2 = 1.7%) {58.1%}
34   --O                                                                       (2 = 1.7%) {59.8%}
40   --O                                                                       (2 = 1.7%) {61.5%}
48   ---O                                                                      (3 = 2.6%) {63.2%}
57   ----O                                                                     (4 = 3.4%) {65.8%}
68   ----O                                                                     (4 = 3.4%) {69.2%}
81   --O                                                                       (2 = 1.7%) {72.6%}
96   -------O                                                                  (7 = 6.0%) {74.4%}
114  -----O                                                                    (5 = 4.3%) {80.3%}
135  -------O                                                                  (7 = 6.0%) {84.6%}
160  -----O                                                                    (5 = 4.3%) {90.6%}
190  ------O                                                                   (6 = 5.1%) {94.9%}
226  ... 

Histogram: Sql.vfs.SyncTime recorded 52 samples, mean = 40.6 (flags = 0x41)
0    -O                                                                        (1 = 1.9%)
1    ... 
10   ------O                                                                   (6 = 11.5%) {1.9%}
12   -O                                                                        (1 = 1.9%) {13.5%}
14   O                                                                         (0 = 0.0%) {15.4%}
17   -O                                                                        (1 = 1.9%) {15.4%}
20   -----O                                                                    (5 = 9.6%) {17.3%}
24   ----------O                                                               (10 = 19.2%) {26.9%}
29   ----O                                                                     (4 = 7.7%) {46.2%}
34   ----O                                                                     (4 = 7.7%) {53.8%}
40   ----O                                                                     (4 = 7.7%) {61.5%}
48   ----O                                                                     (4 = 7.7%) {69.2%}
57   ------O                                                                   (6 = 11.5%) {76.9%}
68   -O                                                                        (1 = 1.9%) {88.5%}
81   -O                                                                        (1 = 1.9%) {90.4%}
96   --O                                                                       (2 = 3.8%) {92.3%}
114  --O                                                                       (2 = 3.8%) {96.2%}
135  ... 

Histogram: Stability.Counts2 recorded 9 samples, mean = 25.2 (flags = 0x43)
0   ... 
2   -O                                                                        (1 = 11.1%) {0.0%}
3   ... 
15  -O                                                                        (1 = 11.1%) {11.1%}
16  ... 
26  ---O                                                                      (3 = 33.3%) {22.2%}
27  ... 
33  ----O                                                                     (4 = 44.4%) {55.6%}
34  O                                                                         (0 = 0.0%) {100.0%}

Histogram: Stability.Experimental.PageLoads recorded 1 samples, mean = 17.0 (flags = 0x41)
0   ... 
17  -O                                                                        (1 = 100.0%) {0.0%}
18  O                                                                         (0 = 0.0%) {100.0%}

Histogram: Startup.AfterStartupTaskCount recorded 1 samples, mean = 2.0 (flags = 0x41)
0  ... 
2  -O                                                                        (1 = 100.0%) {0.0%}
3  ... 

Histogram: Startup.AfterStartupTaskDelayedUntilTime recorded 1 samples, mean = 23828.0 (flags = 0x41)
0      ... 
20614  -O                                                                        (1 = 100.0%) {0.0%}
27929  ... 

Histogram: Startup.BrowserMainRunnerImplInitializeLongTime recorded 1 samples, mean = 67.0 (flags = 0x41)
0   ... 
67  -O                                                                        (1 = 100.0%) {0.0%}
77  ... 

Histogram: Startup.BrowserMessageLoopFirstIdle recorded 1 samples, mean = 3498626.0 (flags = 0x41)
0        ... 
3118920  -O                                                                        (1 = 100.0%) {0.0%}
3600000  O                                                                         (0 = 0.0%) {100.0%}

Histogram: Startup.BrowserMessageLoopStartTime recorded 1 samples, mean = 75.0 (flags = 0x41)
0   ... 
67  -O                                                                        (1 = 100.0%) {0.0%}
77  ... 

Histogram: Startup.CreateFirstProfile recorded 1 samples, mean = 37.0 (flags = 0x41)
0   ... 
35  -O                                                                        (1 = 100.0%) {0.0%}
47  ... 

Histogram: Startup.FirstWebContents.FinishReason recorded 1 samples, mean = 6.0 (flags = 0x41)
0  ... 
6  -O                                                                        (1 = 100.0%) {0.0%}
7  ... 

Histogram: Startup.LoadTime.ApplicationStartToChromeMain recorded 1 samples, mean = 0.0 (flags = 0x41)
0  -O                                                                        (1 = 100.0%)
1  ... 

Histogram: Startup.LoadTime.ProcessCreateToApplicationStart recorded 1 samples, mean = 16355.0 (flags = 0x41)
0      ... 
15215  -O                                                                        (1 = 100.0%) {0.0%}
20614  ... 

Histogram: Startup.LoadTime.RecordedProcessCreation recorded 1 samples, mean = 1.0 (flags = 0x1)
0  O                                                                         (0 = 0.0%)
1  -O                                                                        (1 = 100.0%) {0.0%}
2  O                                                                         (0 = 0.0%) {100.0%}

Histogram: Startup.PreMainMessageLoopRunImplLongTime recorded 1 samples, mean = 43.0 (flags = 0x41)
0   ... 
43  -O                                                                        (1 = 100.0%) {0.0%}
50  ... 

Histogram: Startup.Renderer.LoadTime.ApplicationStartToRendererStartRunLoop recorded 1 samples, mean = 14.0 (flags = 0x41)
0   ... 
13  -O                                                                        (1 = 100.0%) {0.0%}
16  ... 

Histogram: Startup.Renderer.LoadTime.ChromeMainToRendererStartRunLoop recorded 1 samples, mean = 14.0 (flags = 0x41)
0   ... 
13  -O                                                                        (1 = 100.0%) {0.0%}
16  ... 

Histogram: Startup.Renderer.LoadTime.ProcessCreationToRendererStartRunLoop recorded 1 samples, mean = 40.0 (flags = 0x41)
0   ... 
32  -O                                                                        (1 = 100.0%) {0.0%}
41  ... 

Histogram: Startup.Temperature recorded 1 samples, mean = 3.0 (flags = 0x41)
0  ... 
3  -O                                                                        (1 = 100.0%) {0.0%}
4  O                                                                         (0 = 0.0%) {100.0%}

Histogram: Storage.Blob.CreateDirectoryResult recorded 1 samples, mean = 0.0 (flags = 0x41)
0  -O                                                                        (1 = 100.0%)
1  ... 

Histogram: Storage.SessionStorage.RendererAreaCacheHit recorded 2 samples, mean = 1.0 (flags = 0x41)
0  -O                                                                        (1 = 50.0%)
1  O                                                                         (0 = 0.0%) {50.0%}
2  -O                                                                        (1 = 50.0%) {50.0%}
3  O                                                                         (0 = 0.0%) {100.0%}

Histogram: Storage.SharedStorage.Database.Timing.OpenImpl recorded 1 samples, mean = 0.0 (flags = 0x41)
0  -O                                                                        (1 = 100.0%)
1  ... 

Histogram: Storage.SharedStorage.OnShutdown.NumSqlErrors recorded 1 samples, mean = 0.0 (flags = 0x41)
0  -O                                                                        (1 = 100.0%)
1  ... 

Histogram: Storage.SharedStorage.OnShutdown.RecoveryFromInitFailureAttempted recorded 1 samples, mean = 0.0 (flags = 0x41)
0  -O                                                                        (1 = 100.0%)
1  ... 

Histogram: Storage.SharedStorage.OnShutdown.RecoveryOnDiskAttempted recorded 1 samples, mean = 0.0 (flags = 0x41)
0  -O                                                                        (1 = 100.0%)
1  ... 

Histogram: Storage.SharedStorage.Worklet.NumPerPage recorded 1 samples, mean = 0.0 (flags = 0x41)
0  -O                                                                        (1 = 100.0%)
1  ... 

Histogram: Storage.SharedStorage.Worklet.SelectURL.CallsPerPage recorded 1 samples, mean = 0.0 (flags = 0x41)
0  -O                                                                        (1 = 100.0%)
1  ... 

Histogram: Style.InvalidationTime recorded 2 samples, mean = 61.0 (flags = 0x41)
0   ... 
55  --O                                                                       (2 = 100.0%) {0.0%}
76  ... 

Histogram: Style.RebuildLayoutTreeTime recorded 8 samples, mean = 365.0 (flags = 0x41)
0     ... 
11    -O                                                                        (1 = 12.5%) {0.0%}
15    ... 
40    ---O                                                                      (3 = 37.5%) {12.5%}
55    -O                                                                        (1 = 12.5%) {50.0%}
76    -O                                                                        (1 = 12.5%) {62.5%}
105   -O                                                                        (1 = 12.5%) {75.0%}
146   ... 
2008  -O                                                                        (1 = 12.5%) {87.5%}
2786  ... 

Histogram: Style.RecalcTime recorded 10 samples, mean = 1944.8 (flags = 0x41)
0     O                                                                         (0 = 0.0%)
1     -O                                                                        (1 = 10.0%) {0.0%}
2     ... 
40    -O                                                                        (1 = 10.0%) {10.0%}
55    ... 
105   -O                                                                        (1 = 10.0%) {20.0%}
146   -O                                                                        (1 = 10.0%) {30.0%}
203   --O                                                                       (2 = 20.0%) {40.0%}
282   ... 
2786  -O                                                                        (1 = 10.0%) {60.0%}
3865  --O                                                                       (2 = 20.0%) {70.0%}
5362  -O                                                                        (1 = 10.0%) {90.0%}
7439  ... 

Histogram: SubresourceFilter.MainFrameLoad.RulesetIsAvailableAnyActivationLevel recorded 1 samples, mean = 0.0 (flags = 0x41)
0  -O                                                                        (1 = 100.0%)
1  ... 

Histogram: SubresourceFilter.PageLoad.ActivationDecision recorded 1 samples, mean = 1.0 (flags = 0x41)
0  O                                                                         (0 = 0.0%)
1  -O                                                                        (1 = 100.0%) {0.0%}
2  ... 

Histogram: SubresourceFilter.PageLoad.ActivationList recorded 1 samples, mean = 0.0 (flags = 0x41)
0  -O                                                                        (1 = 100.0%)
1  ... 

Histogram: SubresourceFilter.PageLoad.ActivationState recorded 2 samples, mean = 0.0 (flags = 0x41)
0  --O                                                                       (2 = 100.0%)
1  ... 

Histogram: SubresourceFilter.PageLoad.SafeBrowsingDelay recorded 1 samples, mean = 0.0 (flags = 0x41)
0  -O                                                                        (1 = 100.0%)
1  ... 

Histogram: SubresourceFilter.SafeBrowsing.TotalCheckTime recorded 3 samples, mean = 0.0 (flags = 0x41)
0  ---O                                                                      (3 = 100.0%)
1  ... 

Histogram: Sync.ModelTypeErrorSite.DEVICE_INFO recorded 1 samples, mean = 0.0 (flags = 0x41)
0  -O                                                                        (1 = 100.0%)
1  ... 

Histogram: Sync.ModelTypeErrorSite.READING_LIST recorded 2 samples, mean = 0.0 (flags = 0x41)
0  --O                                                                       (2 = 100.0%)
1  ... 

Histogram: Sync.ModelTypeErrorSite.SEND_TAB_TO_SELF recorded 1 samples, mean = 0.0 (flags = 0x41)
0  -O                                                                        (1 = 100.0%)
1  ... 

Histogram: Sync.ModelTypeErrorSite.WEB_APP recorded 1 samples, mean = 0.0 (flags = 0x41)
0  -O                                                                        (1 = 100.0%)
1  ... 

Histogram: Sync.ModelTypeStoreBackendError.Init recorded 1 samples, mean = 5.0 (flags = 0x41)
0  ... 
5  -O                                                                        (1 = 100.0%) {0.0%}
6  O                                                                         (0 = 0.0%) {100.0%}

Histogram: Sync.ModelTypeStoreBackendInitializationSuccess recorded 1 samples, mean = 0.0 (flags = 0x41)
0  -O                                                                        (1 = 100.0%)
1  ... 

Histogram: Sync.PassphraseType2 recorded 1 samples, mean = 0.0 (flags = 0x41)
0  -O                                                                        (1 = 100.0%)
1  ... 

Histogram: Sync.SyncToSigninMigrationDecision recorded 1 samples, mean = 1.0 (flags = 0x41)
0  O                                                                         (0 = 0.0%)
1  -O                                                                        (1 = 100.0%) {0.0%}
2  ... 

Histogram: Sync.TrustedVaultFileReadStatus recorded 1 samples, mean = 0.0 (flags = 0x41)
0  -O                                                                        (1 = 100.0%)
1  ... 

Histogram: Sync.TrustedVaultFileWriteSuccess recorded 1 samples, mean = 1.0 (flags = 0x41)
0  O                                                                         (0 = 0.0%)
1  -O                                                                        (1 = 100.0%) {0.0%}
2  O                                                                         (0 = 0.0%) {100.0%}

Histogram: TabGroups.CollapsedGroupCountPerLoad recorded 1 samples, mean = 0.0 (flags = 0x41)
0  -O                                                                        (1 = 100.0%)
1  ... 

Histogram: TabGroups.UserCustomizedGroupCountPerLoad recorded 1 samples, mean = 0.0 (flags = 0x41)
0  -O                                                                        (1 = 100.0%)
1  ... 

Histogram: TabGroups.UserGroupCountPerLoad recorded 1 samples, mean = 0.0 (flags = 0x41)
0  -O                                                                        (1 = 100.0%)
1  ... 

Histogram: TabGroups.UserPinnedTabCountPerLoad recorded 1 samples, mean = 0.0 (flags = 0x41)
0  -O                                                                        (1 = 100.0%)
1  ... 

Histogram: Tabs.NewNavigationWithSameOriginTab recorded 1 samples, mean = 0.0 (flags = 0x41)
0  -O                                                                        (1 = 100.0%)
1  ... 

Histogram: Tabs.TabCount recorded 11 samples, mean = 0.0 (flags = 0x41)
0  -----------O                                                              (11 = 100.0%)
1  ... 

Histogram: Tabs.TabCount.PluggedIn recorded 11 samples, mean = 0.0 (flags = 0x41)
0  -----------O                                                              (11 = 100.0%)
1  ... 

Histogram: Tabs.TabCountPerLoad recorded 1 samples, mean = 0.0 (flags = 0x41)
0  -O                                                                        (1 = 100.0%)
1  ... 

Histogram: Tabs.WindowCount recorded 11 samples, mean = 0.0 (flags = 0x41)
0  -----------O                                                              (11 = 100.0%)
1  ... 

Histogram: Tabs.WindowCount.PluggedIn recorded 11 samples, mean = 0.0 (flags = 0x41)
0  -----------O                                                              (11 = 100.0%)
1  ... 

Histogram: ThirdPartyModules.InputMethodEditorsCount recorded 1 samples, mean = 0.0 (flags = 0x41)
0  -O                                                                        (1 = 100.0%)
1  ... 

Histogram: ThreadPool.UnnecessaryWakeup.Browser.Background recorded 2 samples, mean = 1.0 (flags = 0x41)
0  O                                                                         (0 = 0.0%)
1  --O                                                                       (2 = 100.0%) {0.0%}
2  O                                                                         (0 = 0.0%) {100.0%}

Histogram: ThreadPool.UnnecessaryWakeup.Browser.Foreground recorded 30 samples, mean = 1.0 (flags = 0x41)
0  O                                                                         (0 = 0.0%)
1  ------------------------------O                                           (30 = 100.0%) {0.0%}
2  O                                                                         (0 = 0.0%) {100.0%}

Histogram: ThreadPool.UnnecessaryWakeup.ContentChild.Background recorded 1 samples, mean = 1.0 (flags = 0x41)
0  O                                                                         (0 = 0.0%)
1  -O                                                                        (1 = 100.0%) {0.0%}
2  O                                                                         (0 = 0.0%) {100.0%}

Histogram: ThreadPool.UnnecessaryWakeup.ContentChild.Foreground recorded 5 samples, mean = 1.0 (flags = 0x41)
0  O                                                                         (0 = 0.0%)
1  -----O                                                                    (5 = 100.0%) {0.0%}
2  O                                                                         (0 = 0.0%) {100.0%}

Histogram: ThreadPool.UnnecessaryWakeup.GPU.Foreground recorded 2 samples, mean = 1.0 (flags = 0x41)
0  O                                                                         (0 = 0.0%)
1  --O                                                                       (2 = 100.0%) {0.0%}
2  O                                                                         (0 = 0.0%) {100.0%}

Histogram: ThreadPool.UnnecessaryWakeup.Renderer.Foreground recorded 81 samples, mean = 1.0 (flags = 0x41)
0  O                                                                         (0 = 0.0%)
1  ------------------------------------------------------------------------O (81 = 100.0%) {0.0%}
2  O                                                                         (0 = 0.0%) {100.0%}

Histogram: Translate.ApplicationStart.AlwaysTranslateLanguage.Count recorded 1 samples, mean = 0.0 (flags = 0x41)
0  -O                                                                        (1 = 100.0%)
1  ... 

Histogram: Translate.ApplicationStart.NeverTranslateLanguage recorded 1 samples (flags = 0x41)
-74147910-O                                                                        (1 = 100.0%)

Histogram: Translate.ApplicationStart.NeverTranslateLanguage.Count recorded 1 samples, mean = 1.0 (flags = 0x41)
0  O                                                                         (0 = 0.0%)
1  -O                                                                        (1 = 100.0%) {0.0%}
2  ... 

Histogram: Translate.ApplicationStart.NeverTranslateSite.Count recorded 1 samples, mean = 0.0 (flags = 0x41)
0  -O                                                                        (1 = 100.0%)
1  ... 

Histogram: Translate.LanguageDetection.LanguageVerification recorded 1 samples, mean = 2.0 (flags = 0x41)
0  ... 
2  -O                                                                        (1 = 100.0%) {0.0%}
3  ... 

Histogram: Translate.LanguageDeterminedDuration recorded 1 samples, mean = 486.0 (flags = 0x41)
0    ... 
398  -O                                                                        (1 = 100.0%) {0.0%}
539  ... 

Histogram: Translate.PageLoad.FinalSourceLanguage recorded 1 samples (flags = 0x41)
-74147910-O                                                                        (1 = 100.0%)

Histogram: Translate.PageLoad.FinalState recorded 1 samples, mean = 1.0 (flags = 0x41)
0  O                                                                         (0 = 0.0%)
1  -O                                                                        (1 = 100.0%) {0.0%}
2  ... 

Histogram: Translate.PageLoad.FinalTargetLanguage recorded 1 samples (flags = 0x41)
-74147910-O                                                                        (1 = 100.0%)

Histogram: Translate.PageLoad.InitialSourceLanguage recorded 1 samples (flags = 0x41)
-74147910-O                                                                        (1 = 100.0%)

Histogram: Translate.PageLoad.InitialState recorded 1 samples, mean = 1.0 (flags = 0x41)
0  O                                                                         (0 = 0.0%)
1  -O                                                                        (1 = 100.0%) {0.0%}
2  ... 

Histogram: Translate.PageLoad.InitialTargetLanguage recorded 1 samples (flags = 0x41)
-74147910-O                                                                        (1 = 100.0%)

Histogram: Translate.PageLoad.InitialTargetLanguage.Origin recorded 1 samples, mean = 1.0 (flags = 0x41)
0  O                                                                         (0 = 0.0%)
1  -O                                                                        (1 = 100.0%) {0.0%}
2  ... 

Histogram: Translate.PageLoad.IsInitialSourceLanguageInUsersContentLanguages recorded 1 samples, mean = 1.0 (flags = 0x41)
0  O                                                                         (0 = 0.0%)
1  -O                                                                        (1 = 100.0%) {0.0%}
2  O                                                                         (0 = 0.0%) {100.0%}

Histogram: Translate.PageLoad.NumReversions recorded 1 samples, mean = 0.0 (flags = 0x41)
0  -O                                                                        (1 = 100.0%)
1  ... 

Histogram: Translate.PageLoad.NumTargetLanguageChanges recorded 1 samples, mean = 0.0 (flags = 0x41)
0  -O                                                                        (1 = 100.0%)
1  ... 

Histogram: Translate.PageLoad.NumTranslations recorded 1 samples, mean = 0.0 (flags = 0x41)
0  -O                                                                        (1 = 100.0%)
1  ... 

Histogram: Translate.PageLoad.Ranker.Decision recorded 1 samples, mean = 1.0 (flags = 0x41)
0  O                                                                         (0 = 0.0%)
1  -O                                                                        (1 = 100.0%) {0.0%}
2  ... 

Histogram: Translate.PageLoad.Ranker.Version recorded 1 samples (flags = 0x41)
0  -O                                                                        (1 = 100.0%)

Histogram: Translate.PageLoad.TriggerDecision recorded 1 samples, mean = 4.0 (flags = 0x41)
0  ... 
4  -O                                                                        (1 = 100.0%) {0.0%}
5  ... 

Histogram: Translate.Ranker.Model.Status2 recorded 2 samples, mean = 6.5 (flags = 0x41)
0  ... 
6  -O                                                                        (1 = 50.0%) {0.0%}
7  -O                                                                        (1 = 50.0%) {50.0%}
8  O                                                                         (0 = 0.0%) {100.0%}

Histogram: UI.DeviceScale recorded 1 samples (flags = 0x41)
100  -O                                                                        (1 = 100.0%)

Histogram: UKM.Entries.Dropped recorded 156 samples, mean = 1.0 (flags = 0x41)
0  O                                                                         (0 = 0.0%)
1  ------------------------------------------------------------------------O (156 = 100.0%) {0.0%}
2  ... 

Histogram: UKM.Entries.Dropped.ByEntryHash recorded 156 samples (flags = 0x41)
58315124    -O                                                                        (1 = 0.6%)
181657211   --O                                                                       (2 = 1.3%)
189164898   -O                                                                        (1 = 0.6%)
251237400   -O                                                                        (1 = 0.6%)
270025173   -O                                                                        (1 = 0.6%)
277070773   -O                                                                        (1 = 0.6%)
385121421   -O                                                                        (1 = 0.6%)
480593958   ----O                                                                     (4 = 2.6%)
532600439   ---O                                                                      (3 = 1.9%)
575234402   -O                                                                        (1 = 0.6%)
624513781   -O                                                                        (1 = 0.6%)
654949485   ----------O                                                               (10 = 6.4%)
661477988   -O                                                                        (1 = 0.6%)
705322609   ---O                                                                      (3 = 1.9%)
805578149   -O                                                                        (1 = 0.6%)
810755299   -O                                                                        (1 = 0.6%)
828084724   -----------------------------O                                            (29 = 18.6%)
854760832   -O                                                                        (1 = 0.6%)
888761441   -O                                                                        (1 = 0.6%)
902138984   -----O                                                                    (5 = 3.2%)
986870865   ----O                                                                     (4 = 2.6%)
1004547038  -O                                                                        (1 = 0.6%)
1035062417  -O                                                                        (1 = 0.6%)
1078164680  --O                                                                       (2 = 1.3%)
1149114043  -O                                                                        (1 = 0.6%)
1262170432  -------O                                                                  (7 = 4.5%)
1321082436  --O                                                                       (2 = 1.3%)
1350795912  -O                                                                        (1 = 0.6%)
1354891390  -O                                                                        (1 = 0.6%)
1404242571  -----------------------------O                                            (29 = 18.6%)
1548358279  -O                                                                        (1 = 0.6%)
1576109827  -O                                                                        (1 = 0.6%)
1604233346  -------O                                                                  (7 = 4.5%)
1607081943  -O                                                                        (1 = 0.6%)
1663717192  -O                                                                        (1 = 0.6%)
1767609109  -----------O                                                              (11 = 7.1%)
1790338714  -O                                                                        (1 = 0.6%)
1832900131  ----O                                                                     (4 = 2.6%)
1866365893  -O                                                                        (1 = 0.6%)
1871083634  -O                                                                        (1 = 0.6%)
1982793904  -O                                                                        (1 = 0.6%)
2037740339  -------O                                                                  (7 = 4.5%)
2066033668  -O                                                                        (1 = 0.6%)

Histogram: UKM.PersistentLogRecall.Status recorded 1 samples, mean = 1.0 (flags = 0x41)
0  O                                                                         (0 = 0.0%)
1  -O                                                                        (1 = 100.0%) {0.0%}
2  ... 

Histogram: UKM.Sources.Dropped recorded 7 samples, mean = 1.0 (flags = 0x41)
0  O                                                                         (0 = 0.0%)
1  -------O                                                                  (7 = 100.0%) {0.0%}
2  ... 

Histogram: UKM.WebDXFeatureSets.Dropped recorded 2 samples, mean = 1.0 (flags = 0x41)
0  O                                                                         (0 = 0.0%)
1  --O                                                                       (2 = 100.0%) {0.0%}
2  ... 

Histogram: UMA.ChildProcess.Ping.Periodic recorded 9 samples, mean = 1.0 (flags = 0x41)
0  ---O                                                                      (3 = 33.3%)
1  ---O                                                                      (3 = 33.3%) {33.3%}
2  ---O                                                                      (3 = 33.3%) {66.7%}
3  O                                                                         (0 = 0.0%) {100.0%}

Histogram: UMA.ChildProcess.Ping.SharedMemorySetUp recorded 25 samples, mean = 1.0 (flags = 0x41)
0  ---------O                                                                (9 = 36.0%)
1  --------O                                                                 (8 = 32.0%) {36.0%}
2  --------O                                                                 (8 = 32.0%) {68.0%}
3  O                                                                         (0 = 0.0%) {100.0%}

Histogram: UMA.CleanExitBeaconConsistency3 recorded 1 samples, mean = 0.0 (flags = 0x41)
0  -O                                                                        (1 = 100.0%)
1  ... 

Histogram: UMA.EntropySourceType recorded 1 samples, mean = 1.0 (flags = 0x41)
0  O                                                                         (0 = 0.0%)
1  -O                                                                        (1 = 100.0%) {0.0%}
2  ... 

Histogram: UMA.LocalHistogram recorded 10 samples, mean = 1.0 (flags = 0x40)
0  O                                                                         (0 = 0.0%)
1  ----------O                                                               (10 = 100.0%) {0.0%}
2  O                                                                         (0 = 0.0%) {100.0%}

Histogram: UMA.MachineIdState recorded 1 samples, mean = 2.0 (flags = 0x41)
0  ... 
2  -O                                                                        (1 = 100.0%) {0.0%}
3  ... 

Histogram: UMA.MetricsIDsReset recorded 1 samples, mean = 1.0 (flags = 0x41)
0  O                                                                         (0 = 0.0%)
1  -O                                                                        (1 = 100.0%) {0.0%}
2  O                                                                         (0 = 0.0%) {100.0%}

Histogram: UMA.MetricsService.Initialize.Time recorded 1 samples, mean = 21.0 (flags = 0x41)
0   ... 
21  -O                                                                        (1 = 100.0%) {0.0%}
28  ... 

Histogram: UMA.MetricsService.PendingOngoingLogOnDisable recorded 1 samples, mean = 0.0 (flags = 0x41)
0  -O                                                                        (1 = 100.0%)
1  ... 

Histogram: UMA.PersistentAllocator.BrowserMetrics.Errors recorded 0 samples (flags = 0x41)
0 ... 

Histogram: UMA.PersistentAllocator.BrowserMetrics.UsedPct recorded 0 samples (flags = 0x41)
0 ... 

Histogram: UMA.PersistentAllocator.EarlyHistograms.BrowserMetrics recorded 1 samples, mean = 1.0 (flags = 0x41)
0  O                                                                         (0 = 0.0%)
1  -O                                                                        (1 = 100.0%) {0.0%}
2  ... 

Histogram: UMA.PersistentAllocator.EarlyHistograms.GpuMetrics recorded 1 samples, mean = 25.0 (flags = 0x41)
0   ... 
25  -O                                                                        (1 = 100.0%) {0.0%}
26  ... 

Histogram: UMA.PersistentAllocator.EarlyHistograms.RendererMetrics recorded 3 samples, mean = 28.7 (flags = 0x41)
0   ... 
25  -O                                                                        (1 = 33.3%) {0.0%}
26  ... 
30  --O                                                                       (2 = 66.7%) {33.3%}
32  ... 

Histogram: UMA.PersistentAllocator.EarlyHistograms.UtilityMetrics recorded 4 samples, mean = 7.0 (flags = 0x41)
0  ... 
7  ----O                                                                     (4 = 100.0%) {0.0%}
8  ... 

Histogram: UMA.PersistentAllocator.FieldTrialAllocator.Errors recorded 0 samples (flags = 0x41)
0 ... 

Histogram: UMA.PersistentAllocator.FieldTrialAllocator.UsedPct recorded 9 samples, mean = 0.0 (flags = 0x41)
0  ---------O                                                                (9 = 100.0%)
1  ... 

Histogram: UMA.PersistentHistograms.InitResult recorded 1 samples, mean = 2.0 (flags = 0x41)
0  ... 
2  -O                                                                        (1 = 100.0%) {0.0%}
3  ... 

Histogram: UMA.Pseudo.PageLoad.LayoutInstability.CumulativeShiftScore recorded 1 samples, mean = 0.0 (flags = 0x41)
0  -O                                                                        (1 = 100.0%)
1  ... 

Histogram: UMA.Pseudo.PageLoad.LayoutInstability.MaxCumulativeShiftScore.SessionWindow.Gap1000ms.Max5000ms2 recorded 1 samples, mean = 0.0 (flags = 0x41)
0  -O                                                                        (1 = 100.0%)
1  ... 

Histogram: UnifiedConsent.MakeSearchesAndBrowsingBetter.OnProfileLoad recorded 1 samples, mean = 0.0 (flags = 0x41)
0  -O                                                                        (1 = 100.0%)
1  ... 

Histogram: V8.CollectSourcePositions recorded 4 samples, mean = 132.0 (flags = 0x41)
0    ... 
65   -O                                                                        (1 = 25.0%) {0.0%}
86   -O                                                                        (1 = 25.0%) {25.0%}
113  O                                                                         (0 = 0.0%) {50.0%}
149  --O                                                                       (2 = 50.0%) {50.0%}
196  ... 

Histogram: V8.CompileLazyMicroSeconds recorded 5 samples, mean = 5924.4 (flags = 0x41)
0      ... 
55     -O                                                                        (1 = 20.0%) {0.0%}
76     ... 
1447   -O                                                                        (1 = 20.0%) {20.0%}
2008   -O                                                                        (1 = 20.0%) {40.0%}
2786   ... 
5362   -O                                                                        (1 = 20.0%) {60.0%}
7439   ... 
19866  -O                                                                        (1 = 20.0%) {80.0%}
27562  ... 

Histogram: V8.CompileMicroSeconds recorded 22 samples, mean = 34.9 (flags = 0x41)
0    ... 
4    ------O                                                                   (6 = 27.3%) {0.0%}
5    -----O                                                                    (5 = 22.7%) {27.3%}
7    -O                                                                        (1 = 4.5%) {50.0%}
9    O                                                                         (0 = 0.0%) {54.5%}
12   -O                                                                        (1 = 4.5%) {54.5%}
16   --O                                                                       (2 = 9.1%) {59.1%}
21   --O                                                                       (2 = 9.1%) {68.2%}
28   -O                                                                        (1 = 4.5%) {77.3%}
37   -O                                                                        (1 = 4.5%) {81.8%}
49   O                                                                         (0 = 0.0%) {86.4%}
65   -O                                                                        (1 = 4.5%) {86.4%}
86   ... 
196  --O                                                                       (2 = 9.1%) {90.9%}
258  ... 

Histogram: V8.CompileScript.CacheBehaviour recorded 48 samples, mean = 9.2 (flags = 0x41)
0   ... 
4   ----------------O                                                         (16 = 33.3%) {0.0%}
5   ... 
8   --O                                                                       (2 = 4.2%) {33.3%}
9   ... 
12  --------------------------O                                               (26 = 54.2%) {37.5%}
13  ----O                                                                     (4 = 8.3%) {91.7%}
14  ... 

Histogram: V8.CompileScriptMicroSeconds recorded 48 samples, mean = 50.2 (flags = 0x41)
0    ... 
4    --O                                                                       (2 = 4.2%) {0.0%}
5    -O                                                                        (1 = 2.1%) {4.2%}
7    ------O                                                                   (6 = 12.5%) {6.2%}
9    ---------O                                                                (9 = 18.8%) {18.8%}
12   ------O                                                                   (6 = 12.5%) {37.5%}
16   ----O                                                                     (4 = 8.3%) {50.0%}
21   ------O                                                                   (6 = 12.5%) {58.3%}
28   ---O                                                                      (3 = 6.2%) {70.8%}
37   --O                                                                       (2 = 4.2%) {77.1%}
49   ----O                                                                     (4 = 8.3%) {81.2%}
65   O                                                                         (0 = 0.0%) {89.6%}
86   -O                                                                        (1 = 2.1%) {89.6%}
113  -O                                                                        (1 = 2.1%) {91.7%}
149  ... 
258  -O                                                                        (1 = 2.1%) {93.8%}
340  O                                                                         (0 = 0.0%) {95.8%}
448  --O                                                                       (2 = 4.2%) {95.8%}
590  ... 

Histogram: V8.CompileScriptMicroSeconds.BackgroundThread recorded 26 samples, mean = 10618.4 (flags = 0x41)
0      ... 
149    --O                                                                       (2 = 7.7%) {0.0%}
196    ----O                                                                     (4 = 15.4%) {7.7%}
258    O                                                                         (0 = 0.0%) {23.1%}
340    --O                                                                       (2 = 7.7%) {23.1%}
448    O                                                                         (0 = 0.0%) {30.8%}
590    --O                                                                       (2 = 7.7%) {30.8%}
777    --O                                                                       (2 = 7.7%) {38.5%}
1023   -O                                                                        (1 = 3.8%) {46.2%}
1347   -O                                                                        (1 = 3.8%) {50.0%}
1774   --O                                                                       (2 = 7.7%) {53.8%}
2336   -O                                                                        (1 = 3.8%) {61.5%}
3077   O                                                                         (0 = 0.0%) {65.4%}
4053   -O                                                                        (1 = 3.8%) {65.4%}
5338   -O                                                                        (1 = 3.8%) {69.2%}
7031   -O                                                                        (1 = 3.8%) {73.1%}
9260   -O                                                                        (1 = 3.8%) {76.9%}
12196  -O                                                                        (1 = 3.8%) {80.8%}
16063  O                                                                         (0 = 0.0%) {84.6%}
21156  -O                                                                        (1 = 3.8%) {84.6%}
27864  -O                                                                        (1 = 3.8%) {88.5%}
36699  ... 
63662  -O                                                                        (1 = 3.8%) {92.3%}
83848  -O                                                                        (1 = 3.8%) {96.2%}
110434 ... 

Histogram: V8.CompileScriptMicroSeconds.NoCache.InlineScript recorded 16 samples, mean = 52.9 (flags = 0x41)
0    ... 
9    -O                                                                        (1 = 6.2%) {0.0%}
12   -O                                                                        (1 = 6.2%) {6.2%}
16   ---O                                                                      (3 = 18.8%) {12.5%}
21   ---O                                                                      (3 = 18.8%) {31.2%}
28   --O                                                                       (2 = 12.5%) {50.0%}
37   O                                                                         (0 = 0.0%) {62.5%}
49   ---O                                                                      (3 = 18.8%) {62.5%}
65   -O                                                                        (1 = 6.2%) {81.2%}
86   O                                                                         (0 = 0.0%) {87.5%}
113  -O                                                                        (1 = 6.2%) {87.5%}
149  ... 
258  -O                                                                        (1 = 6.2%) {93.8%}
340  ... 

Histogram: V8.CompileScriptMicroSeconds.NoCache.Other recorded 6 samples, mean = 215.3 (flags = 0x41)
0    ... 
28   -O                                                                        (1 = 16.7%) {0.0%}
37   --O                                                                       (2 = 33.3%) {16.7%}
49   ... 
86   -O                                                                        (1 = 16.7%) {50.0%}
113  ... 
448  --O                                                                       (2 = 33.3%) {66.7%}
590  ... 

Histogram: V8.CompileScriptMicroSeconds.StreamingFinalization recorded 26 samples, mean = 12.3 (flags = 0x41)
0   ... 
4   -O                                                                        (1 = 3.8%) {0.0%}
5   --O                                                                       (2 = 7.7%) {3.8%}
7   ----O                                                                     (4 = 15.4%) {11.5%}
9   ----------O                                                               (10 = 38.5%) {26.9%}
12  ---O                                                                      (3 = 11.5%) {65.4%}
16  ---O                                                                      (3 = 11.5%) {76.9%}
21  --O                                                                       (2 = 7.7%) {88.5%}
28  -O                                                                        (1 = 3.8%) {96.2%}
37  ... 

Histogram: V8.ErrorsThrownPerContext recorded 1 samples, mean = 0.0 (flags = 0x41)
0  -O                                                                        (1 = 100.0%)
1  ... 

Histogram: V8.GC.Cycle.CollectionRate.Full recorded 1 samples, mean = 78.0 (flags = 0x41)
0   ... 
64  -O                                                                        (1 = 100.0%) {0.0%}
80  ... 

Histogram: V8.GC.Cycle.CollectionRate.Full.Cpp recorded 1 samples, mean = 56.0 (flags = 0x41)
0   ... 
51  -O                                                                        (1 = 100.0%) {0.0%}
64  ... 

Histogram: V8.GC.Cycle.CollectionRate.Young recorded 9 samples, mean = 34.9 (flags = 0x41)
0   ... 
17  -O                                                                        (1 = 11.1%) {0.0%}
21  --O                                                                       (2 = 22.2%) {11.1%}
26  O                                                                         (0 = 0.0%) {33.3%}
33  ---O                                                                      (3 = 33.3%) {33.3%}
41  --O                                                                       (2 = 22.2%) {66.7%}
51  -O                                                                        (1 = 11.1%) {88.9%}
64  ... 

Histogram: V8.GC.Cycle.CollectionWeight.Full recorded 1 samples, mean = 0.0 (flags = 0x41)
0  -O                                                                        (1 = 100.0%)
1  ... 

Histogram: V8.GC.Cycle.CollectionWeight.Full.Cpp recorded 1 samples, mean = 0.0 (flags = 0x41)
0  -O                                                                        (1 = 100.0%)
1  ... 

Histogram: V8.GC.Cycle.CollectionWeight.MainThread.Full recorded 1 samples, mean = 0.0 (flags = 0x41)
0  -O                                                                        (1 = 100.0%)
1  ... 

Histogram: V8.GC.Cycle.CollectionWeight.MainThread.Full.Cpp recorded 1 samples, mean = 0.0 (flags = 0x41)
0  -O                                                                        (1 = 100.0%)
1  ... 

Histogram: V8.GC.Cycle.Efficiency.Full recorded 1 samples, mean = 67.0 (flags = 0x41)
0   ... 
65  -O                                                                        (1 = 100.0%) {0.0%}
88  ... 

Histogram: V8.GC.Cycle.Efficiency.Full.Cpp recorded 1 samples, mean = 372.0 (flags = 0x41)
0    ... 
302  -O                                                                        (1 = 100.0%) {0.0%}
411  ... 

Histogram: V8.GC.Cycle.Efficiency.MainThread.Full recorded 1 samples, mean = 348.0 (flags = 0x41)
0    ... 
302  -O                                                                        (1 = 100.0%) {0.0%}
411  ... 

Histogram: V8.GC.Cycle.Efficiency.MainThread.Full.Cpp recorded 1 samples, mean = 634.0 (flags = 0x41)
0    ... 
559  -O                                                                        (1 = 100.0%) {0.0%}
760  ... 

Histogram: V8.GC.Cycle.Efficiency.MainThread.Young recorded 9 samples, mean = 1706.6 (flags = 0x41)
0     ... 
302   -O                                                                        (1 = 11.1%) {0.0%}
411   -O                                                                        (1 = 11.1%) {11.1%}
559   -O                                                                        (1 = 11.1%) {22.2%}
760   ... 
1407  --O                                                                       (2 = 22.2%) {33.3%}
1914  --O                                                                       (2 = 22.2%) {55.6%}
2604  --O                                                                       (2 = 22.2%) {77.8%}
3542  ... 

Histogram: V8.GC.Cycle.Efficiency.Young recorded 9 samples, mean = 666.3 (flags = 0x41)
0     ... 
163   -O                                                                        (1 = 11.1%) {0.0%}
222   O                                                                         (0 = 0.0%) {11.1%}
302   --O                                                                       (2 = 22.2%) {11.1%}
411   --O                                                                       (2 = 22.2%) {33.3%}
559   O                                                                         (0 = 0.0%) {55.6%}
760   --O                                                                       (2 = 22.2%) {55.6%}
1034  --O                                                                       (2 = 22.2%) {77.8%}
1407  ... 

Histogram: V8.GC.Cycle.Full recorded 1 samples, mean = 51.0 (flags = 0x41)
0   ... 
48  -O                                                                        (1 = 100.0%) {0.0%}
57  ... 

Histogram: V8.GC.Cycle.Full.Compact recorded 1 samples, mean = 10.0 (flags = 0x41)
0   ... 
10  -O                                                                        (1 = 100.0%) {0.0%}
12  ... 

Histogram: V8.GC.Cycle.Full.Compact.Cpp recorded 1 samples, mean = 2.0 (flags = 0x41)
0  ... 
2  -O                                                                        (1 = 100.0%) {0.0%}
3  ... 

Histogram: V8.GC.Cycle.Full.Cpp recorded 1 samples, mean = 10.0 (flags = 0x41)
0   ... 
10  -O                                                                        (1 = 100.0%) {0.0%}
12  ... 

Histogram: V8.GC.Cycle.Full.Mark recorded 1 samples, mean = 30.0 (flags = 0x41)
0   ... 
29  -O                                                                        (1 = 100.0%) {0.0%}
34  ... 

Histogram: V8.GC.Cycle.Full.Mark.Cpp recorded 1 samples, mean = 5.0 (flags = 0x41)
0  ... 
5  -O                                                                        (1 = 100.0%) {0.0%}
6  ... 

Histogram: V8.GC.Cycle.Full.Sweep recorded 1 samples, mean = 6.0 (flags = 0x41)
0  ... 
6  -O                                                                        (1 = 100.0%) {0.0%}
7  ... 

Histogram: V8.GC.Cycle.Full.Sweep.Cpp recorded 1 samples, mean = 2.0 (flags = 0x41)
0  ... 
2  -O                                                                        (1 = 100.0%) {0.0%}
3  ... 

Histogram: V8.GC.Cycle.Full.Weak recorded 1 samples, mean = 0.0 (flags = 0x41)
0  -O                                                                        (1 = 100.0%)
1  ... 

Histogram: V8.GC.Cycle.Full.Weak.Cpp recorded 1 samples, mean = 0.0 (flags = 0x41)
0  -O                                                                        (1 = 100.0%)
1  ... 

Histogram: V8.GC.Cycle.MainThread.Full recorded 1 samples, mean = 9.0 (flags = 0x41)
0  ... 
8  -O                                                                        (1 = 100.0%) {0.0%}
10 ... 

Histogram: V8.GC.Cycle.MainThread.Full.Atomic recorded 1 samples, mean = 7.0 (flags = 0x41)
0  ... 
7  -O                                                                        (1 = 100.0%) {0.0%}
8  ... 

Histogram: V8.GC.Cycle.MainThread.Full.Atomic.Compact recorded 1 samples, mean = 2.0 (flags = 0x41)
0  ... 
2  -O                                                                        (1 = 100.0%) {0.0%}
3  ... 

Histogram: V8.GC.Cycle.MainThread.Full.Atomic.Compact.Cpp recorded 1 samples, mean = 2.0 (flags = 0x41)
0  ... 
2  -O                                                                        (1 = 100.0%) {0.0%}
3  ... 

Histogram: V8.GC.Cycle.MainThread.Full.Atomic.Cpp recorded 1 samples, mean = 2.0 (flags = 0x41)
0  ... 
2  -O                                                                        (1 = 100.0%) {0.0%}
3  ... 

Histogram: V8.GC.Cycle.MainThread.Full.Atomic.Mark recorded 1 samples, mean = 0.0 (flags = 0x41)
0  -O                                                                        (1 = 100.0%)
1  ... 

Histogram: V8.GC.Cycle.MainThread.Full.Atomic.Mark.Cpp recorded 1 samples, mean = 0.0 (flags = 0x41)
0  -O                                                                        (1 = 100.0%)
1  ... 

Histogram: V8.GC.Cycle.MainThread.Full.Atomic.Sweep recorded 1 samples, mean = 0.0 (flags = 0x41)
0  -O                                                                        (1 = 100.0%)
1  ... 

Histogram: V8.GC.Cycle.MainThread.Full.Atomic.Sweep.Cpp recorded 1 samples, mean = 0.0 (flags = 0x41)
0  -O                                                                        (1 = 100.0%)
1  ... 

Histogram: V8.GC.Cycle.MainThread.Full.Atomic.Weak recorded 1 samples, mean = 0.0 (flags = 0x41)
0  -O                                                                        (1 = 100.0%)
1  ... 

Histogram: V8.GC.Cycle.MainThread.Full.Atomic.Weak.Cpp recorded 1 samples, mean = 0.0 (flags = 0x41)
0  -O                                                                        (1 = 100.0%)
1  ... 

Histogram: V8.GC.Cycle.MainThread.Full.Compact recorded 1 samples, mean = 2.0 (flags = 0x41)
0  ... 
2  -O                                                                        (1 = 100.0%) {0.0%}
3  ... 

Histogram: V8.GC.Cycle.MainThread.Full.Compact.Cpp recorded 1 samples, mean = 2.0 (flags = 0x41)
0  ... 
2  -O                                                                        (1 = 100.0%) {0.0%}
3  ... 

Histogram: V8.GC.Cycle.MainThread.Full.Cpp recorded 1 samples, mean = 6.0 (flags = 0x41)
0  ... 
6  -O                                                                        (1 = 100.0%) {0.0%}
7  ... 

Histogram: V8.GC.Cycle.MainThread.Full.Incremental.Mark recorded 1 samples, mean = 2.0 (flags = 0x41)
0  ... 
2  -O                                                                        (1 = 100.0%) {0.0%}
3  ... 

Histogram: V8.GC.Cycle.MainThread.Full.Incremental.Mark.Cpp recorded 1 samples, mean = 1.0 (flags = 0x41)
0  O                                                                         (0 = 0.0%)
1  -O                                                                        (1 = 100.0%) {0.0%}
2  ... 

Histogram: V8.GC.Cycle.MainThread.Full.Incremental.Mark.StartStop recorded 1 samples, mean = 4.0 (flags = 0x41)
0  ... 
4  -O                                                                        (1 = 100.0%) {0.0%}
5  ... 

Histogram: V8.GC.Cycle.MainThread.Full.Incremental.Sweep recorded 1 samples, mean = 0.0 (flags = 0x41)
0  -O                                                                        (1 = 100.0%)
1  ... 

Histogram: V8.GC.Cycle.MainThread.Full.Incremental.Sweep.Cpp recorded 1 samples, mean = 1.0 (flags = 0x41)
0  O                                                                         (0 = 0.0%)
1  -O                                                                        (1 = 100.0%) {0.0%}
2  ... 

Histogram: V8.GC.Cycle.MainThread.Full.Mark recorded 1 samples, mean = 2.0 (flags = 0x41)
0  ... 
2  -O                                                                        (1 = 100.0%) {0.0%}
3  ... 

Histogram: V8.GC.Cycle.MainThread.Full.Mark.Cpp recorded 1 samples, mean = 2.0 (flags = 0x41)
0  ... 
2  -O                                                                        (1 = 100.0%) {0.0%}
3  ... 

Histogram: V8.GC.Cycle.MainThread.Full.Sweep recorded 1 samples, mean = 0.0 (flags = 0x41)
0  -O                                                                        (1 = 100.0%)
1  ... 

Histogram: V8.GC.Cycle.MainThread.Full.Sweep.Cpp recorded 1 samples, mean = 1.0 (flags = 0x41)
0  O                                                                         (0 = 0.0%)
1  -O                                                                        (1 = 100.0%) {0.0%}
2  ... 

Histogram: V8.GC.Cycle.MainThread.Full.Weak recorded 1 samples, mean = 0.0 (flags = 0x41)
0  -O                                                                        (1 = 100.0%)
1  ... 

Histogram: V8.GC.Cycle.MainThread.Full.Weak.Cpp recorded 1 samples, mean = 0.0 (flags = 0x41)
0  -O                                                                        (1 = 100.0%)
1  ... 

Histogram: V8.GC.Cycle.MainThread.Young recorded 9 samples, mean = 0.3 (flags = 0x41)
0  ------O                                                                   (6 = 66.7%)
1  ---O                                                                      (3 = 33.3%) {66.7%}
2  ... 

Histogram: V8.GC.Cycle.Memory.Freed.Full recorded 1 samples, mean = 7680.0 (flags = 0x41)
0     ... 
6554  -O                                                                        (1 = 100.0%) {0.0%}
8915  ... 

Histogram: V8.GC.Cycle.Memory.Freed.Full.Cpp recorded 1 samples, mean = 3584.0 (flags = 0x41)
0     ... 
3542  -O                                                                        (1 = 100.0%) {0.0%}
4818  ... 

Histogram: V8.GC.Cycle.Objects.After.Full recorded 1 samples, mean = 12605.0 (flags = 0x41)
0      ... 
12127  -O                                                                        (1 = 100.0%) {0.0%}
16496  ... 

Histogram: V8.GC.Cycle.Objects.After.Full.Cpp recorded 1 samples, mean = 5249.0 (flags = 0x41)
0     ... 
4818  -O                                                                        (1 = 100.0%) {0.0%}
6554  ... 

Histogram: V8.GC.Cycle.Objects.Before.Full recorded 1 samples, mean = 16082.0 (flags = 0x41)
0      ... 
12127  -O                                                                        (1 = 100.0%) {0.0%}
16496  ... 

Histogram: V8.GC.Cycle.Objects.Before.Full.Cpp recorded 1 samples, mean = 9265.0 (flags = 0x41)
0     ... 
8915  -O                                                                        (1 = 100.0%) {0.0%}
12127 ... 

Histogram: V8.GC.Cycle.Objects.Freed.Full recorded 1 samples, mean = 3477.0 (flags = 0x41)
0     ... 
2604  -O                                                                        (1 = 100.0%) {0.0%}
3542  ... 

Histogram: V8.GC.Cycle.Objects.Freed.Full.Cpp recorded 1 samples, mean = 4016.0 (flags = 0x41)
0     ... 
3542  -O                                                                        (1 = 100.0%) {0.0%}
4818  ... 

Histogram: V8.GC.Cycle.Reason.Full recorded 1 samples, mean = 9.0 (flags = 0x41)
0  ... 
9  -O                                                                        (1 = 100.0%) {0.0%}
10 ... 

Histogram: V8.GC.Cycle.Reason.Young recorded 9 samples, mean = 4.7 (flags = 0x41)
0   O                                                                         (0 = 0.0%)
1   ------O                                                                   (6 = 66.7%) {0.0%}
2   ... 
12  ---O                                                                      (3 = 33.3%) {66.7%}
13  ... 

Histogram: V8.GC.Cycle.Young recorded 9 samples, mean = 1.6 (flags = 0x41)
0  O                                                                         (0 = 0.0%)
1  ------O                                                                   (6 = 66.7%) {0.0%}
2  --O                                                                       (2 = 22.2%) {66.7%}
3  O                                                                         (0 = 0.0%) {88.9%}
4  -O                                                                        (1 = 11.1%) {88.9%}
5  ... 

Histogram: V8.GC.Event.MainThread.Full.Finalize.Incremental.ReduceMemory recorded 2 samples, mean = 4.5 (flags = 0x41)
0  ... 
2  -O                                                                        (1 = 50.0%) {0.0%}
3  ... 
7  -O                                                                        (1 = 50.0%) {50.0%}
8  ... 

Histogram: V8.GC.Event.MainThread.Full.Finalize.Incremental.ReduceMemory.Foreground recorded 2 samples, mean = 4.5 (flags = 0x41)
0  ... 
2  -O                                                                        (1 = 50.0%) {0.0%}
3  ... 
7  -O                                                                        (1 = 50.0%) {50.0%}
8  ... 

Histogram: V8.GC.Event.MainThread.Full.Incremental.Mark recorded 56 samples, mean = 0.0 (flags = 0x41)
0  --------------------------------------------------------O                 (56 = 100.0%)
1  ... 

Histogram: V8.GC.Event.MainThread.Full.Incremental.Mark.Cpp recorded 58 samples, mean = 0.0 (flags = 0x41)
0  ----------------------------------------------------------O               (58 = 100.0%)
1  ... 

Histogram: V8.GC.Event.MainThread.Full.Incremental.Sweep.Cpp recorded 97 samples, mean = 0.0 (flags = 0x41)
0  ------------------------------------------------------------------------O (96 = 99.0%)
1  -O                                                                        (1 = 1.0%) {99.0%}
2  ... 

Histogram: V8.GC.TimeToSafepoint recorded 13 samples, mean = 7.6 (flags = 0x41)
0   ----------O                                                               (10 = 76.9%)
1   --O                                                                       (2 = 15.4%) {76.9%}
2   ... 
76  -O                                                                        (1 = 7.7%) {92.3%}
105 ... 

Histogram: V8.GCIncrementalMarking recorded 68 samples, mean = 0.0 (flags = 0x41)
0  ------------------------------------------------------------------O       (66 = 97.1%)
1  --O                                                                       (2 = 2.9%) {97.1%}
2  ... 

Histogram: V8.GCIncrementalMarkingReason recorded 2 samples, mean = 17.0 (flags = 0x41)
0   ... 
17  --O                                                                       (2 = 100.0%) {0.0%}
18  ... 

Histogram: V8.GCIncrementalMarkingStart recorded 2 samples, mean = 0.0 (flags = 0x41)
0  --O                                                                       (2 = 100.0%)
1  ... 

Histogram: V8.GCMarkCompactReason recorded 1 samples, mean = 9.0 (flags = 0x41)
0  ... 
9  -O                                                                        (1 = 100.0%) {0.0%}
10 ... 

Histogram: V8.GCScavenger.ScavengeMain recorded 9 samples, mean = 0.0 (flags = 0x41)
0  ---------O                                                                (9 = 100.0%)
1  ... 

Histogram: V8.GCScavenger.ScavengeRoots recorded 9 samples, mean = 0.0 (flags = 0x41)
0  ---------O                                                                (9 = 100.0%)
1  ... 

Histogram: V8.JSDispatchTableEntriesCount recorded 2 samples, mean = 0.0 (flags = 0x41)
0  --O                                                                       (2 = 100.0%)
1  ... 

Histogram: V8.LocalWindowProxy.CreateContextTime recorded 4 samples, mean = 1.0 (flags = 0x41)
0  --O                                                                       (2 = 50.0%)
1  O                                                                         (0 = 0.0%) {50.0%}
2  --O                                                                       (2 = 50.0%) {50.0%}
3  ... 

Histogram: V8.LocalWindowProxy.InitializeTime recorded 4 samples, mean = 2.0 (flags = 0x41)
0  O                                                                         (0 = 0.0%)
1  --O                                                                       (2 = 50.0%) {0.0%}
2  O                                                                         (0 = 0.0%) {50.0%}
3  --O                                                                       (2 = 50.0%) {50.0%}
4  ... 

Histogram: V8.MaglevOptimizeExecute recorded 153 samples, mean = 273.9 (flags = 0x41)
0     ... 
16    -O                                                                        (1 = 0.7%) {0.0%}
20    -O                                                                        (1 = 0.7%) {0.7%}
25    ---O                                                                      (3 = 2.0%) {1.3%}
31    -O                                                                        (1 = 0.7%) {3.3%}
39    -------O                                                                  (7 = 4.6%) {3.9%}
49    ---O                                                                      (3 = 2.0%) {8.5%}
61    ------O                                                                   (6 = 3.9%) {10.5%}
76    ------------O                                                             (12 = 7.8%) {14.4%}
95    ------------------O                                                       (18 = 11.8%) {22.2%}
119   -------------O                                                            (13 = 8.5%) {34.0%}
149   --------------------O                                                     (20 = 13.1%) {42.5%}
186   ---------------O                                                          (15 = 9.8%) {55.6%}
233   -------------------O                                                      (19 = 12.4%) {65.4%}
292   ----------------O                                                         (16 = 10.5%) {77.8%}
365   -----O                                                                    (5 = 3.3%) {88.2%}
457   ----O                                                                     (4 = 2.6%) {91.5%}
572   O                                                                         (0 = 0.0%) {94.1%}
716   -O                                                                        (1 = 0.7%) {94.1%}
896   ----O                                                                     (4 = 2.6%) {94.8%}
1122  -O                                                                        (1 = 0.7%) {97.4%}
1404  ... 
2199  --O                                                                       (2 = 1.3%) {98.0%}
2753  ... 
4313  -O                                                                        (1 = 0.7%) {99.3%}
5399  ... 

Histogram: V8.MaglevOptimizeFinalize recorded 153 samples, mean = 6.0 (flags = 0x41)
0   -------O                                                                  (7 = 4.6%)
1   ----------------O                                                         (16 = 10.5%) {4.6%}
2   --------O                                                                 (8 = 5.2%) {15.0%}
3   ----------------------O                                                   (22 = 14.4%) {20.3%}
4   ----------------O                                                         (16 = 10.5%) {34.6%}
5   -------------------------O                                                (25 = 16.3%) {45.1%}
6   ---------------------------O                                              (27 = 17.6%) {61.4%}
8   -----------O                                                              (11 = 7.2%) {79.1%}
10  --------O                                                                 (8 = 5.2%) {86.3%}
13  -----O                                                                    (5 = 3.3%) {91.5%}
16  --O                                                                       (2 = 1.3%) {94.8%}
20  ---O                                                                      (3 = 2.0%) {96.1%}
25  -O                                                                        (1 = 0.7%) {98.0%}
31  -O                                                                        (1 = 0.7%) {98.7%}
39  O                                                                         (0 = 0.0%) {99.3%}
49  -O                                                                        (1 = 0.7%) {99.3%}
61  ... 

Histogram: V8.MaglevOptimizePrepare recorded 153 samples, mean = 0.1 (flags = 0x41)
0  ------------------------------------------------------------------------O (134 = 87.6%)
1  ----------O                                                               (19 = 12.4%) {87.6%}
2  ... 

Histogram: V8.MaglevOptimizeTotalTime recorded 153 samples, mean = 891.8 (flags = 0x41)
0      ... 
37     -O                                                                        (1 = 0.7%) {0.0%}
49     -----O                                                                    (5 = 3.3%) {0.7%}
65     ----O                                                                     (4 = 2.6%) {3.9%}
86     -------------O                                                            (13 = 8.5%) {6.5%}
113    ----------------O                                                         (16 = 10.5%) {15.0%}
149    ---------------------O                                                    (21 = 13.7%) {25.5%}
196    ---------------------------O                                              (27 = 17.6%) {39.2%}
258    ---------------------------O                                              (27 = 17.6%) {56.9%}
340    ---------------O                                                          (15 = 9.8%) {74.5%}
448    -------O                                                                  (7 = 4.6%) {84.3%}
590    ---O                                                                      (3 = 2.0%) {88.9%}
777    ---O                                                                      (3 = 2.0%) {90.8%}
1023   ----O                                                                     (4 = 2.6%) {92.8%}
1347   -O                                                                        (1 = 0.7%) {95.4%}
1774   -O                                                                        (1 = 0.7%) {96.1%}
2336   -O                                                                        (1 = 0.7%) {96.7%}
3077   O                                                                         (0 = 0.0%) {97.4%}
4053   -O                                                                        (1 = 0.7%) {97.4%}
5338   ... 
21156  --O                                                                       (2 = 1.3%) {98.0%}
27864  -O                                                                        (1 = 0.7%) {99.3%}
36699  ... 

Histogram: V8.MemoryExternalFragmentationCodeSpace recorded 11 samples, mean = 52.5 (flags = 0x41)
0   ... 
13  -O                                                                        (1 = 9.1%) {0.0%}
14  -O                                                                        (1 = 9.1%) {9.1%}
15  ... 
18  -O                                                                        (1 = 9.1%) {18.2%}
19  ... 
32  -O                                                                        (1 = 9.1%) {27.3%}
33  ... 
35  -O                                                                        (1 = 9.1%) {36.4%}
36  ... 
65  -O                                                                        (1 = 9.1%) {45.5%}
66  ... 
74  -O                                                                        (1 = 9.1%) {54.5%}
75  ... 
78  -O                                                                        (1 = 9.1%) {63.6%}
79  -O                                                                        (1 = 9.1%) {72.7%}
80  ... 
82  -O                                                                        (1 = 9.1%) {81.8%}
83  ... 
88  -O                                                                        (1 = 9.1%) {90.9%}
89  ... 

Histogram: V8.MemoryExternalFragmentationLoSpace recorded 11 samples, mean = 1.9 (flags = 0x41)
0  O                                                                         (0 = 0.0%)
1  ------O                                                                   (6 = 54.5%) {0.0%}
2  O                                                                         (0 = 0.0%) {54.5%}
3  -----O                                                                    (5 = 45.5%) {54.5%}
4  ... 

Histogram: V8.MemoryExternalFragmentationOldSpace recorded 11 samples, mean = 8.7 (flags = 0x41)
0   ... 
3   -O                                                                        (1 = 9.1%) {0.0%}
4   O                                                                         (0 = 0.0%) {9.1%}
5   -O                                                                        (1 = 9.1%) {9.1%}
6   -O                                                                        (1 = 9.1%) {18.2%}
7   O                                                                         (0 = 0.0%) {27.3%}
8   -O                                                                        (1 = 9.1%) {27.3%}
9   ---O                                                                      (3 = 27.3%) {36.4%}
10  --O                                                                       (2 = 18.2%) {63.6%}
11  ... 
13  -O                                                                        (1 = 9.1%) {81.8%}
14  -O                                                                        (1 = 9.1%) {90.9%}
15  ... 

Histogram: V8.MemoryExternalFragmentationTotal recorded 11 samples, mean = 40.4 (flags = 0x41)
0   ... 
16  --O                                                                       (2 = 18.2%) {0.0%}
17  ... 
34  -O                                                                        (1 = 9.1%) {18.2%}
35  ... 
42  ---O                                                                      (3 = 27.3%) {27.3%}
43  ... 
47  -O                                                                        (1 = 9.1%) {54.5%}
48  O                                                                         (0 = 0.0%) {63.6%}
49  -O                                                                        (1 = 9.1%) {63.6%}
50  ... 
52  ---O                                                                      (3 = 27.3%) {72.7%}
53  ... 

Histogram: V8.MemoryHeapSampleCodeSpaceCommitted recorded 11 samples, mean = 907.6 (flags = 0x41)
0     -------O                                                                  (7 = 63.6%)
1000  -O                                                                        (1 = 9.1%) {63.6%}
1138  -O                                                                        (1 = 9.1%) {72.7%}
1295  O                                                                         (0 = 0.0%) {81.8%}
1474  --O                                                                       (2 = 18.2%) {81.8%}
1678  ... 

Histogram: V8.MemoryHeapSampleMaximumCommitted recorded 11 samples, mean = 14428.7 (flags = 0x41)
0      ... 
3649   -O                                                                        (1 = 9.1%) {0.0%}
4153   ... 
6124   -O                                                                        (1 = 9.1%) {9.1%}
6971   ... 
9032   -O                                                                        (1 = 9.1%) {18.2%}
10281  --O                                                                       (2 = 18.2%) {27.3%}
11702  -O                                                                        (1 = 9.1%) {45.5%}
13320  ... 
17257  -O                                                                        (1 = 9.1%) {54.5%}
19642  --O                                                                       (2 = 18.2%) {63.6%}
22357  --O                                                                       (2 = 18.2%) {81.8%}
25447  ... 

Histogram: V8.MemoryHeapSampleTotalCommitted recorded 11 samples, mean = 13009.1 (flags = 0x41)
0      ... 
3649   -O                                                                        (1 = 9.1%) {0.0%}
4153   ... 
6124   -O                                                                        (1 = 9.1%) {9.1%}
6971   ... 
9032   -O                                                                        (1 = 9.1%) {18.2%}
10281  --O                                                                       (2 = 18.2%) {27.3%}
11702  -O                                                                        (1 = 9.1%) {45.5%}
13320  --O                                                                       (2 = 18.2%) {54.5%}
15161  O                                                                         (0 = 0.0%) {72.7%}
17257  -O                                                                        (1 = 9.1%) {72.7%}
19642  --O                                                                       (2 = 18.2%) {81.8%}
22357  ... 

Histogram: V8.MemoryHeapSampleTotalUsed recorded 11 samples, mean = 7705.4 (flags = 0x41)
0      ... 
2475   -O                                                                        (1 = 9.1%) {0.0%}
2817   ... 
3649   -O                                                                        (1 = 9.1%) {9.1%}
4153   -O                                                                        (1 = 9.1%) {18.2%}
4727   -O                                                                        (1 = 9.1%) {27.3%}
5380   -O                                                                        (1 = 9.1%) {36.4%}
6124   O                                                                         (0 = 0.0%) {45.5%}
6971   -O                                                                        (1 = 9.1%) {45.5%}
7935   -O                                                                        (1 = 9.1%) {54.5%}
9032   O                                                                         (0 = 0.0%) {63.6%}
10281  -O                                                                        (1 = 9.1%) {63.6%}
11702  ---O                                                                      (3 = 27.3%) {72.7%}
13320  ... 

Histogram: V8.RegExpBacktracks recorded 261 samples, mean = 1.7 (flags = 0x41)
0    ------O                                                                   (18 = 6.9%)
1    ------------------------------------------------------------------------O (229 = 87.7%) {6.9%}
2    --O                                                                       (5 = 1.9%) {94.6%}
3    -O                                                                        (4 = 1.5%) {96.6%}
4    -O                                                                        (3 = 1.1%) {98.1%}
6    O                                                                         (0 = 0.0%) {99.2%}
9    O                                                                         (1 = 0.4%) {99.2%}
13   ... 
127  O                                                                         (1 = 0.4%) {99.6%}
185  ... 

Histogram: V8.SandboxedCodePointersCount recorded 2 samples, mean = 1133.5 (flags = 0x41)
0     ... 
977   -O                                                                        (1 = 50.0%) {0.0%}
1136  -O                                                                        (1 = 50.0%) {50.0%}
1321  ... 

Histogram: V8.SandboxedCppHeapPointersCount recorded 2 samples, mean = 4401.5 (flags = 0x41)
0     ... 
537   -O                                                                        (1 = 50.0%) {0.0%}
638   ... 
7152  -O                                                                        (1 = 50.0%) {50.0%}
8499  ... 

Histogram: V8.SandboxedExternalPointersCount recorded 13 samples, mean = 2313.5 (flags = 0x41)
0      ----O                                                                     (4 = 30.8%)
1      ... 
29     -O                                                                        (1 = 7.7%) {30.8%}
34     -O                                                                        (1 = 7.7%) {38.5%}
40     ... 
81     -O                                                                        (1 = 7.7%) {46.2%}
96     ... 
190    -O                                                                        (1 = 7.7%) {53.8%}
226    ... 
758    --O                                                                       (2 = 15.4%) {61.5%}
901    ... 
1798   -O                                                                        (1 = 7.7%) {76.9%}
2137   ... 
12002  --O                                                                       (2 = 15.4%) {84.6%}
14263  ... 

Histogram: V8.SandboxedTrustedPointersCount recorded 2 samples, mean = 3888.0 (flags = 0x41)
0     ... 
3799  --O                                                                       (2 = 100.0%) {0.0%}
4418  ... 

Histogram: V8.SnapshotDeserializeContextMicroSeconds recorded 6 samples, mean = 604.2 (flags = 0x41)
0    ... 
258  -O                                                                        (1 = 16.7%) {0.0%}
340  -O                                                                        (1 = 16.7%) {16.7%}
448  O                                                                         (0 = 0.0%) {33.3%}
590  --O                                                                       (2 = 33.3%) {33.3%}
777  --O                                                                       (2 = 33.3%) {66.7%}
1023 ... 

Histogram: V8.TurboFan1KTicks recorded 6 samples, mean = 44.8 (flags = 0x41)
0    ... 
2    -O                                                                        (1 = 16.7%) {0.0%}
3    ... 
5    -O                                                                        (1 = 16.7%) {16.7%}
6    ... 
15   -O                                                                        (1 = 16.7%) {33.3%}
16   ... 
37   -O                                                                        (1 = 16.7%) {50.0%}
39   ... 
45   -O                                                                        (1 = 16.7%) {66.7%}
47   ... 
156  -O                                                                        (1 = 16.7%) {83.3%}
164  ... 

Histogram: V8.TurboFanOptimizeConcurrentTotalTime recorded 5 samples, mean = 3387.4 (flags = 0x41)
0     ... 
542   -O                                                                        (1 = 20.0%) {0.0%}
752   -O                                                                        (1 = 20.0%) {20.0%}
1043  ... 
2786  -O                                                                        (1 = 20.0%) {40.0%}
3865  -O                                                                        (1 = 20.0%) {60.0%}
5362  -O                                                                        (1 = 20.0%) {80.0%}
7439  ... 

Histogram: V8.TurboFanOptimizeExecute recorded 5 samples, mean = 3141.0 (flags = 0x41)
0     ... 
448   -O                                                                        (1 = 20.0%) {0.0%}
590   -O                                                                        (1 = 20.0%) {20.0%}
777   ... 
3077  -O                                                                        (1 = 20.0%) {40.0%}
4053  -O                                                                        (1 = 20.0%) {60.0%}
5338  -O                                                                        (1 = 20.0%) {80.0%}
7031  ... 

Histogram: V8.TurboFanOptimizeFinalize recorded 5 samples, mean = 23.4 (flags = 0x41)
0   ... 
9   -O                                                                        (1 = 20.0%) {0.0%}
12  O                                                                         (0 = 0.0%) {20.0%}
16  --O                                                                       (2 = 40.0%) {20.0%}
21  O                                                                         (0 = 0.0%) {60.0%}
28  -O                                                                        (1 = 20.0%) {60.0%}
37  -O                                                                        (1 = 20.0%) {80.0%}
49  ... 

Histogram: V8.TurboFanOptimizeForOnStackReplacementExecute recorded 1 samples, mean = 25548.0 (flags = 0x41)
0      ... 
21156  -O                                                                        (1 = 100.0%) {0.0%}
27864  ... 

Histogram: V8.TurboFanOptimizeForOnStackReplacementFinalize recorded 1 samples, mean = 121.0 (flags = 0x41)
0    ... 
113  -O                                                                        (1 = 100.0%) {0.0%}
149  ... 

Histogram: V8.TurboFanOptimizeForOnStackReplacementPrepare recorded 1 samples, mean = 8.0 (flags = 0x41)
0  ... 
7  -O                                                                        (1 = 100.0%) {0.0%}
9  ... 

Histogram: V8.TurboFanOptimizeForOnStackReplacementTotalTime recorded 1 samples, mean = 31066.0 (flags = 0x41)
0      ... 
27562  -O                                                                        (1 = 100.0%) {0.0%}
38240  ... 

Histogram: V8.TurboFanOptimizePrepare recorded 5 samples, mean = 7.8 (flags = 0x41)
0  ... 
5  -O                                                                        (1 = 20.0%) {0.0%}
7  ---O                                                                      (3 = 60.0%) {20.0%}
9  -O                                                                        (1 = 20.0%) {80.0%}
12 ... 

Histogram: V8.TurboFanOptimizeTotalBackground recorded 5 samples, mean = 3141.0 (flags = 0x41)
0     ... 
542   -O                                                                        (1 = 20.0%) {0.0%}
752   -O                                                                        (1 = 20.0%) {20.0%}
1043  ... 
2786  -O                                                                        (1 = 20.0%) {40.0%}
3865  -O                                                                        (1 = 20.0%) {60.0%}
5362  -O                                                                        (1 = 20.0%) {80.0%}
7439  ... 

Histogram: V8.TurboFanOptimizeTotalForeground recorded 5 samples, mean = 31.2 (flags = 0x41)
0   ... 
15  -O                                                                        (1 = 20.0%) {0.0%}
21  --O                                                                       (2 = 40.0%) {20.0%}
29  O                                                                         (0 = 0.0%) {60.0%}
40  --O                                                                       (2 = 40.0%) {60.0%}
55  ... 

Histogram: V8.TurboFanOptimizeTotalTime recorded 5 samples, mean = 3387.4 (flags = 0x41)
0     ... 
542   -O                                                                        (1 = 20.0%) {0.0%}
752   -O                                                                        (1 = 20.0%) {20.0%}
1043  ... 
2786  -O                                                                        (1 = 20.0%) {40.0%}
3865  -O                                                                        (1 = 20.0%) {60.0%}
5362  -O                                                                        (1 = 20.0%) {80.0%}
7439  ... 

Histogram: Variations.ExtendedSafeMode.BeaconFileStateAtStartup recorded 1 samples, mean = 0.0 (flags = 0x41)
0  -O                                                                        (1 = 100.0%)
1  ... 

Histogram: Variations.ExtendedSafeMode.BeaconFileWrite recorded 2 samples, mean = 1.0 (flags = 0x41)
0  O                                                                         (0 = 0.0%)
1  --O                                                                       (2 = 100.0%) {0.0%}
2  O                                                                         (0 = 0.0%) {100.0%}

Histogram: Variations.ForcedFieldTrialsAtStartupForInternalsPage recorded 1 samples, mean = 0.0 (flags = 0x41)
0  -O                                                                        (1 = 100.0%)
1  ... 

Histogram: Variations.Headers.ExperimentCount recorded 92 samples, mean = 1.0 (flags = 0x41)
0  O                                                                         (0 = 0.0%)
1  ------------------------------------------------------------------------O (92 = 100.0%) {0.0%}
2  ... 

Histogram: Variations.Headers.HasLowEntropySourceValue recorded 92 samples, mean = 1.0 (flags = 0x41)
0  O                                                                         (0 = 0.0%)
1  ------------------------------------------------------------------------O (92 = 100.0%) {0.0%}
2  O                                                                         (0 = 0.0%) {100.0%}

Histogram: Variations.Headers.RequestContextCategory recorded 51 samples, mean = 3.9 (flags = 0x41)
0  -O                                                                        (1 = 2.0%)
1  ... 
4  --------------------------------------------------O                       (50 = 98.0%) {2.0%}
5  ... 

Histogram: Variations.Headers.URLValidationResult.Append recorded 51 samples, mean = 2.0 (flags = 0x41)
0  ... 
2  ---------------------------------------------------O                      (51 = 100.0%) {0.0%}
3  ... 

Histogram: Variations.Headers.URLValidationResult.Remove recorded 3 samples, mean = 2.0 (flags = 0x41)
0  ... 
2  ---O                                                                      (3 = 100.0%) {0.0%}
3  ... 

Histogram: Variations.Limits.VariationKeySize.Default recorded 23 samples, mean = 0.0 (flags = 0x41)
0  -----------------------O                                                  (23 = 100.0%)
1  ... 

Histogram: Variations.LoadPermanentConsistencyCountryResult recorded 1 samples, mean = 0.0 (flags = 0x41)
0  -O                                                                        (1 = 100.0%)
1  ... 

Histogram: Variations.PolicyRestriction recorded 1 samples, mean = 0.0 (flags = 0x41)
0  -O                                                                        (1 = 100.0%)
1  ... 

Histogram: Variations.SafeMode.Streak.Crashes recorded 1 samples (flags = 0x41)
0  -O                                                                        (1 = 100.0%)

Histogram: Variations.SafeMode.Streak.FetchFailures recorded 1 samples (flags = 0x41)
0  -O                                                                        (1 = 100.0%)

Histogram: Variations.SeedLoadResult recorded 1 samples, mean = 1.0 (flags = 0x41)
0  O                                                                         (0 = 0.0%)
1  -O                                                                        (1 = 100.0%) {0.0%}
2  ... 

Histogram: Variations.SeedUsage recorded 1 samples, mean = 2.0 (flags = 0x41)
0  ... 
2  -O                                                                        (1 = 100.0%) {0.0%}
3  ... 

Histogram: Variations.UserChannel recorded 1 samples (flags = 0x41)
-1 -O                                                                        (1 = 100.0%)

Histogram: Views.Browser.NumColorProvidersInitializedDuringOnNativeThemeUpdated recorded 3 samples, mean = 0.0 (flags = 0x41)
0  ---O                                                                      (3 = 100.0%)
1  ... 

Histogram: Views.Browser.TimeSpentInitializingColorProvider recorded 3 samples, mean = 0.3 (flags = 0x41)
0  --O                                                                       (2 = 66.7%)
1  -O                                                                        (1 = 33.3%) {66.7%}
2  ... 

Histogram: Views.Browser.TimeSpentProcessingOnNativeThemeUpdatedEvent recorded 3 samples, mean = 0.0 (flags = 0x41)
0  ---O                                                                      (3 = 100.0%)
1  ... 

Histogram: Views.ColorProviderCacheSize recorded 3 samples, mean = 2.0 (flags = 0x41)
0  O                                                                         (0 = 0.0%)
1  -O                                                                        (1 = 33.3%) {0.0%}
2  -O                                                                        (1 = 33.3%) {33.3%}
3  -O                                                                        (1 = 33.3%) {66.7%}
4  ... 

Histogram: Viz.FrameSink.GpuBusyDuration recorded 1 samples, mean = 7835.0 (flags = 0x41)
0     ... 
7753  -O                                                                        (1 = 100.0%) {0.0%}
8981  ... 

Histogram: Viz.FrameSinkVideoCapturer.CaptureDuration recorded 1 samples, mean = 72.0 (flags = 0x41)
0   ... 
67  -O                                                                        (1 = 100.0%) {0.0%}
75  ... 

Histogram: Viz.FrameSinkVideoCapturer.CaptureSucceeded recorded 1 samples, mean = 1.0 (flags = 0x41)
0  O                                                                         (0 = 0.0%)
1  -O                                                                        (1 = 100.0%) {0.0%}
2  O                                                                         (0 = 0.0%) {100.0%}

Histogram: Viz.FrameSinkVideoCapturer.FrameResurrected recorded 1 samples, mean = 0.0 (flags = 0x41)
0  -O                                                                        (1 = 100.0%)
1  ... 

Histogram: Viz.FrameSinkVideoCapturer.RGBA.CaptureDuration recorded 1 samples, mean = 72.0 (flags = 0x41)
0   ... 
67  -O                                                                        (1 = 100.0%) {0.0%}
75  ... 

Histogram: Viz.FrameSinkVideoCapturer.RGBA.CaptureSucceeded recorded 1 samples, mean = 1.0 (flags = 0x41)
0  O                                                                         (0 = 0.0%)
1  -O                                                                        (1 = 100.0%) {0.0%}
2  O                                                                         (0 = 0.0%) {100.0%}

Histogram: Viz.FrameSinkVideoCapturer.ReserveFrameDuration recorded 1 samples, mean = 64.0 (flags = 0x41)
0   ... 
64  -O                                                                        (1 = 100.0%) {0.0%}
70  ... 

Histogram: Viz.FrameSinkVideoCapturer.TotalDuration recorded 1 samples, mean = 72.0 (flags = 0x41)
0   ... 
67  -O                                                                        (1 = 100.0%) {0.0%}
75  ... 

Histogram: WebAuthentication.Windows.KeyCredentialManagerSupported recorded 1 samples, mean = 0.0 (flags = 0x41)
0  -O                                                                        (1 = 100.0%)
1  ... 

Histogram: WebContentsObserver.DOMContentLoaded recorded 3 samples, mean = 0.0 (flags = 0x41)
0  ---O                                                                      (3 = 100.0%)
1  ... 

Histogram: WebContentsObserver.DidChangeVisibleSecurityState recorded 2 samples, mean = 0.0 (flags = 0x41)
0  --O                                                                       (2 = 100.0%)
1  ... 

Histogram: WebContentsObserver.DidFinishLoad recorded 3 samples, mean = 0.0 (flags = 0x41)
0  ---O                                                                      (3 = 100.0%)
1  ... 

Histogram: WebContentsObserver.DidFinishNavigation recorded 5 samples, mean = 0.0 (flags = 0x41)
0  -----O                                                                    (5 = 100.0%)
1  ... 

Histogram: WebContentsObserver.DidFirstVisuallyNonEmptyPaint recorded 1 samples, mean = 0.0 (flags = 0x41)
0  -O                                                                        (1 = 100.0%)
1  ... 

Histogram: WebContentsObserver.DidRedirectNavigation recorded 1 samples, mean = 0.0 (flags = 0x41)
0  -O                                                                        (1 = 100.0%)
1  ... 

Histogram: WebContentsObserver.DidStartLoading recorded 1 samples, mean = 0.0 (flags = 0x41)
0  -O                                                                        (1 = 100.0%)
1  ... 

Histogram: WebContentsObserver.DidStartNavigation recorded 5 samples, mean = 0.0 (flags = 0x41)
0  -----O                                                                    (5 = 100.0%)
1  ... 

Histogram: WebContentsObserver.DidStartNavigation.MainFrame recorded 3 samples, mean = 0.0 (flags = 0x41)
0  ---O                                                                      (3 = 100.0%)
1  ... 

Histogram: WebContentsObserver.DidStartNavigation.Subframe recorded 2 samples, mean = 0.0 (flags = 0x41)
0  --O                                                                       (2 = 100.0%)
1  ... 

Histogram: WebContentsObserver.DidStopLoading recorded 1 samples, mean = 0.0 (flags = 0x41)
0  -O                                                                        (1 = 100.0%)
1  ... 

Histogram: WebContentsObserver.DidUpdateNavigationHandleTiming recorded 5 samples, mean = 0.0 (flags = 0x41)
0  -----O                                                                    (5 = 100.0%)
1  ... 

Histogram: WebContentsObserver.LoadProgressChanged recorded 10 samples, mean = 0.0 (flags = 0x41)
0  ----------O                                                               (10 = 100.0%)
1  ... 

Histogram: WebContentsObserver.NavigationEntryChanged recorded 3 samples, mean = 0.0 (flags = 0x41)
0  ---O                                                                      (3 = 100.0%)
1  ... 

Histogram: WebContentsObserver.NavigationEntryCommitted recorded 2 samples, mean = 0.0 (flags = 0x41)
0  --O                                                                       (2 = 100.0%)
1  ... 

Histogram: WebContentsObserver.PrimaryMainDocumentElementAvailable recorded 1 samples, mean = 0.0 (flags = 0x41)
0  -O                                                                        (1 = 100.0%)
1  ... 

Histogram: WebContentsObserver.RenderFrameCreated recorded 4 samples, mean = 0.0 (flags = 0x41)
0  ----O                                                                     (4 = 100.0%)
1  ... 

Histogram: WebContentsObserver.RenderFrameDeleted recorded 4 samples, mean = 0.0 (flags = 0x41)
0  ----O                                                                     (4 = 100.0%)
1  ... 

Histogram: WebContentsObserver.RenderViewReady recorded 2 samples, mean = 0.0 (flags = 0x41)
0  --O                                                                       (2 = 100.0%)
1  ... 

Histogram: WebContentsObserver.TitleWasSet recorded 1 samples, mean = 0.0 (flags = 0x41)
0  -O                                                                        (1 = 100.0%)
1  ... 

Histogram: WebCore.Scripts.Async.StartedStreaming recorded 26 samples, mean = 1.0 (flags = 0x41)
0  O                                                                         (0 = 0.0%)
1  --------------------------O                                               (26 = 100.0%) {0.0%}
2  O                                                                         (0 = 0.0%) {100.0%}

Histogram: WebCore.Scripts.Other.NotStreamingReason recorded 17 samples, mean = 11.0 (flags = 0x41)
0   ... 
11  -----------------O                                                        (17 = 100.0%) {0.0%}
12  ... 

Histogram: WebCore.Scripts.Other.StartedStreaming recorded 17 samples, mean = 0.0 (flags = 0x41)
0  -----------------O                                                        (17 = 100.0%)
1  ... 

Histogram: WebCore.Scripts.V8CodeCacheMetadata.Get recorded 49 samples, mean = 0.0 (flags = 0x41)
0  -------------------------------------------------O                        (49 = 100.0%)
1  ... 

Histogram: WebCore.Scripts.V8CodeCacheMetadata.Set recorded 23 samples, mean = 0.0 (flags = 0x41)
0  -----------------------O                                                  (23 = 100.0%)
1  ... 

Histogram: WebCore.Scripts.V8CompileHintsStatus recorded 44 samples, mean = 10.4 (flags = 0x41)
0   ... 
10  --------------------------O                                               (26 = 59.1%) {0.0%}
11  ------------------O                                                       (18 = 40.9%) {59.1%}
12  ... 

Histogram: WebCore.Scripts.V8CrowdsourcedCompileHints.ModelQuality recorded 1 samples, mean = 0.0 (flags = 0x41)
0  -O                                                                        (1 = 100.0%)
1  ... 

Histogram: WebDatabase.InitResult recorded 2 samples, mean = 0.0 (flags = 0x41)
0  --O                                                                       (2 = 100.0%)
1  ... 

Histogram: WebFont.CacheHit recorded 5 samples, mean = 0.6 (flags = 0x41)
0  ----O                                                                     (4 = 80.0%)
1  ... 
3  -O                                                                        (1 = 20.0%) {80.0%}
4  O                                                                         (0 = 0.0%) {100.0%}

Histogram: WebFont.Clients.RenderBlockingFonts.ExpiredFonts recorded 1 samples, mean = 1.0 (flags = 0x41)
0  O                                                                         (0 = 0.0%)
1  -O                                                                        (1 = 100.0%) {0.0%}
2  O                                                                         (0 = 0.0%) {100.0%}

Histogram: WebFont.HadBlankText recorded 1 samples, mean = 0.0 (flags = 0x41)
0  -O                                                                        (1 = 100.0%)
1  ... 

Histogram: WebFont.LocalFontUsed recorded 1 samples, mean = 1.0 (flags = 0x41)
0  O                                                                         (0 = 0.0%)
1  -O                                                                        (1 = 100.0%) {0.0%}
2  O                                                                         (0 = 0.0%) {100.0%}

Histogram: Windows.AcLayersLoaded recorded 1 samples, mean = 0.0 (flags = 0x41)
0  -O                                                                        (1 = 100.0%)
1  ... 

Histogram: Windows.CetAvailable recorded 1 samples, mean = 0.0 (flags = 0x41)
0  -O                                                                        (1 = 100.0%)
1  ... 

Histogram: Windows.DisplayIdFromDeviceId recorded 52 samples, mean = 3.0 (flags = 0x41)
0  ... 
3  ----------------------------------------------------O                     (52 = 100.0%) {0.0%}
4  O                                                                         (0 = 0.0%) {100.0%}

Histogram: Windows.DisplayIdFromDeviceKey recorded 52 samples, mean = 3.0 (flags = 0x41)
0  ... 
3  ----------------------------------------------------O                     (52 = 100.0%) {0.0%}
4  O                                                                         (0 = 0.0%) {100.0%}

Histogram: Windows.Enclave.SGX.Available recorded 1 samples, mean = 0.0 (flags = 0x41)
0  -O                                                                        (1 = 100.0%)
1  ... 

Histogram: Windows.Enclave.SGX2.Available recorded 1 samples, mean = 0.0 (flags = 0x41)
0  -O                                                                        (1 = 100.0%)
1  ... 

Histogram: Windows.Enclave.VBS.Available recorded 1 samples, mean = 0.0 (flags = 0x41)
0  -O                                                                        (1 = 100.0%)
1  ... 

Histogram: Windows.Enclave.VBSBasic.Available recorded 1 samples, mean = 0.0 (flags = 0x41)
0  -O                                                                        (1 = 100.0%)
1  ... 

Histogram: Windows.HasHighResolutionTimeTicks recorded 1 samples, mean = 1.0 (flags = 0x41)
0  O                                                                         (0 = 0.0%)
1  -O                                                                        (1 = 100.0%) {0.0%}
2  O                                                                         (0 = 0.0%) {100.0%}

Histogram: Windows.HasThreadTicks recorded 1 samples, mean = 1.0 (flags = 0x41)
0  O                                                                         (0 = 0.0%)
1  -O                                                                        (1 = 100.0%) {0.0%}
2  O                                                                         (0 = 0.0%) {100.0%}

Histogram: Windows.HighResolutionTimerUsage recorded 30 samples, mean = 0.0 (flags = 0x41)
0  ------------------------------O                                           (30 = 100.0%)
1  ... 

Histogram: Windows.HypervPresent recorded 1 samples, mean = 0.0 (flags = 0x41)
0  -O                                                                        (1 = 100.0%)
1  ... 

Histogram: Windows.LegacyDisplayIdAlgorithm recorded 108 samples, mean = 0.0 (flags = 0x41)
0  ------------------------------------------------------------------------O (108 = 100.0%)
1  ... 

Histogram: Windows.ParallelDllLoadingEnabled recorded 1 samples, mean = 1.0 (flags = 0x41)
0  O                                                                         (0 = 0.0%)
1  -O                                                                        (1 = 100.0%) {0.0%}
2  O                                                                         (0 = 0.0%) {100.0%}

Histogram: Windows.PatchLevel recorded 1 samples (flags = 0x41)
1717051855  -O                                                                        (1 = 100.0%)

Histogram: Windows.PatchLevelKernel32 recorded 1 samples (flags = 0x41)
1710498121  -O                                                                        (1 = 100.0%)

Histogram: Windows.ProcessorFamily recorded 1 samples (flags = 0x41)
107  -O                                                                        (1 = 100.0%)

Histogram: Windows.ProcessorVirtualizationFirmwareEnabled recorded 1 samples, mean = 1.0 (flags = 0x41)
0  O                                                                         (0 = 0.0%)
1  -O                                                                        (1 = 100.0%) {0.0%}
2  O                                                                         (0 = 0.0%) {100.0%}


